sample_index_in_test,global_index,active_count,active_count_interval,field_rmse_pa,field_mae_pa,field_r2,roi_curve_rmse_pa,roi_curve_mae_pa,high_response_rmse_pa,true_peak_pa,true_peak_freq_mhz,true_center_6db_mhz,true_bandwidth_6db_mhz,true_fbw_6db,pred_peak_pa,abs_err_peak_pa,pred_peak_freq_mhz,abs_err_peak_freq_mhz,pred_center_6db_mhz,abs_err_center_6db_mhz,pred_bandwidth_6db_mhz,abs_err_bandwidth_6db_mhz,pred_fbw_6db,abs_err_fbw_6db
0,4380,2064,1679-2092,547.0274897132343,206.5266636129628,0.9995938867835087,496.8684160605354,164.84641431725544,1504.6971576083658,192728.5,3.55,3.775,0.4500000000000002,0.11920529801324509,190423.078125,2305.421875,3.55,0.0,3.775,0.0,0.4500000000000002,0.0,0.11920529801324509,0.0
1,1098,2480,2093-2500,147.36036976259294,68.70028179453975,0.9999766188163448,214.56152330440483,102.98298445991848,378.3903944235843,217650.34375,3.55,3.775,0.4500000000000002,0.11920529801324509,218231.921875,581.578125,3.55,0.0,3.775,0.0,0.4500000000000002,0.0,0.11920529801324509,0.0
2,1479,108,101-159,153.61476962411024,68.55619494678871,0.9808686083938758,56.325145618100336,32.50165524690048,362.8550366279628,6843.052734375,3.55,3.825,1.35,0.35294117647058826,6759.2529296875,83.7998046875,3.55,0.0,3.825,0.0,1.35,0.0,0.35294117647058826,0.0
3,3514,1407,1268-1678,531.1155342432199,192.40889234141474,0.9992355981006057,353.36992763518435,187.72365404211956,1492.0771501913327,129033.1015625,3.55,3.775,0.4500000000000002,0.11920529801324509,129889.34375,856.2421875,3.55,0.0,3.775,0.0,0.4500000000000002,0.0,0.11920529801324509,0.0
4,7494,1742,1679-2092,498.1839024132683,198.8313469418733,0.9995588788784432,363.7236103557847,178.25056258491847,1369.6013862229827,163952.9375,3.55,3.775,0.4500000000000002,0.11920529801324509,163412.8125,540.125,3.55,0.0,3.775,0.0,0.4500000000000002,0.0,0.11920529801324509,0.0
5,6075,1213,849-1267,457.90030626197836,180.3583412162449,0.9992432434816207,304.05897746735553,153.74606190557066,1170.8541498836996,108321.96875,3.55,3.775,0.4500000000000002,0.11920529801324509,109431.9921875,1110.0234375,3.55,0.0,3.775,0.0,0.4500000000000002,0.0,0.11920529801324509,0.0
6,4302,147,101-159,134.80783318007227,64.15445780001102,0.9911477042883973,73.28105241719624,40.306144382642664,289.9164616828099,9395.234375,3.55,3.825,1.35,0.35294117647058826,9404.646484375,9.412109375,3.55,0.0,3.825,0.0,1.35,0.0,0.35294117647058826,0.0
7,3969,620,428-848,376.90971536002803,158.04299302691584,0.9973320848096248,390.1412069821769,152.8774016007133,982.3761841516281,46366.3984375,4.0,3.575,0.8500000000000001,0.2377622377622378,47316.296875,949.8984375,3.55,0.4500000000000002,3.575,0.0,0.8500000000000001,0.0,0.2377622377622378,0.0
8,7827,806,428-848,460.14213609908484,189.51347588620393,0.9981313817407134,512.7145414345521,218.4771197775136,1274.166217987217,69426.390625,3.55,3.775,0.4500000000000002,0.11920529801324509,67658.6875,1767.703125,3.55,0.0,3.775,0.0,0.4500000000000002,0.0,0.11920529801324509,0.0
9,5177,1098,849-1267,597.0163966522414,216.83177426572053,0.998422105856397,931.8757782738437,287.82305112092394,1762.4244773597293,101383.3203125,3.55,3.775,0.4500000000000002,0.11920529801324509,96984.6484375,4398.671875,3.55,0.0,3.775,0.0,0.4500000000000002,0.0,0.11920529801324509,0.0
10,1671,2369,2093-2500,351.77820162352384,120.45434709472656,0.999859167932771,220.85227828799734,84.30309527853261,930.6365145354628,211147.359375,3.55,3.775,0.4500000000000002,0.11920529801324509,212176.625,1029.265625,3.55,0.0,3.775,0.0,0.4500000000000002,0.0,0.11920529801324509,0.0
11,6427,2112,2093-2500,667.7413072815283,213.08921507886802,0.9994297951559694,928.1897025001545,304.6785304857337,1959.7277914748597,195240.046875,3.55,3.775,0.4500000000000002,0.11920529801324509,195940.984375,700.9375,3.55,0.0,3.775,0.0,0.4500000000000002,0.0,0.11920529801324509,0.0
12,3810,845,428-848,491.66858297074015,187.46088295487112,0.9979744798355268,620.5173679366765,209.41469408118206,1381.2915458477964,71051.1328125,3.55,3.575,0.8500000000000001,0.2377622377622378,72097.0078125,1045.875,3.55,0.0,3.775,0.19999999999999973,0.4500000000000002,0.3999999999999999,0.11920529801324509,0.1185569397489927
13,9970,1877,1679-2092,840.1276202968552,272.31529930313775,0.9988471210570496,1075.2647759348356,386.4662449048913,2385.0458871648566,172474.8125,3.55,3.775,0.4500000000000002,0.11920529801324509,175852.578125,3377.765625,3.55,0.0,3.775,0.0,0.4500000000000002,0.0,0.11920529801324509,0.0
14,8228,2031,1679-2092,1486.8871037063502,369.3043114306906,0.9969437690696222,1227.2371548454428,383.09121306046194,4380.105747794018,185913.140625,3.55,3.775,0.4500000000000002,0.11920529801324509,187819.3125,1906.171875,3.55,0.0,3.775,0.0,0.4500000000000002,0.0,0.11920529801324509,0.0
15,9213,1738,1679-2092,471.96319738110407,189.76686261994735,0.9995959888401363,406.1509887504676,190.25667671535325,1333.0055162047508,160712.484375,3.55,3.775,0.4500000000000002,0.11920529801324509,162171.484375,1459.0,3.55,0.0,3.775,0.0,0.4500000000000002,0.0,0.11920529801324509,0.0
16,8494,189,160-279,168.4445625999324,73.80537389083531,0.9930441334156839,172.26816673895266,84.12095708432405,436.73992471842206,12533.7353515625,3.55,3.825,1.35,0.35294117647058826,12087.8876953125,445.84765625,3.55,0.0,3.825,0.0,1.35,0.0,0.35294117647058826,0.0
17,7744,2300,2093-2500,629.467751447482,194.4297927877675,0.9995248879279567,805.2909957983829,270.3626762058424,1706.0011576724085,205905.125,3.55,3.775,0.4500000000000002,0.11920529801324509,207756.28125,1851.15625,3.55,0.0,3.775,0.0,0.4500000000000002,0.0,0.11920529801324509,0.0
18,2501,226,160-279,178.9857275255495,80.47238464870038,0.9939926094141068,131.3933387803991,75.56551460597827,337.94781524072124,14631.0888671875,3.55,3.825,1.35,0.35294117647058826,14334.0166015625,297.072265625,3.55,0.0,3.825,0.0,1.35,0.0,0.35294117647058826,0.0
19,3566,929,849-1267,606.8644393272294,236.1575194358494,0.9973744715153473,784.9176270475582,317.5744735054348,1735.3958753712964,76796.21875,3.55,3.775,0.4500000000000002,0.11920529801324509,79353.3984375,2557.1796875,3.55,0.0,3.775,0.0,0.4500000000000002,0.0,0.11920529801324509,0.0
20,5230,2253,2093-2500,453.04651188953125,164.07124209223207,0.9997472397816223,791.3220859467036,277.0659816576087,1248.6867643568887,203316.734375,3.55,3.775,0.4500000000000002,0.11920529801324509,204955.71875,1638.984375,3.55,0.0,3.775,0.0,0.4500000000000002,0.0,0.11920529801324509,0.0
21,717,2093,2093-2500,3579.6387003457053,776.7647426097041,0.9845314805139496,5601.984959672371,1292.1688179347825,11122.4832534339,190344.140625,3.55,3.775,0.4500000000000002,0.11920529801324509,191687.125,1342.984375,3.55,0.0,3.775,0.0,0.4500000000000002,0.0,0.11920529801324509,0.0
22,9723,1018,849-1267,665.3489322540305,260.3623516500722,0.9975395669372246,705.2204808769415,316.4919009001359,1888.3419979907703,88468.4375,3.55,3.775,0.4500000000000002,0.11920529801324509,90340.8671875,1872.4296875,3.55,0.0,3.775,0.0,0.4500000000000002,0.0,0.11920529801324509,0.0
23,7933,1630,1268-1678,583.3242994171949,204.46014756920857,0.9993309949288686,634.4340822203761,234.566162109375,1692.8785178968574,153300.765625,3.55,3.775,0.4500000000000002,0.11920529801324509,151835.890625,1464.875,3.55,0.0,3.775,0.0,0.4500000000000002,0.0,0.11920529801324509,0.0
24,2866,712,428-848,350.275704299569,153.93326373689072,0.9984210860618092,222.26848034524122,116.82272206182066,810.8868705938323,56027.3046875,3.55,3.575,0.8500000000000001,0.2377622377622378,56469.92578125,442.62109375,3.55,0.0,3.575,0.0,0.8500000000000001,0.0,0.2377622377622378,0.0
25,9002,1521,1268-1678,555.606878880124,213.79512587306812,0.9992862162041456,471.8039130561819,185.34073539402175,1480.8882404489711,142458.8125,3.55,3.775,0.4500000000000002,0.11920529801324509,141386.78125,1072.03125,3.55,0.0,3.775,0.0,0.4500000000000002,0.0,0.11920529801324509,0.0
26,8489,959,849-1267,480.71827117027135,196.12230960799508,0.998599304675646,429.48378983393354,192.21895698879075,1219.502174736534,84448.7265625,3.55,3.775,0.4500000000000002,0.11920529801324509,83910.9296875,537.796875,3.55,0.0,3.775,0.0,0.4500000000000002,0.0,0.11920529801324509,0.0
27,5103,2119,2093-2500,832.4055956475963,254.45944648384426,0.9990962213322888,491.29394568986606,180.22665803328803,2327.486577484448,193747.359375,3.55,3.775,0.4500000000000002,0.11920529801324509,196024.21875,2276.859375,3.55,0.0,3.775,0.0,0.4500000000000002,0.0,0.11920529801324509,0.0
28,6001,1229,849-1267,608.5011919780839,214.2012147394595,0.9986317203609473,1064.7201535767229,331.41999087126356,1825.1737999405718,107048.921875,3.55,3.775,0.4500000000000002,0.11920529801324509,112064.1328125,5015.2109375,3.55,0.0,3.775,0.0,0.4500000000000002,0.0,0.11920529801324509,0.0
29,7870,91,0-100,136.81524604528673,65.43100661864074,0.9775456679659715,120.87621679025723,57.669797814410664,323.6581823430677,5773.50830078125,3.55,3.825,1.35,0.35294117647058826,5290.849609375,482.65869140625,3.55,0.0,3.825,0.0,1.35,0.0,0.35294117647058826,0.0
30,9335,2210,2093-2500,1186.873625812485,277.168649964175,0.9982201091172441,900.3330548661046,287.8211086107337,2978.6959821377413,201831.34375,3.55,3.775,0.4500000000000002,0.11920529801324509,201451.265625,380.078125,3.55,0.0,3.775,0.0,0.4500000000000002,0.0,0.11920529801324509,0.0
31,8225,2452,2093-2500,278.8973073227699,103.1251768353006,0.9999148251062285,395.92603426892214,144.84523607336956,796.9356992885411,216347.9375,3.55,3.775,0.4500000000000002,0.11920529801324509,216748.375,400.4375,3.55,0.0,3.775,0.0,0.4500000000000002,0.0,0.11920529801324509,0.0
32,7302,859,849-1267,424.48506402036867,177.54098848757536,0.9985341439678935,352.9448153394478,158.86263905400816,1096.0550595317097,72522.8125,3.55,3.775,0.4500000000000002,0.11920529801324509,72343.4765625,179.3359375,3.55,0.0,3.775,0.0,0.4500000000000002,0.0,0.11920529801324509,0.0
33,111,1720,1679-2092,526.1817135782802,198.4493881894319,0.9994905561846064,357.5940194778284,184.10983143682066,1306.6587261545078,160686.546875,3.55,3.775,0.4500000000000002,0.11920529801324509,161581.09375,894.546875,3.55,0.0,3.775,0.0,0.4500000000000002,0.0,0.11920529801324509,0.0
34,358,676,428-848,435.56543476973997,165.29664293192988,0.9975760963406478,442.93596307181997,178.54244331691575,1180.7942209740156,55963.03125,4.0,3.775,0.4500000000000002,0.11920529801324509,54555.6484375,1407.3828125,3.55,0.4500000000000002,3.575,0.19999999999999973,0.8500000000000001,0.3999999999999999,0.2377622377622378,0.1185569397489927
35,2585,316,280-427,188.12674161572252,88.44639503336367,0.9969190102377005,147.2754365188381,79.03632653277853,436.8901157316711,21875.65234375,4.0,3.825,1.35,0.35294117647058826,21882.28515625,6.6328125,3.55,0.4500000000000002,3.825,0.0,1.35,0.0,0.35294117647058826,0.0
36,3217,2219,2093-2500,1209.963759195185,296.909180708114,0.9982533456771076,1735.0161866792632,418.7789147418478,3462.7340536389643,201960.9375,3.55,3.775,0.4500000000000002,0.11920529801324509,201746.4375,214.5,3.55,0.0,3.775,0.0,0.4500000000000002,0.0,0.11920529801324509,0.0
37,1710,1633,1268-1678,527.8803610076724,210.32925226427162,0.999417789637375,613.5722691924228,268.07763671875,1362.784680039604,150862.75,3.55,3.775,0.4500000000000002,0.11920529801324509,152505.765625,1643.015625,3.55,0.0,3.775,0.0,0.4500000000000002,0.0,0.11920529801324509,0.0
38,1090,2106,2093-2500,1069.6207000763793,291.8845429820185,0.9985413628879559,1446.5636190956209,439.63997749660325,3192.153321993252,195673.421875,3.55,3.775,0.4500000000000002,0.11920529801324509,193617.265625,2056.15625,3.55,0.0,3.775,0.0,0.4500000000000002,0.0,0.11920529801324509,0.0
39,6034,1932,1679-2092,625.3403208970417,210.10058979306427,0.9994065909729716,401.22224554762397,170.74271824048913,1619.48349322628,179935.859375,3.55,3.775,0.4500000000000002,0.11920529801324509,179758.265625,177.59375,3.55,0.0,3.775,0.0,0.4500000000000002,0.0,0.11920529801324509,0.0
40,4644,1250,849-1267,553.7528471787657,241.1689869873047,0.9989351673937374,599.7169000284781,263.5830184273098,1519.6057954920823,113256.1015625,3.55,3.775,0.4500000000000002,0.11920529801324509,114092.640625,836.5390625,3.55,0.0,3.775,0.0,0.4500000000000002,0.0,0.11920529801324509,0.0
41,5287,591,428-848,286.6611045798133,130.03219545288087,0.9984307830357657,379.44335927384896,173.52772322944972,745.5868103695867,45738.078125,3.55,3.575,0.8500000000000001,0.2377622377622378,44805.25390625,932.82421875,3.55,0.0,3.575,0.0,0.8500000000000001,0.0,0.2377622377622378,0.0
42,5494,1714,1679-2092,754.4266783615552,242.40495477347997,0.9989630815005343,337.014026113055,163.67463485054347,2125.231186417229,161426.203125,3.55,3.775,0.4500000000000002,0.11920529801324509,160536.546875,889.65625,3.55,0.0,3.775,0.0,0.4500000000000002,0.0,0.11920529801324509,0.0
43,9131,533,428-848,495.61388850568034,198.9395563885896,0.9939112254527059,662.5858868766894,276.4736965013587,1362.6736926090764,42456.03515625,3.55,3.575,0.8500000000000001,0.2377622377622378,40151.21875,2304.81640625,3.55,0.0,3.575,0.0,0.8500000000000001,0.0,0.2377622377622378,0.0
44,5849,2428,2093-2500,223.16680581876133,89.8276849938434,0.999944944870575,163.1204892002141,75.83543860394022,564.7603878520043,214858.359375,3.55,3.775,0.4500000000000002,0.11920529801324509,215317.78125,459.421875,3.55,0.0,3.775,0.0,0.4500000000000002,0.0,0.11920529801324509,0.0
45,8035,1793,1679-2092,535.311956540398,216.4453956322048,0.9995262297843481,911.3170905823497,344.3378587805706,1566.288740207795,171394.703125,3.55,3.775,0.4500000000000002,0.11920529801324509,167609.875,3784.828125,3.55,0.0,3.775,0.0,0.4500000000000002,0.0,0.11920529801324509,0.0
46,4199,2275,2093-2500,1550.6364165579193,351.00598520454736,0.9972045422434435,648.8078616084201,201.18892238451087,4434.591583429864,206548.578125,3.55,3.775,0.4500000000000002,0.11920529801324509,206310.578125,238.0,3.55,0.0,3.775,0.0,0.4500000000000002,0.0,0.11920529801324509,0.0
47,9276,1572,1268-1678,512.759782477311,210.2546469784944,0.9994432908032396,770.7856338265007,319.380615234375,1474.5805794414923,150132.390625,3.55,3.775,0.4500000000000002,0.11920529801324509,146931.125,3201.265625,3.55,0.0,3.775,0.0,0.4500000000000002,0.0,0.11920529801324509,0.0
48,6186,1877,1679-2092,1145.449187003319,285.77100666795815,0.9978613756152505,1782.874899527284,436.2872473675272,3262.076693363146,174725.125,3.55,3.775,0.4500000000000002,0.11920529801324509,174671.8125,53.3125,3.55,0.0,3.775,0.0,0.4500000000000002,0.0,0.11920529801324509,0.0
49,9919,1736,1679-2092,861.4651653312503,288.6199859268852,0.9987264842423179,1273.0500489744559,383.38973335597825,2627.488098970153,168410.34375,3.55,3.775,0.4500000000000002,0.11920529801324509,162440.1875,5970.15625,3.55,0.0,3.775,0.0,0.4500000000000002,0.0,0.11920529801324509,0.0
50,2803,2212,2093-2500,499.57003208512276,164.55112290221504,0.999691699093113,283.7919939471349,112.91926375679348,1356.4241392831225,201441.78125,3.55,3.775,0.4500000000000002,0.11920529801324509,201277.15625,164.625,3.55,0.0,3.775,0.0,0.4500000000000002,0.0,0.11920529801324509,0.0
51,2191,1455,1268-1678,535.4651918805228,202.41013104354195,0.9992565934079869,617.8459434193384,224.5728175951087,1540.2804925958017,134766.203125,3.55,3.775,0.4500000000000002,0.11920529801324509,134199.953125,566.25,3.55,0.0,3.775,0.0,0.4500000000000002,0.0,0.11920529801324509,0.0
52,5768,1260,849-1267,368.9366426996726,171.8531603451936,0.9995540946430309,413.27485865143035,210.702880859375,958.4922610573794,115823.90625,3.55,3.775,0.4500000000000002,0.11920529801324509,114717.09375,1106.8125,3.55,0.0,3.775,0.0,0.4500000000000002,0.0,0.11920529801324509,0.0
53,2919,1084,849-1267,352.2595742453603,161.45140897057576,0.9994242873845413,167.8020254906888,113.22102156929348,877.2160709238789,97362.2421875,3.55,3.775,0.4500000000000002,0.11920529801324509,97548.53125,186.2890625,3.55,0.0,3.775,0.0,0.4500000000000002,0.0,0.11920529801324509,0.0
54,9070,2103,2093-2500,1199.5831569698778,286.51878252311377,0.9981652149669895,1679.4760360272544,412.5898755944294,3562.632633974625,193938.40625,3.55,3.775,0.4500000000000002,0.11920529801324509,194578.515625,640.109375,3.55,0.0,3.775,0.0,0.4500000000000002,0.0,0.11920529801324509,0.0
55,4480,1172,849-1267,530.755497050413,193.62621229884937,0.9988489299120457,404.96125761475304,188.06375785495925,1291.2203306523877,103331.2890625,3.55,3.775,0.4500000000000002,0.11920529801324509,104733.4765625,1402.1875,3.55,0.0,3.775,0.0,0.4500000000000002,0.0,0.11920529801324509,0.0
56,7005,2431,2093-2500,153.03752395309192,71.94828968134341,0.9999742240091005,139.2929373468896,84.892578125,384.1569217949479,214962.84375,3.55,3.775,0.4500000000000002,0.11920529801324509,215363.203125,400.359375,3.55,0.0,3.775,0.0,0.4500000000000002,0.0,0.11920529801324509,0.0
57,579,555,428-848,334.0130219662907,136.68241930993122,0.9975536310846221,428.5818187170569,163.22742495329484,881.6614647833208,44574.46484375,3.55,3.575,0.8500000000000001,0.2377622377622378,42656.578125,1917.88671875,3.55,0.0,3.575,0.0,0.8500000000000001,0.0,0.2377622377622378,0.0
58,4246,2004,1679-2092,817.8907529538654,236.50380960222327,0.999031475053793,946.2705472468484,311.1020189368206,2024.7645009451746,187602.0,3.55,3.775,0.4500000000000002,0.11920529801324509,185987.59375,1614.40625,3.55,0.0,3.775,0.0,0.4500000000000002,0.0,0.11920529801324509,0.0
59,1928,801,428-848,669.6292490030095,241.6465907794455,0.9960150800595612,806.625825272148,290.7000838569973,1857.859991289759,66570.40625,3.55,3.775,0.4500000000000002,0.11920529801324509,66836.3828125,265.9765625,3.55,0.0,3.575,0.19999999999999973,0.8500000000000001,0.3999999999999999,0.2377622377622378,0.1185569397489927
60,8410,2329,2093-2500,394.1871884834147,144.9058384871773,0.9998183008898254,673.537384087837,245.59903617527175,1157.6302690417435,208262.234375,3.55,3.775,0.4500000000000002,0.11920529801324509,210670.375,2408.140625,3.55,0.0,3.775,0.0,0.4500000000000002,0.0,0.11920529801324509,0.0
61,9301,646,428-848,435.7677001037107,169.95610909251337,0.9972230835586959,401.9059334949136,174.24368949558425,1166.9398173054885,51444.57421875,3.55,3.575,0.8500000000000001,0.2377622377622378,50448.14453125,996.4296875,4.0,0.4500000000000002,3.575,0.0,0.8500000000000001,0.0,0.2377622377622378,0.0
62,2490,1265,849-1267,619.3364622271138,250.37015978128184,0.9986685166787163,665.7025164175952,289.532667077106,1805.5522968100665,114293.9375,3.55,3.775,0.4500000000000002,0.11920529801324509,115727.578125,1433.640625,3.55,0.0,3.775,0.0,0.4500000000000002,0.0,0.11920529801324509,0.0
63,3254,75,0-100,97.3435737531115,46.190555666790836,0.9837463439676004,57.88237803119225,26.436710191809613,219.55107298550814,4589.1083984375,3.55,3.825,1.35,0.35294117647058826,4605.849609375,16.7412109375,3.55,0.0,3.825,0.0,1.35,0.0,0.35294117647058826,0.0
64,5484,2221,2093-2500,1077.1799901238574,272.90535038744054,0.99858174293139,969.2780184179936,242.76711107336956,2640.485289369903,203001.5625,3.55,3.775,0.4500000000000002,0.11920529801324509,202942.34375,59.21875,3.55,0.0,3.775,0.0,0.4500000000000002,0.0,0.11920529801324509,0.0
65,2364,1268,1268-1678,443.7968046223876,200.8632984239661,0.999357678075816,546.4950011584358,240.40208899456522,1178.2262326324042,117587.40625,3.55,3.775,0.4500000000000002,0.11920529801324509,115333.9765625,2253.4296875,3.55,0.0,3.775,0.0,0.4500000000000002,0.0,0.11920529801324509,0.0
66,5295,894,849-1267,687.1561000922115,269.6649220336914,0.9969237796539933,952.0168720401102,383.8408786939538,2021.2730838565392,81095.6796875,3.55,3.775,0.4500000000000002,0.11920529801324509,78131.9296875,2963.75,3.55,0.0,3.775,0.0,0.4500000000000002,0.0,0.11920529801324509,0.0
67,6594,1252,849-1267,498.71425925170695,215.17137202705715,0.9991789678084956,603.5126518169153,231.25235118036684,1353.137858824286,114330.96875,3.55,3.775,0.4500000000000002,0.11920529801324509,113918.578125,412.390625,3.55,0.0,3.775,0.0,0.4500000000000002,0.0,0.11920529801324509,0.0
68,3141,149,101-159,119.55939668596282,55.79214370563756,0.9940368326740784,38.29969952993003,26.02745188837466,224.3123558709116,9696.5498046875,3.55,3.825,1.35,0.35294117647058826,9563.5966796875,132.953125,3.55,0.0,3.825,0.0,1.35,0.0,0.35294117647058826,0.0
69,1076,2286,2093-2500,643.7842342437425,189.33856323719854,0.9995083898985737,389.9240367925017,142.2232506793478,1768.2724884540123,207561.546875,3.55,3.775,0.4500000000000002,0.11920529801324509,206484.703125,1076.84375,3.55,0.0,3.775,0.0,0.4500000000000002,0.0,0.11920529801324509,0.0
70,3662,1212,849-1267,631.3653425166311,235.77389343925145,0.9986042511198817,765.2210400135771,225.4431736158288,1848.8403616791502,112748.390625,3.55,3.775,0.4500000000000002,0.11920529801324509,109106.5234375,3641.8671875,3.55,0.0,3.775,0.0,0.4500000000000002,0.0,0.11920529801324509,0.0
71,2623,1395,1268-1678,365.21995047386724,168.33905177439814,0.999635910105109,368.79078886574644,163.01876698369566,986.5294518770901,129375.203125,3.55,3.775,0.4500000000000002,0.11920529801324509,128924.2734375,450.9296875,3.55,0.0,3.775,0.0,0.4500000000000002,0.0,0.11920529801324509,0.0
72,6758,644,428-848,419.2576964613857,186.86483478260868,0.9971211295217027,513.2647838622489,228.38017471976903,1118.14857354278,51502.78515625,4.0,3.775,0.4500000000000002,0.11920529801324509,50530.4765625,972.30859375,4.0,0.0,3.575,0.19999999999999973,0.8500000000000001,0.3999999999999999,0.2377622377622378,0.1185569397489927
73,7847,180,160-279,164.55617737769387,71.81763878770911,0.9925744054059366,96.2100675898962,54.42785113790761,369.6024757634546,11645.7333984375,4.0,3.825,1.35,0.35294117647058826,11891.09375,245.3603515625,3.55,0.4500000000000002,3.825,0.0,1.35,0.0,0.35294117647058826,0.0
74,2830,2065,1679-2092,3625.3640154339023,748.605457558806,0.9801194798415452,6344.005732745925,1441.3304814877717,10787.231394438204,189937.546875,3.55,3.775,0.4500000000000002,0.11920529801324509,191270.796875,1333.25,3.55,0.0,3.775,0.0,0.4500000000000002,0.0,0.11920529801324509,0.0
75,5986,242,160-279,183.02162432392987,83.33633359432635,0.994556030759119,230.48864289695774,95.88034588357677,415.8789720280325,15036.50390625,4.0,3.825,1.35,0.35294117647058826,15758.896484375,722.392578125,3.55,0.4500000000000002,3.825,0.0,1.35,0.0,0.35294117647058826,0.0
76,8526,385,280-427,204.89281056275323,91.78665466192494,0.9976635640934821,120.20023240291104,52.11795707370924,455.8705408174691,26880.578125,3.55,3.825,1.35,0.35294117647058826,26911.9375,31.359375,3.55,0.0,3.825,0.0,1.35,0.0,0.35294117647058826,0.0
77,1130,200,160-279,143.15615940720892,64.58039988898402,0.9953025919091927,121.26769799769498,61.96919847571331,328.8204463620692,12643.013671875,3.55,3.825,1.35,0.35294117647058826,13037.8095703125,394.7958984375,3.55,0.0,3.825,0.0,1.35,0.0,0.35294117647058826,0.0
78,4965,1821,1679-2092,389.6436746065944,176.8443118545532,0.9997534678161287,319.65440637712334,158.7938391644022,1078.7894049342551,172531.265625,3.55,3.775,0.4500000000000002,0.11920529801324509,171439.796875,1091.46875,3.55,0.0,3.775,0.0,0.4500000000000002,0.0,0.11920529801324509,0.0
79,2038,730,428-848,391.08747729862694,151.40704100587266,0.9980693824589096,503.9094867920331,172.46896760360053,1061.9595005305607,56252.55078125,4.0,3.575,0.8500000000000001,0.2377622377622378,57792.390625,1539.83984375,3.55,0.4500000000000002,3.575,0.0,0.8500000000000001,0.0,0.2377622377622378,0.0
80,4695,379,280-427,271.10129915878673,110.14175838543436,0.9958434070905365,226.51714964061253,99.00221053413723,651.2870140811865,27242.607421875,3.55,3.575,0.8500000000000001,0.2377622377622378,26317.767578125,924.83984375,3.55,0.0,3.825,0.25,1.35,0.5,0.35294117647058826,0.11517893870835047
81,8857,589,428-848,393.2989329892299,147.27450797457487,0.9968456415443231,536.718210282318,195.7933747664742,1095.912149297536,44822.80859375,4.0,3.575,0.8500000000000001,0.2377622377622378,45435.37890625,612.5703125,3.55,0.4500000000000002,3.575,0.0,0.8500000000000001,0.0,0.2377622377622378,0.0
82,887,2438,2093-2500,271.2976880130418,99.42119420006793,0.9999198619062105,329.0270859715225,134.36769701086956,744.3569161311563,215553.625,3.55,3.775,0.4500000000000002,0.11920529801324509,215961.1875,407.5625,3.55,0.0,3.775,0.0,0.4500000000000002,0.0,0.11920529801324509,0.0
83,3322,1942,1679-2092,478.6736027223592,171.20762107129303,0.9996558027269454,486.70349571696124,169.70583177649456,1373.4497807816915,181053.359375,3.55,3.775,0.4500000000000002,0.11920529801324509,180961.765625,91.59375,3.55,0.0,3.775,0.0,0.4500000000000002,0.0,0.11920529801324509,0.0
84,8816,1866,1679-2092,413.78805046181816,168.24374765412705,0.999722057013898,315.74953237231904,131.41215183423913,1158.4927547185528,173721.078125,3.55,3.775,0.4500000000000002,0.11920529801324509,173551.578125,169.5,3.55,0.0,3.775,0.0,0.4500000000000002,0.0,0.11920529801324509,0.0
85,2078,1061,849-1267,869.839009526046,309.4109203873344,0.9964968932196162,1091.1929966164603,386.92112134850544,2576.6767484115658,98709.9609375,3.55,3.775,0.4500000000000002,0.11920529801324509,94070.5390625,4639.421875,3.55,0.0,3.775,0.0,0.4500000000000002,0.0,0.11920529801324509,0.0
86,5338,415,280-427,294.21771535056666,131.25313308015907,0.9960306244555736,251.67628680886915,118.88518225628397,691.1266963038468,29090.14453125,3.55,3.825,1.35,0.35294117647058826,29922.54296875,832.3984375,3.55,0.0,3.825,0.0,1.35,0.0,0.35294117647058826,0.0
87,861,1235,849-1267,425.01658289566086,185.62358191077192,0.9993450157416967,433.6423005518403,163.20887291949728,1160.4411525418304,109338.1015625,3.55,3.775,0.4500000000000002,0.11920529801324509,111326.1484375,1988.046875,3.55,0.0,3.775,0.0,0.4500000000000002,0.0,0.11920529801324509,0.0
88,7080,2178,2093-2500,642.6837373660104,211.06213717067553,0.9994790143648575,991.1478296559319,295.90120796535325,1835.2457410150369,201185.640625,3.55,3.775,0.4500000000000002,0.11920529801324509,199914.734375,1270.90625,3.55,0.0,3.775,0.0,0.4500000000000002,0.0,0.11920529801324509,0.0
89,5949,1484,1268-1678,309.2163296128618,143.31348253571883,0.9997658965523717,184.29856305810904,91.00547724184783,735.603252425194,136836.75,3.55,3.775,0.4500000000000002,0.11920529801324509,137636.296875,799.546875,3.55,0.0,3.775,0.0,0.4500000000000002,0.0,0.11920529801324509,0.0
90,3549,2039,1679-2092,943.6662683709623,240.43929950389034,0.998808603781538,732.9613277681706,206.7450534986413,2708.6702046537644,190120.375,3.55,3.775,0.4500000000000002,0.11920529801324509,189863.0,257.375,3.55,0.0,3.775,0.0,0.4500000000000002,0.0,0.11920529801324509,0.0
91,2192,1640,1268-1678,356.3935962416092,161.07917727103856,0.9997453327559128,481.64331277231656,191.7103855298913,928.7261274919812,151023.84375,3.55,3.775,0.4500000000000002,0.11920529801324509,153077.234375,2053.390625,3.55,0.0,3.775,0.0,0.4500000000000002,0.0,0.11920529801324509,0.0
92,8899,2262,2093-2500,415.0760359472262,141.54187668669329,0.9997932420263067,198.11667512273425,96.36605171535327,1153.2780879930522,205400.484375,3.55,3.775,0.4500000000000002,0.11920529801324509,205629.359375,228.875,3.55,0.0,3.775,0.0,0.4500000000000002,0.0,0.11920529801324509,0.0
93,664,1397,1268-1678,333.67647956090855,154.1384109696098,0.9997018699517813,241.2497716945789,136.61597741168478,817.1451200358989,128293.6875,3.55,3.775,0.4500000000000002,0.11920529801324509,128617.7265625,324.0390625,3.55,0.0,3.775,0.0,0.4500000000000002,0.0,0.11920529801324509,0.0
94,8586,2283,2093-2500,325.9796370524383,115.97076693115234,0.9998743696199052,217.56171256601195,88.13894786005434,886.1375498527445,206711.875,3.55,3.775,0.4500000000000002,0.11920529801324509,206401.421875,310.453125,3.55,0.0,3.775,0.0,0.4500000000000002,0.0,0.11920529801324509,0.0
95,1845,834,428-848,518.5763310425498,200.3084769031027,0.9977093069822809,652.0956121976,256.39804475203806,1487.2534221340538,72194.96875,3.55,3.775,0.4500000000000002,0.11920529801324509,69328.3828125,2866.5859375,3.55,0.0,3.575,0.19999999999999973,0.8500000000000001,0.3999999999999999,0.2377622377622378,0.1185569397489927
96,2958,1601,1268-1678,547.071701122646,217.2942344928244,0.9993610069833162,666.4375534005761,251.29587720788044,1588.5513144937495,146011.109375,3.55,3.775,0.4500000000000002,0.11920529801324509,148918.015625,2906.90625,3.55,0.0,3.775,0.0,0.4500000000000002,0.0,0.11920529801324509,0.0
97,4957,357,280-427,197.2440025642429,91.96740005265941,0.9974942382931411,197.34718665713936,93.72558063009511,363.78482168666,25154.0625,3.55,3.825,1.35,0.35294117647058826,24987.5,166.5625,3.55,0.0,3.825,0.0,1.35,0.0,0.35294117647058826,0.0
98,6894,1713,1679-2092,444.2011496419552,178.7525550587364,0.9996312000078564,552.9206104268557,257.81386931046194,1215.6831385954347,159640.59375,3.55,3.775,0.4500000000000002,0.11920529801324509,160892.296875,1251.703125,3.55,0.0,3.775,0.0,0.4500000000000002,0.0,0.11920529801324509,0.0
99,2846,1235,849-1267,540.1448393168598,226.28839400648033,0.9989820043117391,585.2932150760416,273.38808275305706,1504.7521374182259,110315.328125,3.55,3.775,0.4500000000000002,0.11920529801324509,112154.96875,1839.640625,3.55,0.0,3.775,0.0,0.4500000000000002,0.0,0.11920529801324509,0.0
100,3351,1862,1679-2092,447.79071114295414,181.2054191523013,0.9996718974331829,662.7675433459343,238.89182447350544,1269.0732445598082,172804.0625,3.55,3.775,0.4500000000000002,0.11920529801324509,173763.546875,959.484375,3.55,0.0,3.775,0.0,0.4500000000000002,0.0,0.11920529801324509,0.0
101,3918,1836,1679-2092,827.5015080776474,270.6342158840014,0.9988494397313304,670.0835866585905,273.1322074558424,2002.0556001415025,171201.765625,3.55,3.775,0.4500000000000002,0.11920529801324509,170773.734375,428.03125,3.55,0.0,3.775,0.0,0.4500000000000002,0.0,0.11920529801324509,0.0
102,6936,244,160-279,178.93272967334147,81.80207576857858,0.9956229934348352,112.53779528359661,59.45395693571671,419.36557691593595,16936.1328125,3.55,3.825,1.35,0.35294117647058826,16925.5859375,10.546875,4.0,0.4500000000000002,3.825,0.0,1.35,0.0,0.35294117647058826,0.0
103,3936,1862,1679-2092,394.1311894672929,176.31963666381836,0.9997474163424285,455.4910523656043,206.81908118206522,1066.906994547932,171985.359375,3.55,3.775,0.4500000000000002,0.11920529801324509,172772.0,786.640625,3.55,0.0,3.775,0.0,0.4500000000000002,0.0,0.11920529801324509,0.0
104,9742,729,428-848,440.0404512147474,180.35664810631795,0.9977695206265477,576.8283417736825,215.37409774116847,1239.6658692533888,59319.55859375,3.55,3.575,0.8500000000000001,0.2377622377622378,58488.61328125,830.9453125,3.55,0.0,3.575,0.0,0.8500000000000001,0.0,0.2377622377622378,0.0
105,2495,1013,849-1267,575.4612460873924,232.30556095992378,0.9982339022050104,787.9542777013874,304.4359449303669,1693.572816487634,85953.59375,3.55,3.775,0.4500000000000002,0.11920529801324509,88828.953125,2875.359375,3.55,0.0,3.775,0.0,0.4500000000000002,0.0,0.11920529801324509,0.0
106,6633,1394,1268-1678,531.5097175845227,208.6579980922533,0.999247886092047,738.1657903753937,289.63791822350544,1592.9144663607906,131358.5,3.55,3.775,0.4500000000000002,0.11920529801324509,128682.078125,2676.421875,3.55,0.0,3.775,0.0,0.4500000000000002,0.0,0.11920529801324509,0.0
107,9801,635,428-848,289.56807842854175,137.3320409626173,0.9985609522094995,266.6710079543439,140.946021038553,718.127025643472,48071.93359375,3.55,3.575,0.8500000000000001,0.2377622377622378,48920.94140625,849.0078125,3.55,0.0,3.575,0.0,0.8500000000000001,0.0,0.2377622377622378,0.0
108,7366,1267,849-1267,382.4887507749858,161.52858776271654,0.9995204003125315,408.3722772835244,172.62253205672553,1055.8422508965082,114290.3828125,3.55,3.775,0.4500000000000002,0.11920529801324509,114972.5703125,682.1875,3.55,0.0,3.775,0.0,0.4500000000000002,0.0,0.11920529801324509,0.0
109,3023,1622,1268-1678,439.87880621608167,191.17213296362834,0.999609650754381,361.15574666931303,183.61617909307066,1189.2326975993608,152857.921875,3.55,3.775,0.4500000000000002,0.11920529801324509,152339.234375,518.6875,3.55,0.0,3.775,0.0,0.4500000000000002,0.0,0.11920529801324509,0.0
110,7180,2385,2093-2500,368.03015166738317,118.38562701575238,0.999847814391648,371.20344559393175,137.85108483355978,1056.6740094755573,211862.640625,3.55,3.775,0.4500000000000002,0.11920529801324509,213001.6875,1139.046875,3.55,0.0,3.775,0.0,0.4500000000000002,0.0,0.11920529801324509,0.0
111,6901,1863,1679-2092,484.75835191357544,160.73991120127803,0.999629710562303,320.4915152395771,125.24239979619566,1226.3401114454666,173647.65625,3.55,3.775,0.4500000000000002,0.11920529801324509,174323.640625,675.984375,3.55,0.0,3.775,0.0,0.4500000000000002,0.0,0.11920529801324509,0.0
112,1301,1561,1268-1678,402.9119304843926,188.56049651781166,0.999647270558458,291.4009518650959,154.8871433423913,994.8235606797036,145494.34375,3.55,3.775,0.4500000000000002,0.11920529801324509,145262.15625,232.1875,3.55,0.0,3.775,0.0,0.4500000000000002,0.0,0.11920529801324509,0.0
113,8676,2385,2093-2500,214.69501012608956,92.43101876804518,0.9999482459114826,166.8658809937671,87.9954144021739,554.0474866483672,212529.578125,3.55,3.775,0.4500000000000002,0.11920529801324509,213069.796875,540.21875,3.55,0.0,3.775,0.0,0.4500000000000002,0.0,0.11920529801324509,0.0
114,4693,1266,849-1267,664.612126826988,252.3858515964674,0.9985133362063525,1110.2810636380966,426.49961255944294,1917.3458923901348,110169.9375,3.55,3.775,0.4500000000000002,0.11920529801324509,113803.1484375,3633.2109375,3.55,0.0,3.775,0.0,0.4500000000000002,0.0,0.11920529801324509,0.0
115,2130,768,428-848,592.2103875276748,224.84434308033818,0.996735447364615,754.7047653869953,283.35818083389944,1757.1886649269072,66273.34375,3.55,3.775,0.4500000000000002,0.11920529801324509,63069.78125,3203.5625,3.55,0.0,3.575,0.19999999999999973,0.8500000000000001,0.3999999999999999,0.2377622377622378,0.1185569397489927
116,5832,513,428-848,276.4685644625345,119.61480700481249,0.9978888805114853,305.5349256526382,118.07147747537364,729.059331856995,37533.37109375,4.0,3.825,1.35,0.35294117647058826,37537.984375,4.61328125,3.55,0.4500000000000002,3.575,0.25,0.8500000000000001,0.5,0.2377622377622378,0.11517893870835047
117,6135,370,280-427,241.63774543272774,104.47574731485118,0.996919403024992,354.59495302246967,145.0246422809103,611.3796531272061,27505.828125,4.0,3.825,1.35,0.35294117647058826,26106.873046875,1398.955078125,4.0,0.0,3.825,0.0,1.35,0.0,0.35294117647058826,0.0
118,4027,541,428-848,409.1583207393337,158.03575342248004,0.9958113241036471,579.0685705761849,209.7285554305367,1144.320321281424,40898.421875,3.55,3.575,0.8500000000000001,0.2377622377622378,39976.1796875,922.2421875,3.55,0.0,3.575,0.0,0.8500000000000001,0.0,0.2377622377622378,0.0
119,3276,718,428-848,372.6306253353816,146.15677980373218,0.9983148025307171,228.524170394395,108.19020677649456,866.8185925517764,57098.140625,3.55,3.575,0.8500000000000001,0.2377622377622378,58034.828125,936.6875,3.55,0.0,3.575,0.0,0.8500000000000001,0.0,0.2377622377622378,0.0
120,2921,1335,1268-1678,771.1418672172096,281.64742923517645,0.9982700158752503,816.7678958797376,295.76529594089675,2233.8872614566767,124399.203125,3.55,3.775,0.4500000000000002,0.11920529801324509,120817.796875,3581.40625,3.55,0.0,3.775,0.0,0.4500000000000002,0.0,0.11920529801324509,0.0
121,5562,1100,849-1267,773.9299985800841,305.5280369436513,0.997446793417089,1211.1277284851099,472.1998609459919,2284.21497885601,103580.1328125,3.55,3.775,0.4500000000000002,0.11920529801324509,98513.578125,5066.5546875,3.55,0.0,3.775,0.0,0.4500000000000002,0.0,0.11920529801324509,0.0
122,4401,1442,1268-1678,373.62521659369713,158.42373649544095,0.9996521717223378,436.01374728602957,159.4874851392663,1012.1019366818886,134194.5625,3.55,3.775,0.4500000000000002,0.11920529801324509,133439.234375,755.328125,3.55,0.0,3.775,0.0,0.4500000000000002,0.0,0.11920529801324509,0.0
123,9396,2165,2093-2500,1750.8572833082947,432.83544080863624,0.9960635810936562,1613.472287258634,524.8694696841033,4770.4939894332665,198984.15625,3.55,3.775,0.4500000000000002,0.11920529801324509,200353.734375,1369.578125,3.55,0.0,3.775,0.0,0.4500000000000002,0.0,0.11920529801324509,0.0
124,2549,1936,1679-2092,545.0399860357081,192.53955714018448,0.9995527246485586,474.2821789366597,205.01487134850544,1560.8904440551016,178649.9375,3.55,3.775,0.4500000000000002,0.11920529801324509,180621.125,1971.1875,3.55,0.0,3.775,0.0,0.4500000000000002,0.0,0.11920529801324509,0.0
125,489,659,428-848,378.49037138166403,154.34795201561968,0.9978430954557934,271.582889076728,122.70194675611413,1017.5866281459165,52411.08984375,3.55,3.575,0.8500000000000001,0.2377622377622378,51835.515625,575.57421875,3.55,0.0,3.575,0.0,0.8500000000000001,0.0,0.2377622377622378,0.0
126,5343,180,160-279,162.73237897404175,81.0415701555335,0.9932312473592407,147.09240628828607,77.16788648522419,357.32772839212106,11822.4208984375,4.0,3.825,1.35,0.35294117647058826,11925.1533203125,102.732421875,3.55,0.4500000000000002,3.825,0.0,1.35,0.0,0.35294117647058826,0.0
127,1234,1683,1679-2092,558.0000899352918,213.11337108525817,0.9994003424700552,581.1456943490256,222.47215735394022,1597.3154327330087,155555.09375,3.55,3.775,0.4500000000000002,0.11920529801324509,157981.984375,2426.890625,3.55,0.0,3.775,0.0,0.4500000000000002,0.0,0.11920529801324509,0.0
128,4869,728,428-848,568.6451357150438,216.4093990745876,0.9961988429107425,655.84811139281,234.6030114215353,1640.371907073331,57258.9296875,4.0,3.575,0.8500000000000001,0.2377622377622378,59109.34375,1850.4140625,3.55,0.4500000000000002,3.575,0.0,0.8500000000000001,0.0,0.2377622377622378,0.0
129,4258,1045,849-1267,320.7313347053903,155.50381620350714,0.9994659926877928,369.723263424592,200.1961616847826,837.0310309528945,91196.1875,3.55,3.775,0.4500000000000002,0.11920529801324509,92223.6875,1027.5,3.55,0.0,3.775,0.0,0.4500000000000002,0.0,0.11920529801324509,0.0
130,6531,1558,1268-1678,624.1474521786406,222.65492056247876,0.9991751241332144,845.778890764739,248.56763756793478,1874.6560063395395,148664.6875,3.55,3.775,0.4500000000000002,0.11920529801324509,144660.40625,4004.28125,3.55,0.0,3.775,0.0,0.4500000000000002,0.0,0.11920529801324509,0.0
131,9674,1904,1679-2092,728.1286189886872,222.40727629102625,0.999172050327253,369.94419903549834,134.56254245923913,1870.3353181424318,177999.875,3.55,3.775,0.4500000000000002,0.11920529801324509,177835.71875,164.15625,3.55,0.0,3.775,0.0,0.4500000000000002,0.0,0.11920529801324509,0.0
132,2403,417,280-427,409.6697203316359,164.80149716989268,0.9920346089386545,476.2692613290693,178.5675579568614,1186.8315579932957,30126.2265625,4.0,3.575,0.8500000000000001,0.2377622377622378,28698.244140625,1427.982421875,3.55,0.4500000000000002,3.825,0.25,1.35,0.5,0.35294117647058826,0.11517893870835047
133,2971,1619,1268-1678,551.1011872790835,195.0510094402811,0.999378562273172,498.7857445812591,186.33204186480978,1499.5636504610404,151669.3125,3.55,3.775,0.4500000000000002,0.11920529801324509,150787.578125,881.734375,3.55,0.0,3.775,0.0,0.4500000000000002,0.0,0.11920529801324509,0.0
134,9180,458,428-848,226.93634723775622,104.66187786589913,0.9981223884534522,205.05840665865225,96.3488185716712,602.2089255862999,32129.90234375,4.0,3.825,1.35,0.35294117647058826,32475.15234375,345.25,4.0,0.0,3.825,0.0,1.35,0.0,0.35294117647058826,0.0
135,5496,2053,1679-2092,511.2294828263968,181.45948148697562,0.9996467089638705,552.5582802125095,196.27759850543478,1425.7322078440347,190918.921875,3.55,3.775,0.4500000000000002,0.11920529801324509,189719.15625,1199.765625,3.55,0.0,3.775,0.0,0.4500000000000002,0.0,0.11920529801324509,0.0
136,460,1998,1679-2092,584.7719586494152,205.9157509319803,0.9995096311438383,754.4488164085249,304.8179135529891,1554.0279168867592,185101.515625,3.55,3.775,0.4500000000000002,0.11920529801324509,186842.921875,1741.40625,3.55,0.0,3.775,0.0,0.4500000000000002,0.0,0.11920529801324509,0.0
137,2414,621,428-848,311.293594782123,132.39490409068233,0.9982843742311356,256.1704497464425,96.76417873216712,767.015808071043,46931.67578125,3.55,3.575,0.8500000000000001,0.2377622377622378,48123.3515625,1191.67578125,3.55,0.0,3.575,0.0,0.8500000000000001,0.0,0.2377622377622378,0.0
138,6816,782,428-848,495.06476210286183,188.90390435286812,0.9975462145071194,751.822320903173,245.6464259935462,1434.9084843968512,63162.3359375,4.0,3.575,0.8500000000000001,0.2377622377622378,64643.87890625,1481.54296875,3.55,0.4500000000000002,3.575,0.0,0.8500000000000001,0.0,0.2377622377622378,0.0
139,3303,1996,1679-2092,516.4059241656689,175.49876317032525,0.9996135040347663,489.0338361212561,170.8870265794837,1459.4415763066736,184885.65625,3.55,3.775,0.4500000000000002,0.11920529801324509,185427.515625,541.859375,3.55,0.0,3.775,0.0,0.4500000000000002,0.0,0.11920529801324509,0.0
140,7917,604,428-848,367.5703048349103,156.8208740435393,0.9974765468365873,538.6447539960363,240.2603175951087,980.9129389468038,44271.11328125,3.55,3.575,0.8500000000000001,0.2377622377622378,46138.359375,1867.24609375,3.55,0.0,3.575,0.0,0.8500000000000001,0.0,0.2377622377622378,0.0
141,8192,405,280-427,194.81684989971527,96.94072207575259,0.9982744539415734,184.79290694938484,80.7691305409307,424.21279712066615,28743.453125,3.55,3.825,1.35,0.35294117647058826,28300.8671875,442.5859375,3.55,0.0,3.825,0.0,1.35,0.0,0.35294117647058826,0.0
142,7015,767,428-848,454.4314715715636,171.33126944513737,0.997786898009172,501.9953275128829,220.3601021144701,1252.7467491163607,61875.5234375,3.55,3.575,0.8500000000000001,0.2377622377622378,63905.953125,2030.4296875,3.55,0.0,3.575,0.0,0.8500000000000001,0.0,0.2377622377622378,0.0
143,7113,2309,2093-2500,853.4504723594803,222.16827589376697,0.9991464033627439,1076.4470928536712,328.7968643851902,2360.0535359869555,208178.359375,3.55,3.775,0.4500000000000002,0.11920529801324509,209466.875,1288.515625,3.55,0.0,3.775,0.0,0.4500000000000002,0.0,0.11920529801324509,0.0
144,7084,747,428-848,727.1709574384644,235.0860986633301,0.9936742249867396,1115.7812380474425,307.0517684273098,2172.6872000612125,57385.37109375,4.0,3.575,0.8500000000000001,0.2377622377622378,60811.26953125,3425.8984375,3.55,0.4500000000000002,3.575,0.0,0.8500000000000001,0.0,0.2377622377622378,0.0
145,8624,828,428-848,360.52138384073356,159.28905399863203,0.9989436275591534,145.35458723785757,91.89980681046195,968.2995261560018,69653.859375,3.55,3.775,0.4500000000000002,0.11920529801324509,69479.2890625,174.5703125,3.55,0.0,3.775,0.0,0.4500000000000002,0.0,0.11920529801324509,0.0
146,3871,1476,1268-1678,512.7026097794312,214.75601503216288,0.9993655487176057,461.71885034096874,192.47781504755434,1412.4973133463207,136765.3125,3.55,3.775,0.4500000000000002,0.11920529801324509,136137.625,627.6875,3.55,0.0,3.775,0.0,0.4500000000000002,0.0,0.11920529801324509,0.0
147,7687,457,428-848,372.64302023944043,147.3618271654212,0.9949004875894645,600.5833352831427,221.52336319633153,1061.9662890361035,34247.3125,4.0,3.575,0.8500000000000001,0.2377622377622378,32806.36328125,1440.94921875,3.55,0.4500000000000002,3.825,0.25,1.35,0.5,0.35294117647058826,0.11517893870835047
148,1184,448,428-848,272.32002179534146,120.27872058523427,0.9971836527034829,271.9950959726143,127.32862389605978,713.0178139910954,32507.26953125,3.55,3.575,0.8500000000000001,0.2377622377622378,31362.560546875,1144.708984375,3.55,0.0,3.825,0.25,1.35,0.5,0.35294117647058826,0.11517893870835047
149,2334,859,849-1267,294.0110599240476,135.55141642648448,0.9992879496046932,200.4591841301091,95.25801418138587,705.2417133341445,70990.59375,3.55,3.575,0.8500000000000001,0.2377622377622378,71192.03125,201.4375,3.55,0.0,3.775,0.19999999999999973,0.4500000000000002,0.3999999999999999,0.11920529801324509,0.1185569397489927
150,9740,357,280-427,274.3009374994144,109.1753108095252,0.9953308610275775,246.89685411576673,94.5537985096807,725.769349029197,25579.185546875,4.0,3.575,0.8500000000000001,0.2377622377622378,24486.642578125,1092.54296875,4.0,0.0,3.825,0.25,1.35,0.5,0.35294117647058826,0.11517893870835047
151,1768,1735,1679-2092,750.0743393630049,237.6202015465778,0.9989594186266082,1010.6093301168393,332.0967221467391,2085.5101499780935,160800.328125,3.55,3.775,0.4500000000000002,0.11920529801324509,162319.09375,1518.765625,3.55,0.0,3.775,0.0,0.4500000000000002,0.0,0.11920529801324509,0.0
152,6418,439,428-848,387.2214925185496,141.18878682012144,0.9935690017865589,538.2579303760502,170.26121985394022,1080.6826758725974,31137.240234375,4.0,3.825,1.35,0.35294117647058826,31209.287109375,72.046875,3.55,0.4500000000000002,3.825,0.0,1.35,0.0,0.35294117647058826,0.0
153,4665,1270,1268-1678,376.0867237864444,167.10832052691916,0.9995286259449401,326.8321617515271,153.65481169327447,1004.6663452852108,114515.8203125,3.55,3.775,0.4500000000000002,0.11920529801324509,115750.28125,1234.4609375,3.55,0.0,3.775,0.0,0.4500000000000002,0.0,0.11920529801324509,0.0
154,9021,1071,849-1267,504.67378279872656,184.32609837805705,0.998865674104464,767.3678121428464,239.2195461107337,1506.3610724334067,98635.2265625,3.55,3.775,0.4500000000000002,0.11920529801324509,95069.65625,3565.5703125,3.55,0.0,3.775,0.0,0.4500000000000002,0.0,0.11920529801324509,0.0
155,7729,2446,2093-2500,170.04567454228084,78.16843527619736,0.9999683795763298,239.41160597399144,116.488037109375,433.41363240547327,215998.40625,3.55,3.775,0.4500000000000002,0.11920529801324509,216513.734375,515.328125,3.55,0.0,3.775,0.0,0.4500000000000002,0.0,0.11920529801324509,0.0
156,2208,1479,1268-1678,520.8704882049293,194.25284537990404,0.9993415481625241,695.1521267864914,261.4184145720109,1539.3118094661731,134370.515625,3.55,3.775,0.4500000000000002,0.11920529801324509,136625.8125,2255.296875,3.55,0.0,3.775,0.0,0.4500000000000002,0.0,0.11920529801324509,0.0
157,588,70,0-100,120.58001202238114,56.96604064690134,0.9755310365344798,85.48420696135854,36.71617093293563,285.8729707410188,4267.53271484375,4.0,3.825,1.35,0.35294117647058826,4140.349609375,127.18310546875,3.55,0.4500000000000002,3.825,0.0,1.35,0.0,0.35294117647058826,0.0
158,6956,143,101-159,134.0617642063778,62.08538454054128,0.9912285915163931,105.45118920221391,55.75527290675951,299.4528941554728,8693.544921875,3.55,3.825,1.35,0.35294117647058826,9060.25390625,366.708984375,3.55,0.0,3.825,0.0,1.35,0.0,0.35294117647058826,0.0
159,20,1686,1679-2092,596.0105469189278,217.65297035283626,0.9993458615205887,671.1916494096531,300.8710300611413,1735.7340496018512,160735.9375,3.55,3.775,0.4500000000000002,0.11920529801324509,158220.40625,2515.53125,3.55,0.0,3.775,0.0,0.4500000000000002,0.0,0.11920529801324509,0.0
160,3095,1254,849-1267,556.2753493329226,214.6536486739449,0.9989866044044666,887.6572179075641,277.0690811820652,1571.730362821854,113123.4296875,3.55,3.775,0.4500000000000002,0.11920529801324509,113411.453125,288.0234375,3.55,0.0,3.775,0.0,0.4500000000000002,0.0,0.11920529801324509,0.0
161,6456,1965,1679-2092,3012.1940470831355,703.4046944450047,0.9880385353425586,3751.5356278779063,883.6170601222826,9194.382572778573,183038.0625,3.55,3.775,0.4500000000000002,0.11920529801324509,183414.125,376.0625,3.55,0.0,3.775,0.0,0.4500000000000002,0.0,0.11920529801324509,0.0
162,9958,2329,2093-2500,299.7232719414352,116.32071073741083,0.9998950297215387,433.5774527982145,146.8634192425272,824.4999472215661,209030.1875,3.55,3.775,0.4500000000000002,0.11920529801324509,209436.625,406.4375,3.55,0.0,3.775,0.0,0.4500000000000002,0.0,0.11920529801324509,0.0
163,6489,1782,1679-2092,356.8284708816019,154.5501938402259,0.9997846353075063,294.0258637040533,144.83486540421197,951.0358171360106,168749.71875,3.55,3.775,0.4500000000000002,0.11920529801324509,167564.453125,1185.265625,3.55,0.0,3.775,0.0,0.4500000000000002,0.0,0.11920529801324509,0.0
164,8371,2487,2093-2500,172.44419449679063,73.06337882557744,0.9999680201705279,284.660106816494,108.72360096807066,464.38033958803186,218026.984375,3.55,3.775,0.4500000000000002,0.11920529801324509,218292.453125,265.46875,3.55,0.0,3.775,0.0,0.4500000000000002,0.0,0.11920529801324509,0.0
165,8381,428,428-848,274.7520230286239,121.88509816008857,0.9969453881484079,429.59270554187157,187.12036398182744,700.651264717309,31457.75,3.55,3.575,0.8500000000000001,0.2377622377622378,31127.91796875,329.83203125,3.55,0.0,3.825,0.25,1.35,0.5,0.35294117647058826,0.11517893870835047
166,9479,546,428-848,289.578247451247,133.14132516479492,0.9980353641402971,168.25963272509742,80.4669481360394,754.3015507399108,40541.92578125,4.0,3.575,0.8500000000000001,0.2377622377622378,39985.99609375,555.9296875,4.0,0.0,3.575,0.0,0.8500000000000001,0.0,0.2377622377622378,0.0
167,7224,780,428-848,503.1455475889926,208.02099022057575,0.9975441120041446,435.1622052294636,175.43355659816575,1373.7721552787168,65738.8984375,3.55,3.775,0.4500000000000002,0.11920529801324509,63969.0,1769.8984375,3.55,0.0,3.575,0.19999999999999973,0.8500000000000001,0.3999999999999999,0.2377622377622378,0.1185569397489927
168,3318,437,428-848,415.6788376898696,165.0831862282131,0.9934510189577892,501.2480051564478,189.98727284307066,1130.5791036312228,32806.87890625,3.55,3.575,0.8500000000000001,0.2377622377622378,31397.640625,1409.23828125,4.0,0.4500000000000002,3.825,0.25,1.35,0.5,0.35294117647058826,0.11517893870835047
169,9589,992,849-1267,431.7067756814952,186.5986269058891,0.9989249300037696,357.65109352702336,187.63515837296197,1085.547212968138,86267.71875,3.55,3.775,0.4500000000000002,0.11920529801324509,86235.578125,32.140625,3.55,0.0,3.775,0.0,0.4500000000000002,0.0,0.11920529801324509,0.0
170,5458,87,0-100,131.6814106124951,61.34538068123693,0.9815516844418596,172.552873809231,74.20758521038553,343.9447807933404,5652.2392578125,3.55,3.825,1.35,0.35294117647058826,5275.71142578125,376.52783203125,3.55,0.0,3.825,0.0,1.35,0.0,0.35294117647058826,0.0
171,5460,963,849-1267,559.6034919285474,207.86653489963697,0.9980129393069911,790.0428488177672,234.5224078634511,1641.0901116919051,82854.1015625,3.55,3.775,0.4500000000000002,0.11920529801324509,82416.03125,438.0703125,3.55,0.0,3.775,0.0,0.4500000000000002,0.0,0.11920529801324509,0.0
172,8889,663,428-848,422.41926485948414,175.6190458165376,0.9972073768924267,389.6727958764057,194.36348823879075,1049.5987518231293,50740.765625,3.55,3.575,0.8500000000000001,0.2377622377622378,51946.21484375,1205.44921875,3.55,0.0,3.575,0.0,0.8500000000000001,0.0,0.2377622377622378,0.0
173,4898,597,428-848,494.2419557510976,185.69658293841817,0.9955885428781629,692.9968390352713,249.0756889011549,1408.2870030527235,49283.90625,3.55,3.775,0.4500000000000002,0.11920529801324509,46147.82421875,3136.08203125,3.55,0.0,3.575,0.19999999999999973,0.8500000000000001,0.3999999999999999,0.2377622377622378,0.1185569397489927
174,2912,1566,1268-1678,643.5124446769714,236.96390268899668,0.9990839361922007,708.5916128280018,279.7272524626359,1807.2122188736084,142452.828125,3.55,3.775,0.4500000000000002,0.11920529801324509,145591.40625,3138.578125,3.55,0.0,3.775,0.0,0.4500000000000002,0.0,0.11920529801324509,0.0
175,7322,926,849-1267,514.6286099298769,215.00008088624375,0.9983127402399984,558.5258183953282,253.8003619650136,1460.199821377282,81209.1796875,3.55,3.775,0.4500000000000002,0.11920529801324509,79298.5234375,1910.65625,3.55,0.0,3.775,0.0,0.4500000000000002,0.0,0.11920529801324509,0.0
176,6790,164,160-279,146.2255598166397,69.22411602773252,0.9931937978092079,118.47896190026229,59.985321044921875,317.0430285541784,10453.7861328125,4.0,3.825,1.35,0.35294117647058826,10165.33984375,288.4462890625,3.55,0.4500000000000002,3.825,0.0,1.35,0.0,0.35294117647058826,0.0
177,7417,2253,2093-2500,439.87863054005436,141.90349755142876,0.9997617735002731,745.836166228573,215.42166270380434,1258.8694391104198,203765.125,3.55,3.775,0.4500000000000002,0.11920529801324509,204107.984375,342.859375,3.55,0.0,3.775,0.0,0.4500000000000002,0.0,0.11920529801324509,0.0
178,6848,2142,2093-2500,788.7657015744524,244.659828264054,0.9992026783692712,477.22866383642145,207.6304347826087,2199.164229606026,198402.1875,3.55,3.775,0.4500000000000002,0.11920529801324509,196940.078125,1462.109375,3.55,0.0,3.775,0.0,0.4500000000000002,0.0,0.11920529801324509,0.0
179,44,1299,1268-1678,669.9301557978852,252.3013827580991,0.9986232848473492,965.6370069617943,334.6939113451087,1963.698064221017,121830.109375,3.55,3.775,0.4500000000000002,0.11920529801324509,117438.1875,4391.921875,3.55,0.0,3.775,0.0,0.4500000000000002,0.0,0.11920529801324509,0.0
180,7502,1822,1679-2092,651.4096627448475,234.23292167464547,0.9992917465507876,1099.8503597166068,394.2219981317935,1844.1233134669853,166990.9375,3.55,3.775,0.4500000000000002,0.11920529801324509,170153.078125,3162.140625,3.55,0.0,3.775,0.0,0.4500000000000002,0.0,0.11920529801324509,0.0
181,25,546,428-848,309.1145178943174,140.49102632724927,0.9977155419760486,316.82897476717733,144.53016463569972,754.6993971005656,40758.31640625,3.55,3.575,0.8500000000000001,0.2377622377622378,41314.9609375,556.64453125,3.55,0.0,3.575,0.0,0.8500000000000001,0.0,0.2377622377622378,0.0
182,1061,2363,2093-2500,802.0878948165653,207.35578304921026,0.999251292744653,1353.5543183179295,342.43246858016306,2383.84844815865,210909.078125,3.55,3.775,0.4500000000000002,0.11920529801324509,211646.78125,737.703125,3.55,0.0,3.775,0.0,0.4500000000000002,0.0,0.11920529801324509,0.0
183,4156,2385,2093-2500,635.7125998000657,185.60417282608697,0.9995486489414853,662.964323593355,242.7252356487772,1798.9947360434253,211736.0,3.55,3.775,0.4500000000000002,0.11920529801324509,213599.59375,1863.59375,3.55,0.0,3.775,0.0,0.4500000000000002,0.0,0.11920529801324509,0.0
184,3497,1886,1679-2092,456.83480819080637,175.48344767694888,0.9996726287109694,403.99374822796636,172.74778150475544,1254.8343888973748,174637.40625,3.55,3.775,0.4500000000000002,0.11920529801324509,176352.140625,1714.734375,3.55,0.0,3.775,0.0,0.4500000000000002,0.0,0.11920529801324509,0.0
185,2653,1338,1268-1678,528.01813423337,204.41902985096806,0.9991946577750107,519.8470062594588,204.11286727241847,1503.8824946394952,124704.140625,3.55,3.775,0.4500000000000002,0.11920529801324509,122418.6484375,2285.4921875,3.55,0.0,3.775,0.0,0.4500000000000002,0.0,0.11920529801324509,0.0
186,391,126,101-159,139.20772260944787,72.31640389751766,0.9886151209983944,110.3333376441003,70.19001902704653,292.9709516120092,8410.31640625,3.55,3.825,1.35,0.35294117647058826,8295.7763671875,114.5400390625,3.55,0.0,3.825,0.0,1.35,0.0,0.35294117647058826,0.0
187,6775,322,280-427,201.33059779343236,102.83524121564783,0.9967681299789403,228.12797091157333,127.6386028787364,484.471608514158,22237.5703125,4.0,3.825,1.35,0.35294117647058826,21433.2421875,804.328125,4.0,0.0,3.825,0.0,1.35,0.0,0.35294117647058826,0.0
188,7906,1786,1679-2092,630.3620526732184,231.23226446957796,0.9993329248504297,786.7504544346302,280.5401452105978,1876.1237927818715,170646.921875,3.55,3.775,0.4500000000000002,0.11920529801324509,167102.734375,3544.1875,3.55,0.0,3.775,0.0,0.4500000000000002,0.0,0.11920529801324509,0.0
189,8875,599,428-848,619.8619721181633,216.199644696642,0.9936558609351661,921.8551789115988,306.5582222316576,1886.2371198286382,50192.07421875,3.55,3.775,0.4500000000000002,0.11920529801324509,46606.6953125,3585.37890625,3.55,0.0,3.575,0.19999999999999973,0.8500000000000001,0.3999999999999999,0.2377622377622378,0.1185569397489927
190,9899,839,428-848,391.16673924860703,177.17786016819167,0.9986705017630693,425.7524156997689,157.21488090183425,975.3292173920843,68158.328125,3.55,3.575,0.8500000000000001,0.2377622377622378,69876.671875,1718.34375,3.55,0.0,3.775,0.19999999999999973,0.4500000000000002,0.3999999999999999,0.11920529801324509,0.1185569397489927
191,3146,506,428-848,262.2939166780085,122.45847958994327,0.9980007481968857,120.5933995540077,71.58625859799592,627.0377480970608,36688.828125,3.55,3.575,0.8500000000000001,0.2377622377622378,36602.26171875,86.56640625,3.55,0.0,3.575,0.0,0.8500000000000001,0.0,0.2377622377622378,0.0
192,8532,792,428-848,367.5683144314951,158.96270989724863,0.9986868058300549,404.5521989614094,157.39003587805706,936.8528068420611,67387.7734375,3.55,3.775,0.4500000000000002,0.11920529801324509,66165.8125,1221.9609375,3.55,0.0,3.775,0.0,0.4500000000000002,0.0,0.11920529801324509,0.0
193,9487,706,428-848,433.96424239346265,188.3414860044894,0.997677678336356,574.4840015825002,237.51814070991847,1122.9377095920975,57484.78125,4.0,3.775,0.4500000000000002,0.11920529801324509,57157.2890625,327.4921875,3.55,0.4500000000000002,3.575,0.19999999999999973,0.8500000000000001,0.3999999999999999,0.2377622377622378,0.1185569397489927
194,9703,1653,1268-1678,660.3448796885036,243.08224002367103,0.9991073807988233,689.9272766941489,280.93044115149456,1926.3297953828762,151242.328125,3.55,3.775,0.4500000000000002,0.11920529801324509,153875.765625,2633.4375,3.55,0.0,3.775,0.0,0.4500000000000002,0.0,0.11920529801324509,0.0
195,3195,921,849-1267,537.1510028681037,221.87526326479704,0.9981392068679138,556.8007321279892,255.73924719769022,1496.5224925935481,80827.6328125,3.55,3.775,0.4500000000000002,0.11920529801324509,78666.5,2161.1328125,3.55,0.0,3.775,0.0,0.4500000000000002,0.0,0.11920529801324509,0.0
196,4445,1899,1679-2092,350.9209769359094,157.94673779986837,0.9998077846598143,321.21471577387433,146.92408288043478,922.1351324568728,177556.015625,3.55,3.775,0.4500000000000002,0.11920529801324509,176193.203125,1362.8125,3.55,0.0,3.775,0.0,0.4500000000000002,0.0,0.11920529801324509,0.0
197,8717,2026,1679-2092,924.046938650919,232.798913588018,0.9987931850821717,779.9803880778169,267.8295473845109,2826.163647335002,186316.875,3.55,3.775,0.4500000000000002,0.11920529801324509,188167.515625,1850.640625,3.55,0.0,3.775,0.0,0.4500000000000002,0.0,0.11920529801324509,0.0
198,1536,452,428-848,222.93592737252968,102.34108249916409,0.998236412990767,116.01908008834405,72.18737527598505,482.92871989131504,33096.3984375,4.0,3.825,1.35,0.35294117647058826,32918.01171875,178.38671875,3.55,0.4500000000000002,3.825,0.0,1.35,0.0,0.35294117647058826,0.0
199,875,2135,2093-2500,592.2765066190827,196.78375644398565,0.999551448602652,694.2463964360504,239.035400390625,1573.916087042521,196567.359375,3.55,3.775,0.4500000000000002,0.11920529801324509,195895.515625,671.84375,3.55,0.0,3.775,0.0,0.4500000000000002,0.0,0.11920529801324509,0.0
200,8852,1984,1679-2092,414.03495784432386,157.56565115608547,0.9997552026580246,338.2969160268742,149.65379797894022,1144.7587007791901,185673.640625,3.55,3.775,0.4500000000000002,0.11920529801324509,184958.203125,715.4375,3.55,0.0,3.775,0.0,0.4500000000000002,0.0,0.11920529801324509,0.0
201,9171,359,280-427,345.0968915281658,130.45980021295964,0.9931371336749429,497.1483327659497,181.5042485776155,999.9921899990977,26651.244140625,3.55,3.575,0.8500000000000001,0.2377622377622378,24459.556640625,2191.6875,3.55,0.0,3.825,0.25,1.35,0.5,0.35294117647058826,0.11517893870835047
202,2268,460,428-848,340.1880427821858,138.28061898783807,0.99581853925993,341.7826065057398,131.39382005774456,903.5794371460506,34015.58984375,4.0,3.825,1.35,0.35294117647058826,33685.7109375,329.87890625,4.0,0.0,3.825,0.0,1.35,0.0,0.35294117647058826,0.0
203,5844,263,160-279,210.2282631391023,89.3925657171664,0.9944134669887641,204.96965974130217,85.63392572817595,532.6640115074971,17719.296875,4.0,3.825,1.35,0.35294117647058826,17460.392578125,258.904296875,4.0,0.0,3.825,0.0,1.35,0.0,0.35294117647058826,0.0
204,7009,279,160-279,199.67365665174532,83.32844703810319,0.9958936732744433,171.24362053847466,83.75156170388927,522.4144264436526,19489.71484375,3.55,3.825,1.35,0.35294117647058826,18816.8046875,672.91015625,3.55,0.0,3.825,0.0,1.35,0.0,0.35294117647058826,0.0
205,1426,70,0-100,104.92321647096334,51.636139422777426,0.9752054507343509,109.22120962825004,48.86335588538128,207.2719866368213,4304.9560546875,4.0,3.825,1.35,0.35294117647058826,4632.34130859375,327.38525390625,3.55,0.4500000000000002,3.825,0.0,1.35,0.0,0.35294117647058826,0.0
206,2152,2382,2093-2500,216.10734685279837,88.19155772970448,0.9999471765728971,305.6871412820873,119.24685801630434,588.9571264943521,212211.296875,3.55,3.775,0.4500000000000002,0.11920529801324509,213190.921875,979.625,3.55,0.0,3.775,0.0,0.4500000000000002,0.0,0.11920529801324509,0.0
207,3651,2243,2093-2500,313.810583388893,122.5359419422979,0.9998814096357773,327.82633476494516,134.6740085767663,854.4738486889983,203535.703125,3.55,3.775,0.4500000000000002,0.11920529801324509,204766.515625,1230.8125,3.55,0.0,3.775,0.0,0.4500000000000002,0.0,0.11920529801324509,0.0
208,5748,417,280-427,274.42969338321853,117.47142635423411,0.9970460090718921,297.0114518824628,113.33163850203805,678.632099194327,31829.1171875,4.0,3.575,0.8500000000000001,0.2377622377622378,30459.087890625,1370.029296875,4.0,0.0,3.825,0.25,1.35,0.5,0.35294117647058826,0.11517893870835047
209,2689,1228,849-1267,639.714540172318,211.14607902699345,0.9985081893252846,985.6694874853869,295.2077530570652,1919.411280306679,106692.34375,3.55,3.775,0.4500000000000002,0.11920529801324509,111265.59375,4573.25,3.55,0.0,3.775,0.0,0.4500000000000002,0.0,0.11920529801324509,0.0
210,9135,1171,849-1267,606.400858200919,249.2442080953847,0.9985225524246755,975.1231048717939,390.8801428753397,1731.0441324181486,101491.6484375,3.55,3.775,0.4500000000000002,0.11920529801324509,105433.6171875,3941.96875,3.55,0.0,3.775,0.0,0.4500000000000002,0.0,0.11920529801324509,0.0
211,5776,1651,1268-1678,570.7898790911432,232.0417830801259,0.9993768235776763,724.6223282483832,304.60622240149456,1646.0578992585204,157040.6875,3.55,3.775,0.4500000000000002,0.11920529801324509,154708.34375,2332.34375,3.55,0.0,3.775,0.0,0.4500000000000002,0.0,0.11920529801324509,0.0
212,727,1140,849-1267,473.6580112551992,188.66064128895636,0.9990458800322493,265.6021674457182,149.5478356402853,1343.6637403464913,100804.4765625,3.55,3.775,0.4500000000000002,0.11920529801324509,101626.3828125,821.90625,3.55,0.0,3.775,0.0,0.4500000000000002,0.0,0.11920529801324509,0.0
213,590,1765,1679-2092,270.8313772962198,125.6847568412449,0.9998717573647744,217.76522612214396,123.96513034986413,678.9982497786341,164968.203125,3.55,3.775,0.4500000000000002,0.11920529801324509,164786.59375,181.609375,3.55,0.0,3.775,0.0,0.4500000000000002,0.0,0.11920529801324509,0.0
214,2062,1000,849-1267,443.1268292754755,167.02016744278617,0.9988475792828799,602.486083200351,236.63181470788044,1300.5984290493034,83889.7265625,3.55,3.575,0.8500000000000001,0.2377622377622378,86637.703125,2747.9765625,3.55,0.0,3.775,0.19999999999999973,0.4500000000000002,0.3999999999999999,0.11920529801324509,0.1185569397489927
215,7945,1482,1268-1678,570.2025506336896,223.4101954650879,0.9992339246929245,786.0620804936965,311.77529509171194,1651.6651190280413,140289.34375,3.55,3.775,0.4500000000000002,0.11920529801324509,137314.625,2974.71875,3.55,0.0,3.775,0.0,0.4500000000000002,0.0,0.11920529801324509,0.0
216,7487,846,428-848,457.3152229368855,168.59494191589354,0.9982099168695809,754.7832942189975,217.85190217391303,1309.0311074219494,67547.203125,4.0,3.575,0.8500000000000001,0.2377622377622378,69960.1640625,2412.9609375,3.55,0.4500000000000002,3.775,0.19999999999999973,0.4500000000000002,0.3999999999999999,0.11920529801324509,0.1185569397489927
217,9604,1284,1268-1678,923.3035765341796,319.1776526051397,0.9974181572726178,1369.4971350250773,424.5960056470788,2790.65367843384,122691.1015625,3.55,3.775,0.4500000000000002,0.11920529801324509,116317.96875,6373.1328125,3.55,0.0,3.775,0.0,0.4500000000000002,0.0,0.11920529801324509,0.0
218,3213,1955,1679-2092,713.2143244910433,230.68652380716074,0.9992478348691288,1152.0393531590303,346.9103897758152,2139.3919499883445,180305.015625,3.55,3.775,0.4500000000000002,0.11920529801324509,181234.21875,929.203125,3.55,0.0,3.775,0.0,0.4500000000000002,0.0,0.11920529801324509,0.0
219,136,94,0-100,143.22748267336905,65.05738175384687,0.9808080410361467,120.18833242593975,45.178770645805024,352.2893936693967,6012.4912109375,4.0,3.825,1.35,0.35294117647058826,5801.763671875,210.7275390625,3.55,0.4500000000000002,3.825,0.0,1.35,0.0,0.35294117647058826,0.0
220,1500,1080,849-1267,677.243348993768,246.74571845703124,0.9979511135196517,988.1136400326326,358.001417077106,1967.0137063286295,100444.6796875,3.55,3.775,0.4500000000000002,0.11920529801324509,96076.34375,4368.3359375,3.55,0.0,3.775,0.0,0.4500000000000002,0.0,0.11920529801324509,0.0
221,9707,686,428-848,371.852316728907,161.5972804216468,0.9982048398023554,378.65634949698136,182.7234045940897,997.4968749466947,55500.546875,3.55,3.575,0.8500000000000001,0.2377622377622378,55193.5859375,306.9609375,3.55,0.0,3.575,0.0,0.8500000000000001,0.0,0.2377622377622378,0.0
222,2948,2004,1679-2092,658.1380429441572,208.05248483349345,0.9993857649211084,503.710673838199,199.99752674932066,1587.3406669718695,187614.5,3.55,3.775,0.4500000000000002,0.11920529801324509,185911.921875,1702.578125,3.55,0.0,3.775,0.0,0.4500000000000002,0.0,0.11920529801324509,0.0
223,4762,767,428-848,568.791800560915,204.53253531918733,0.996735447227117,806.1665061452496,264.25949494735056,1635.1601923860164,66000.625,3.55,3.775,0.4500000000000002,0.11920529801324509,62927.328125,3073.296875,3.55,0.0,3.575,0.19999999999999973,0.8500000000000001,0.3999999999999999,0.2377622377622378,0.1185569397489927
224,4449,524,428-848,445.82220098594814,168.36540058149254,0.9948745252509905,364.58865286721294,158.43638013756794,1233.239009121996,40687.76171875,3.55,3.575,0.8500000000000001,0.2377622377622378,39219.26953125,1468.4921875,3.55,0.0,3.575,0.0,0.8500000000000001,0.0,0.2377622377622378,0.0
225,3529,2322,2093-2500,602.0050341647608,185.9331344917629,0.999582736951384,882.4211293481591,251.44092858355978,1786.3059687161142,208138.375,3.55,3.775,0.4500000000000002,0.11920529801324509,208846.21875,707.84375,3.55,0.0,3.775,0.0,0.4500000000000002,0.0,0.11920529801324509,0.0
226,3623,506,428-848,300.712281762813,126.24449035962147,0.9973633566752865,287.2717964370128,132.7615807574728,645.9477366064605,37073.6953125,3.55,3.575,0.8500000000000001,0.2377622377622378,38134.05078125,1060.35546875,3.55,0.0,3.575,0.0,0.8500000000000001,0.0,0.2377622377622378,0.0
227,1908,1223,849-1267,468.94461617471524,196.75766119384767,0.9991982445662851,627.004128737279,243.88216499660325,1298.2034241008357,110307.75,3.55,3.775,0.4500000000000002,0.11920529801324509,110205.9375,101.8125,3.55,0.0,3.775,0.0,0.4500000000000002,0.0,0.11920529801324509,0.0
228,5126,569,428-848,451.5204842039737,165.48652055007273,0.9953100148598926,683.5897089697355,212.19117007048234,1204.8643951873073,42915.78125,3.55,3.575,0.8500000000000001,0.2377622377622378,43227.1015625,311.3203125,3.55,0.0,3.575,0.0,0.8500000000000001,0.0,0.2377622377622378,0.0
229,6199,1785,1679-2092,446.9727936858386,174.26600469572648,0.9996565960199499,390.0233422967487,179.32051418138587,1073.213402972955,165934.203125,3.55,3.775,0.4500000000000002,0.11920529801324509,167027.046875,1092.84375,3.55,0.0,3.775,0.0,0.4500000000000002,0.0,0.11920529801324509,0.0
230,1687,1753,1679-2092,476.09344282150744,190.36753851026452,0.9996032717480796,325.7617301236143,117.53321373980978,1287.226914242612,165435.28125,3.55,3.775,0.4500000000000002,0.11920529801324509,163919.9375,1515.34375,3.55,0.0,3.775,0.0,0.4500000000000002,0.0,0.11920529801324509,0.0
231,5614,1894,1679-2092,630.4407012783115,227.3664902192489,0.9993871420865996,938.3506239327096,342.19814665421194,1853.0455067675423,177885.5625,3.55,3.775,0.4500000000000002,0.11920529801324509,175580.140625,2305.421875,3.55,0.0,3.775,0.0,0.4500000000000002,0.0,0.11920529801324509,0.0
232,6325,2245,2093-2500,323.5268962073723,128.9125385959791,0.9998736580392713,298.34522496785934,115.88301418138587,822.6757819614951,205253.15625,3.55,3.775,0.4500000000000002,0.11920529801324509,204342.625,910.53125,3.55,0.0,3.775,0.0,0.4500000000000002,0.0,0.11920529801324509,0.0
233,2807,1701,1679-2092,300.2787719304054,138.93517415559188,0.9998299495457073,127.13271440736091,81.55803116508152,736.9593469561048,158497.71875,3.55,3.775,0.4500000000000002,0.11920529801324509,158379.375,118.34375,3.55,0.0,3.775,0.0,0.4500000000000002,0.0,0.11920529801324509,0.0
234,4350,106,101-159,108.3928289317973,54.615243027313895,0.9891755171309734,41.57377953651277,23.258396314538043,216.7784175158489,6762.87939453125,3.55,3.825,1.35,0.35294117647058826,6732.76171875,30.11767578125,3.55,0.0,3.825,0.0,1.35,0.0,0.35294117647058826,0.0
235,5681,1716,1679-2092,612.4044239268159,223.47110632881495,0.9993344157266418,806.6591968775158,303.3919836956522,1760.4272888799728,163687.359375,3.55,3.775,0.4500000000000002,0.11920529801324509,160623.59375,3063.765625,3.55,0.0,3.775,0.0,0.4500000000000002,0.0,0.11920529801324509,0.0
236,8663,2225,2093-2500,950.6387762835602,240.23166774345066,0.9988665840172098,1000.4436669191409,289.2838930876359,2584.1575881270933,202378.59375,3.55,3.775,0.4500000000000002,0.11920529801324509,202843.9375,465.34375,3.55,0.0,3.775,0.0,0.4500000000000002,0.0,0.11920529801324509,0.0
237,8072,718,428-848,638.0906909398603,219.75638727947734,0.9945403791646706,956.7687078219504,276.1170335852581,1844.3160622191117,57023.68359375,3.55,3.575,0.8500000000000001,0.2377622377622378,57790.49609375,766.8125,3.55,0.0,3.575,0.0,0.8500000000000001,0.0,0.2377622377622378,0.0
238,1931,923,849-1267,506.6284885636033,212.72992375620967,0.9982814275353147,572.38831489459,229.4414593240489,1428.9621887489136,77916.4375,3.55,3.775,0.4500000000000002,0.11920529801324509,78800.8515625,884.4140625,3.55,0.0,3.775,0.0,0.4500000000000002,0.0,0.11920529801324509,0.0
239,2510,1989,1679-2092,491.8670007256926,179.56452255474588,0.9996558210380924,311.3898030837,146.23197605298913,1223.4250785772467,184218.5625,3.55,3.775,0.4500000000000002,0.11920529801324509,185132.296875,913.734375,3.55,0.0,3.775,0.0,0.4500000000000002,0.0,0.11920529801324509,0.0
240,1871,565,428-848,365.0764830742976,154.04315059094637,0.997287937271385,465.23167007986893,189.99023172129756,980.9949934196425,44821.48046875,3.55,3.575,0.8500000000000001,0.2377622377622378,42842.96875,1978.51171875,3.55,0.0,3.575,0.0,0.8500000000000001,0.0,0.2377622377622378,0.0
241,8363,1432,1268-1678,711.9475150286669,255.97122930695906,0.99872770947282,1041.8775840687597,349.7927882982337,2139.9698896960667,136500.546875,3.55,3.775,0.4500000000000002,0.11920529801324509,131766.453125,4734.09375,3.55,0.0,3.775,0.0,0.4500000000000002,0.0,0.11920529801324509,0.0
242,2224,1838,1679-2092,715.1911709148798,230.45051570328422,0.9991654226490502,1046.378304989267,309.2474842900815,2084.899027306869,170851.15625,3.55,3.775,0.4500000000000002,0.11920529801324509,170274.203125,576.953125,3.55,0.0,3.775,0.0,0.4500000000000002,0.0,0.11920529801324509,0.0
243,6455,1160,849-1267,555.9197075569044,214.1040607297151,0.9987806362600232,789.5784261157822,311.499071204144,1620.5843459103548,101264.2109375,3.55,3.775,0.4500000000000002,0.11920529801324509,103842.2265625,2578.015625,3.55,0.0,3.775,0.0,0.4500000000000002,0.0,0.11920529801324509,0.0
244,7446,1062,849-1267,435.3961392093768,184.75655051720662,0.9990911821396958,377.10774901864846,159.8114597486413,1165.732544088333,93458.4921875,3.55,3.775,0.4500000000000002,0.11920529801324509,93512.3203125,53.828125,3.55,0.0,3.775,0.0,0.4500000000000002,0.0,0.11920529801324509,0.0
245,899,2365,2093-2500,309.9923646324896,123.38138706373132,0.9998898239618573,501.7793099811282,189.82883619225544,896.5915564971564,210295.921875,3.55,3.775,0.4500000000000002,0.11920529801324509,212418.859375,2122.9375,3.55,0.0,3.775,0.0,0.4500000000000002,0.0,0.11920529801324509,0.0
246,9068,2156,2093-2500,565.828669280712,177.63360337126358,0.9995894147306951,876.7090227037382,282.1058508831522,1698.9139739379439,197368.15625,3.55,3.775,0.4500000000000002,0.11920529801324509,196766.0,602.15625,3.55,0.0,3.775,0.0,0.4500000000000002,0.0,0.11920529801324509,0.0
247,6928,1270,1268-1678,742.9748014612026,274.25541249973463,0.9981536501351645,1220.167286966843,449.12369437839675,2224.0449449130524,119061.2421875,3.55,3.775,0.4500000000000002,0.11920529801324509,116594.2265625,2467.015625,3.55,0.0,3.775,0.0,0.4500000000000002,0.0,0.11920529801324509,0.0
248,8112,1266,849-1267,511.8700850374722,214.2505765168563,0.999114228557829,689.0182845705033,237.72465183423913,1418.582594674155,112254.2109375,3.55,3.775,0.4500000000000002,0.11920529801324509,115455.1015625,3200.890625,3.55,0.0,3.775,0.0,0.4500000000000002,0.0,0.11920529801324509,0.0
249,3947,1779,1679-2092,661.9586853461473,211.9859198130732,0.9992390535272689,930.6243677525753,293.6106593919837,1794.2249604298393,167530.015625,3.55,3.775,0.4500000000000002,0.11920529801324509,166671.296875,858.71875,3.55,0.0,3.775,0.0,0.4500000000000002,0.0,0.11920529801324509,0.0
250,6746,1410,1268-1678,636.0470900320345,228.82287290702487,0.9988669947160457,863.2316257740223,310.0298488451087,1881.781452643406,126822.84375,3.55,3.775,0.4500000000000002,0.11920529801324509,130339.6875,3516.84375,3.55,0.0,3.775,0.0,0.4500000000000002,0.0,0.11920529801324509,0.0
251,9322,1161,849-1267,524.4846207645936,195.8532522296408,0.9988469678777837,630.3125334064825,237.3481498386549,1506.2615010124916,101162.390625,3.55,3.775,0.4500000000000002,0.11920529801324509,103989.828125,2827.4375,3.55,0.0,3.775,0.0,0.4500000000000002,0.0,0.11920529801324509,0.0
252,7972,919,849-1267,491.5583092229197,207.17835911599863,0.9983185062335256,555.9145796092989,233.8215172809103,1340.9704882417607,77001.328125,3.55,3.775,0.4500000000000002,0.11920529801324509,78716.6484375,1715.3203125,3.55,0.0,3.775,0.0,0.4500000000000002,0.0,0.11920529801324509,0.0
253,694,2186,2093-2500,2279.8267045274474,461.3109880971494,0.9938759587291202,4113.04522443801,911.5892280910326,7001.906734706516,199444.78125,3.55,3.775,0.4500000000000002,0.11920529801324509,199521.09375,76.3125,3.55,0.0,3.775,0.0,0.4500000000000002,0.0,0.11920529801324509,0.0
254,6933,907,849-1267,609.9794429570067,244.37008937404465,0.9975082134996323,622.2712447927273,294.5560196586277,1745.3860719662378,76364.046875,3.55,3.575,0.8500000000000001,0.2377622377622378,78284.2578125,1920.2109375,3.55,0.0,3.775,0.19999999999999973,0.4500000000000002,0.3999999999999999,0.11920529801324509,0.1185569397489927
255,4234,900,849-1267,651.7390525203882,232.32261368195907,0.9966519116018685,1057.2686147561521,328.7552171790081,1852.618859537471,72135.1875,3.55,3.575,0.8500000000000001,0.2377622377622378,76776.59375,4641.40625,3.55,0.0,3.775,0.19999999999999973,0.4500000000000002,0.3999999999999999,0.11920529801324509,0.1185569397489927
256,1553,1830,1679-2092,545.0106906794119,203.50968002876613,0.999529950006096,833.2749477413681,295.85903532608694,1601.2167207964312,174951.796875,3.55,3.775,0.4500000000000002,0.11920529801324509,171765.296875,3186.5,3.55,0.0,3.775,0.0,0.4500000000000002,0.0,0.11920529801324509,0.0
257,7911,1189,849-1267,577.2964739239152,217.56734746889862,0.9987660338921034,390.67323264849165,168.5120690387228,1684.3887834526918,108498.578125,3.55,3.775,0.4500000000000002,0.11920529801324509,106731.71875,1766.859375,3.55,0.0,3.775,0.0,0.4500000000000002,0.0,0.11920529801324509,0.0
258,1581,1177,849-1267,332.35168966389915,157.39860958941915,0.9995832135248884,312.44015950366116,150.53788425611413,855.0355518575386,105177.921875,3.55,3.775,0.4500000000000002,0.11920529801324509,105887.78125,709.859375,3.55,0.0,3.775,0.0,0.4500000000000002,0.0,0.11920529801324509,0.0
259,9049,1776,1679-2092,828.3426536838157,259.57317766431726,0.998847537287732,879.1096420246366,314.196533203125,2354.747333169785,167415.25,3.55,3.775,0.4500000000000002,0.11920529801324509,165967.375,1447.875,3.55,0.0,3.775,0.0,0.4500000000000002,0.0,0.11920529801324509,0.0
260,3343,1067,849-1267,413.1415008177728,175.3300799043075,0.9992174437159169,380.22789472616654,182.33741295855978,1095.2187062886474,95654.140625,3.55,3.775,0.4500000000000002,0.11920529801324509,95236.1796875,417.9609375,3.55,0.0,3.775,0.0,0.4500000000000002,0.0,0.11920529801324509,0.0
261,9319,1405,1268-1678,794.2295940389222,285.3112045760445,0.9983884419154264,1160.1670839192814,336.1307532269022,2366.7826018999003,132766.78125,3.55,3.775,0.4500000000000002,0.11920529801324509,127285.5703125,5481.2109375,3.55,0.0,3.775,0.0,0.4500000000000002,0.0,0.11920529801324509,0.0
262,2294,1122,849-1267,516.7193203255895,197.99014230001697,0.9988073355056541,522.7889393278738,199.00424061650816,1356.9400996677737,97206.9375,3.55,3.775,0.4500000000000002,0.11920529801324509,99552.4375,2345.5,3.55,0.0,3.775,0.0,0.4500000000000002,0.0,0.11920529801324509,0.0
263,6833,1232,849-1267,508.13884099018145,181.87649709817637,0.9991323172273299,711.0874391746842,255.57436735733697,1504.17484643645,114773.1015625,3.55,3.775,0.4500000000000002,0.11920529801324509,111606.2109375,3166.890625,3.55,0.0,3.775,0.0,0.4500000000000002,0.0,0.11920529801324509,0.0
264,4671,2195,2093-2500,656.6531174423837,208.33915585632323,0.999449979581824,533.8480064026486,186.7800929857337,1739.241858293352,198500.34375,3.55,3.775,0.4500000000000002,0.11920529801324509,200891.125,2390.78125,3.55,0.0,3.775,0.0,0.4500000000000002,0.0,0.11920529801324509,0.0
265,8802,1751,1679-2092,396.1683268556946,152.4590946257218,0.9997247925216213,314.2768999246977,137.64476477581522,1125.0473548285281,163720.296875,3.55,3.775,0.4500000000000002,0.11920529801324509,164937.984375,1217.6875,3.55,0.0,3.775,0.0,0.4500000000000002,0.0,0.11920529801324509,0.0
266,9477,1166,849-1267,495.0962331875853,188.90958835979959,0.9990694995041443,400.75123511379263,165.6051715353261,1398.011982550577,105774.359375,3.55,3.775,0.4500000000000002,0.11920529801324509,105356.0390625,418.3203125,3.55,0.0,3.775,0.0,0.4500000000000002,0.0,0.11920529801324509,0.0
267,566,1304,1268-1678,615.1538422885575,230.96996167045262,0.9987755619498182,862.6777280979935,319.16925844938856,1820.0728002343265,114919.1328125,3.55,3.775,0.4500000000000002,0.11920529801324509,118709.78125,3790.6484375,3.55,0.0,3.775,0.0,0.4500000000000002,0.0,0.11920529801324509,0.0
268,858,1295,1268-1678,377.61764132366034,165.35960166174848,0.9995631315238901,410.28706288490133,185.41892408288044,923.7147246389846,119469.8828125,3.55,3.775,0.4500000000000002,0.11920529801324509,118051.28125,1418.6015625,3.55,0.0,3.775,0.0,0.4500000000000002,0.0,0.11920529801324509,0.0
269,2568,647,428-848,628.0490034409526,213.34033821835726,0.9943773832424658,834.9676160090908,296.26376740828806,1884.9210581734194,55047.01953125,3.55,3.775,0.4500000000000002,0.11920529801324509,51400.765625,3646.25390625,3.55,0.0,3.575,0.19999999999999973,0.8500000000000001,0.3999999999999999,0.2377622377622378,0.1185569397489927
270,2666,1130,849-1267,601.9400248972754,218.54568765948753,0.9984157151783273,768.0394753574079,209.54227878736413,1654.9545253446367,100943.828125,3.55,3.775,0.4500000000000002,0.11920529801324509,100757.8203125,186.0078125,3.55,0.0,3.775,0.0,0.4500000000000002,0.0,0.11920529801324509,0.0
271,9125,1320,1268-1678,496.72794408486163,201.2946128176482,0.999253966873862,549.9272191696699,245.44114087975544,1419.947526836453,119478.7734375,3.55,3.775,0.4500000000000002,0.11920529801324509,120700.4609375,1221.6875,3.55,0.0,3.775,0.0,0.4500000000000002,0.0,0.11920529801324509,0.0
272,4324,30,0-100,89.89889936675289,44.90415736898132,0.9163357822113375,48.34538547618561,24.60069988084876,203.1585475137416,1720.094970703125,4.0,3.825,1.35,0.35294117647058826,1888.548095703125,168.453125,3.55,0.4500000000000002,3.825,0.0,1.35,0.0,0.35294117647058826,0.0
273,1861,1069,849-1267,383.8729557384437,165.6207682351817,0.9993048441369579,347.6049827723823,168.26439368206522,1028.6448639980954,93660.0390625,3.55,3.775,0.4500000000000002,0.11920529801324509,94630.6484375,970.609375,3.55,0.0,3.775,0.0,0.4500000000000002,0.0,0.11920529801324509,0.0
274,1510,1170,849-1267,608.1424755699217,237.15752740319294,0.9985541488651639,839.5530474003365,290.3214748216712,1764.8158218739843,102617.3828125,3.55,3.775,0.4500000000000002,0.11920529801324509,106508.421875,3891.0390625,3.55,0.0,3.775,0.0,0.4500000000000002,0.0,0.11920529801324509,0.0
275,8024,1023,849-1267,488.17067435521113,191.6797428100586,0.9987958511213424,361.154458735745,138.62537682574728,1298.5328147207806,89725.03125,3.55,3.775,0.4500000000000002,0.11920529801324509,89549.890625,175.140625,3.55,0.0,3.775,0.0,0.4500000000000002,0.0,0.11920529801324509,0.0
276,6170,1303,1268-1678,468.0067232373543,204.74034011973507,0.9992830645061777,635.5189389917633,302.6719174592391,1264.9444280974024,115275.6015625,3.55,3.775,0.4500000000000002,0.11920529801324509,117362.5,2086.8984375,3.55,0.0,3.775,0.0,0.4500000000000002,0.0,0.11920529801324509,0.0
277,1577,1189,849-1267,452.12889460202877,195.4957178304921,0.9992414306315823,601.8999051636421,249.8651176120924,1278.123839076403,105690.96875,3.55,3.775,0.4500000000000002,0.11920529801324509,107261.5625,1570.59375,3.55,0.0,3.775,0.0,0.4500000000000002,0.0,0.11920529801324509,0.0
278,753,260,160-279,202.81946725117942,91.56945770336648,0.9947922354015017,172.5759269965004,83.82517010232677,516.1015993154705,17625.07421875,3.55,3.825,1.35,0.35294117647058826,17206.48046875,418.59375,3.55,0.0,3.825,0.0,1.35,0.0,0.35294117647058826,0.0
279,9235,1120,849-1267,395.2468582153019,156.83963045760444,0.9993375743138118,301.83352897633176,125.96870223335598,1072.8391423783585,99535.8515625,3.55,3.775,0.4500000000000002,0.11920529801324509,99594.0703125,58.21875,3.55,0.0,3.775,0.0,0.4500000000000002,0.0,0.11920529801324509,0.0
280,5777,709,428-848,347.18103159006387,147.9338651380456,0.9984468533361014,329.50631785154616,142.70689856487772,921.3131548991983,56240.48046875,3.55,3.575,0.8500000000000001,0.2377622377622378,55389.4296875,851.05078125,3.55,0.0,3.575,0.0,0.8500000000000001,0.0,0.2377622377622378,0.0
281,7989,4,0-100,94.46842196165713,48.56560080225675,-3.3111841023414925,23.294083476756363,17.363874207372252,189.0802747756753,244.29238891601562,3.55,3.825,1.35,0.35294117647058826,231.9803924560547,12.311996459960938,4.0,0.4500000000000002,3.9,0.07499999999999973,2.2,0.8500000000000001,0.5641025641025642,0.21116138763197595
282,7588,582,428-848,226.4711941426379,110.65169317175824,0.9989334907112655,144.606261559661,72.30464769446331,505.9436239407078,44207.15625,3.55,3.575,0.8500000000000001,0.2377622377622378,44311.36328125,104.20703125,3.55,0.0,3.575,0.0,0.8500000000000001,0.0,0.2377622377622378,0.0
283,1603,2124,2093-2500,2207.5895170794934,487.839601095183,0.9933839861729148,2065.233423700113,494.77861752717394,5444.839412618946,196306.40625,3.55,3.775,0.4500000000000002,0.11920529801324509,195812.28125,494.125,3.55,0.0,3.775,0.0,0.4500000000000002,0.0,0.11920529801324509,0.0
284,3443,1143,849-1267,642.0805403578182,243.29335016452956,0.9983139793582205,841.9129894872344,323.6865393597147,1897.5830623707643,105228.0,3.55,3.775,0.4500000000000002,0.11920529801324509,101821.2734375,3406.7265625,3.55,0.0,3.775,0.0,0.4500000000000002,0.0,0.11920529801324509,0.0
285,8685,2256,2093-2500,604.9632321359038,179.78528919757346,0.9995587219338644,214.55761378334424,108.2349269701087,1555.3478113344038,204433.78125,3.55,3.775,0.4500000000000002,0.11920529801324509,204796.78125,363.0,3.55,0.0,3.775,0.0,0.4500000000000002,0.0,0.11920529801324509,0.0
286,824,1159,849-1267,420.38001060099026,187.97478165561841,0.9992954213465748,430.8455398686042,226.5047607421875,1133.1851513869365,105682.6796875,3.55,3.775,0.4500000000000002,0.11920529801324509,104230.140625,1452.5390625,3.55,0.0,3.775,0.0,0.4500000000000002,0.0,0.11920529801324509,0.0
287,3290,463,428-848,335.80655392096236,136.1582823220958,0.9962439262073935,312.64118454745005,144.8932415506114,929.8352272021335,34807.73828125,4.0,3.575,0.8500000000000001,0.2377622377622378,33856.578125,951.16015625,3.55,0.4500000000000002,3.825,0.25,1.35,0.5,0.35294117647058826,0.11517893870835047
288,4726,826,428-848,514.6010539433232,196.74048244735053,0.9977672276538911,706.7940546422099,279.3510582965353,1415.894167928091,71081.1171875,3.55,3.775,0.4500000000000002,0.11920529801324509,68011.84375,3069.2734375,3.55,0.0,3.575,0.19999999999999973,0.8500000000000001,0.3999999999999999,0.2377622377622378,0.1185569397489927
289,9997,81,0-100,107.43408743367347,53.22444533310351,0.9812827252789019,118.25582543465923,53.88306194802989,244.011283324504,4799.2470703125,3.55,3.825,1.35,0.35294117647058826,5033.501953125,234.2548828125,3.55,0.0,3.825,0.0,1.35,0.0,0.35294117647058826,0.0
290,1360,1549,1268-1678,354.31067511788217,151.24458491605677,0.9997231475170874,488.42680281532773,163.90544327445653,997.0331176229964,143487.5625,3.55,3.775,0.4500000000000002,0.11920529801324509,143430.4375,57.125,3.55,0.0,3.775,0.0,0.4500000000000002,0.0,0.11920529801324509,0.0
291,5093,2047,1679-2092,969.4413390035345,296.34119236715566,0.9986966947657608,1196.2368920712956,400.4391452955163,2788.1461049513678,192242.625,3.55,3.775,0.4500000000000002,0.11920529801324509,189371.0,2871.625,3.55,0.0,3.775,0.0,0.4500000000000002,0.0,0.11920529801324509,0.0
292,7681,2299,2093-2500,702.8311590414656,187.21757287279212,0.9994113255074868,1238.9103177968848,309.4577212126359,2004.5007461840157,208117.796875,3.55,3.775,0.4500000000000002,0.11920529801324509,208323.984375,206.1875,3.55,0.0,3.775,0.0,0.4500000000000002,0.0,0.11920529801324509,0.0
293,4777,483,428-848,445.614380895642,184.10228302937384,0.9939810317433289,645.8774361954529,266.87117866847825,1195.84716865468,37327.05859375,3.55,3.575,0.8500000000000001,0.2377622377622378,35404.453125,1922.60546875,3.55,0.0,3.575,0.0,0.8500000000000001,0.0,0.2377622377622378,0.0
294,9194,1640,1268-1678,474.9130294926839,190.49232823154614,0.999552419425096,579.6835698237558,224.57808254076087,1365.3898771624133,151066.015625,3.55,3.775,0.4500000000000002,0.11920529801324509,152407.359375,1341.34375,3.55,0.0,3.775,0.0,0.4500000000000002,0.0,0.11920529801324509,0.0
295,2252,1455,1268-1678,864.782403353878,293.8555317810059,0.9981504865877704,1418.3147498977685,448.0427989130435,2615.6666105225117,139970.90625,3.55,3.775,0.4500000000000002,0.11920529801324509,134184.78125,5786.125,3.55,0.0,3.775,0.0,0.4500000000000002,0.0,0.11920529801324509,0.0
296,4388,2393,2093-2500,235.1594865149522,92.94358093580163,0.9999383256032125,241.93154513075345,89.0382663892663,617.3159730361965,213465.640625,3.55,3.775,0.4500000000000002,0.11920529801324509,213206.015625,259.625,3.55,0.0,3.775,0.0,0.4500000000000002,0.0,0.11920529801324509,0.0
297,7278,2119,2093-2500,544.1107882299534,193.0178745574951,0.9996193444057364,692.6554855819285,225.4931109884511,1552.7910472898743,198271.453125,3.55,3.775,0.4500000000000002,0.11920529801324509,195282.4375,2989.015625,3.55,0.0,3.775,0.0,0.4500000000000002,0.0,0.11920529801324509,0.0
298,1530,751,428-848,628.9825028938745,217.30148156419838,0.9960571369633088,837.9300838746358,296.37918754245925,1890.9026024775642,64811.5546875,3.55,3.775,0.4500000000000002,0.11920529801324509,61616.42578125,3195.12890625,3.55,0.0,3.575,0.19999999999999973,0.8500000000000001,0.3999999999999999,0.2377622377622378,0.1185569397489927
299,1571,15,0-100,98.63509920706508,50.24018642244935,0.5491320800012618,40.42148505267392,27.049921284551207,236.04945854156117,847.95263671875,3.55,3.825,1.35,0.35294117647058826,904.5662231445312,56.61358642578125,3.55,0.0,3.825,0.0,1.35,0.0,0.35294117647058826,0.0
300,1454,1762,1679-2092,537.8319160154093,206.22345203326682,0.9994847426143361,554.6452048023987,211.7239937160326,1486.5381088046013,165154.53125,3.55,3.775,0.4500000000000002,0.11920529801324509,165342.921875,188.390625,3.55,0.0,3.775,0.0,0.4500000000000002,0.0,0.11920529801324509,0.0
301,4841,450,428-848,362.93759255530915,151.35277849811055,0.9950999049715048,495.647361745992,185.1594822095788,984.6571218197339,32377.404296875,3.55,3.825,1.35,0.35294117647058826,33076.4765625,699.072265625,4.0,0.4500000000000002,3.825,0.0,1.35,0.0,0.35294117647058826,0.0
302,959,1234,849-1267,412.50135872377615,182.74517186597743,0.9993936823591563,349.3731510941239,164.8302001953125,1081.7238634059631,110993.4609375,3.55,3.775,0.4500000000000002,0.11920529801324509,111570.25,576.7890625,3.55,0.0,3.775,0.0,0.4500000000000002,0.0,0.11920529801324509,0.0
303,9938,2413,2093-2500,503.03490486251127,145.33397513480807,0.9997159623386022,507.0235242077568,179.73075534986413,1287.5200418387674,213408.78125,3.55,3.775,0.4500000000000002,0.11920529801324509,214545.734375,1136.953125,3.55,0.0,3.775,0.0,0.4500000000000002,0.0,0.11920529801324509,0.0
304,688,1791,1679-2092,2101.5308463273263,509.6918977517833,0.9917838920146178,3483.192568778264,862.304591966712,5624.597372924392,167902.375,3.55,3.775,0.4500000000000002,0.11920529801324509,167042.1875,860.1875,3.55,0.0,3.775,0.0,0.4500000000000002,0.0,0.11920529801324509,0.0
305,2944,2035,1679-2092,563.1399376889852,193.45458997935418,0.9995546057027767,437.3177024152082,204.83700959578803,1567.0261621611323,187145.4375,3.55,3.775,0.4500000000000002,0.11920529801324509,188689.78125,1544.34375,3.55,0.0,3.775,0.0,0.4500000000000002,0.0,0.11920529801324509,0.0
306,7838,1611,1268-1678,426.22775660844866,175.9562246038022,0.9996305589734189,559.0385344299698,246.17033585258153,1215.6855823194103,151692.71875,3.55,3.775,0.4500000000000002,0.11920529801324509,149489.484375,2203.234375,3.55,0.0,3.775,0.0,0.4500000000000002,0.0,0.11920529801324509,0.0
307,698,1653,1268-1678,812.7239410339562,262.5639411759086,0.9986884140586036,999.6694202116973,334.95351774796194,2286.4199341421263,155651.4375,3.55,3.775,0.4500000000000002,0.11920529801324509,154874.875,776.5625,3.55,0.0,3.775,0.0,0.4500000000000002,0.0,0.11920529801324509,0.0
308,6151,2128,2093-2500,925.3910147728476,238.4923760102645,0.9988970692790169,644.9753908661504,231.25365149456522,2587.331503335154,194445.484375,3.55,3.775,0.4500000000000002,0.11920529801324509,196523.78125,2078.296875,3.55,0.0,3.775,0.0,0.4500000000000002,0.0,0.11920529801324509,0.0
309,4103,2443,2093-2500,164.6649286278689,74.44266975628396,0.9999701977973582,281.1587631311154,118.51896866508152,444.7292219329574,215437.625,3.55,3.775,0.4500000000000002,0.11920529801324509,216074.734375,637.109375,3.55,0.0,3.775,0.0,0.4500000000000002,0.0,0.11920529801324509,0.0
310,8119,523,428-848,326.1373172753326,131.82712299459706,0.9971866568649972,516.9191575576506,186.34647004500678,912.3729535965354,39109.90625,4.0,3.575,0.8500000000000001,0.2377622377622378,38154.50390625,955.40234375,4.0,0.0,3.825,0.25,1.35,0.5,0.35294117647058826,0.11517893870835047
311,4177,1844,1679-2092,474.30385344864976,179.17054485102113,0.9996395596432333,380.9643108267456,163.46238111413044,1250.3789982747808,173863.34375,3.55,3.775,0.4500000000000002,0.11920529801324509,172363.234375,1500.109375,3.55,0.0,3.775,0.0,0.4500000000000002,0.0,0.11920529801324509,0.0
312,6532,240,160-279,165.6310502076134,78.18162613201142,0.9958633699044921,158.40609663586713,91.14694479237433,371.1318175381614,16572.265625,3.55,3.825,1.35,0.35294117647058826,15987.857421875,584.408203125,3.55,0.0,3.825,0.0,1.35,0.0,0.35294117647058826,0.0
313,4222,1514,1268-1678,432.2062121455233,196.98336798626443,0.9995740009902928,514.4046185928718,233.6598590353261,1164.1076324400485,142533.8125,3.55,3.775,0.4500000000000002,0.11920529801324509,140709.34375,1824.46875,3.55,0.0,3.775,0.0,0.4500000000000002,0.0,0.11920529801324509,0.0
314,306,1624,1268-1678,592.7283583899306,224.6150915211553,0.9992623665006889,850.164909048968,298.65299125339675,1700.2433548563358,147940.4375,3.55,3.775,0.4500000000000002,0.11920529801324509,151415.8125,3475.375,3.55,0.0,3.775,0.0,0.4500000000000002,0.0,0.11920529801324509,0.0
315,259,1295,1268-1678,758.5616960973833,265.25074056741465,0.9981126126321239,769.5735434774293,250.04464058254075,2220.3549703094354,114461.2109375,3.55,3.775,0.4500000000000002,0.11920529801324509,118070.2109375,3609.0,3.55,0.0,3.775,0.0,0.4500000000000002,0.0,0.11920529801324509,0.0
316,3902,741,428-848,283.24521147776886,135.7591209394372,0.9990594883691765,406.5976344910731,191.55632218070653,699.681613288303,58042.546875,3.55,3.575,0.8500000000000001,0.2377622377622378,59136.015625,1093.46875,3.55,0.0,3.575,0.0,0.8500000000000001,0.0,0.2377622377622378,0.0
317,3900,859,849-1267,651.6104613146114,238.65557167942214,0.996648148700446,696.1226048839449,268.05709175441575,1912.102471592184,74626.03125,3.55,3.775,0.4500000000000002,0.11920529801324509,71926.46875,2699.5625,3.55,0.0,3.775,0.0,0.4500000000000002,0.0,0.11920529801324509,0.0
318,561,278,160-279,241.8888122936273,106.08470327388514,0.993729351940522,372.0082362982287,160.0487233037534,638.9355761278891,19280.28125,3.55,3.825,1.35,0.35294117647058826,18601.083984375,679.197265625,3.55,0.0,3.825,0.0,1.35,0.0,0.35294117647058826,0.0
319,7562,1112,849-1267,501.4907038259985,194.75742847210427,0.9989727059036305,643.6842647676109,231.0283043902853,1414.585884336552,102006.171875,3.55,3.775,0.4500000000000002,0.11920529801324509,99276.171875,2730.0,3.55,0.0,3.775,0.0,0.4500000000000002,0.0,0.11920529801324509,0.0
320,2494,985,849-1267,1093.0934699974737,337.94299167042607,0.9926809332398365,1666.689795186623,461.8511856742527,3350.4806825656283,81485.015625,4.0,3.775,0.4500000000000002,0.11920529801324509,84645.1328125,3160.1171875,3.55,0.4500000000000002,3.775,0.0,0.4500000000000002,0.0,0.11920529801324509,0.0
321,1139,1866,1679-2092,371.56012859256543,164.63264533346424,0.9997829455521149,402.1750858850704,200.14133619225544,948.2572916108908,175147.265625,3.55,3.775,0.4500000000000002,0.11920529801324509,173793.796875,1353.46875,3.55,0.0,3.775,0.0,0.4500000000000002,0.0,0.11920529801324509,0.0
322,7349,2015,1679-2092,730.3573595790117,247.77712734255584,0.999236991420231,798.6336815209611,270.5963293987772,2009.991148928284,184922.9375,3.55,3.775,0.4500000000000002,0.11920529801324509,185858.9375,936.0,3.55,0.0,3.775,0.0,0.4500000000000002,0.0,0.11920529801324509,0.0
323,6403,524,428-848,311.1091166342959,141.65942239738132,0.9976182309221984,315.5071729596911,138.2666997494905,770.6133312355911,40365.72265625,3.55,3.575,0.8500000000000001,0.2377622377622378,39481.34765625,884.375,3.55,0.0,3.575,0.0,0.8500000000000001,0.0,0.2377622377622378,0.0
324,197,2072,1679-2092,1256.0520358283204,386.90685420625107,0.9978718569946073,1900.6828741894562,615.4285198709239,3606.7722220636115,196561.859375,3.55,3.775,0.4500000000000002,0.11920529801324509,191482.734375,5079.125,3.55,0.0,3.775,0.0,0.4500000000000002,0.0,0.11920529801324509,0.0
325,8527,1373,1268-1678,457.20492658606264,205.98695556905994,0.9994193961577016,584.1550089159522,244.68330715013587,1279.0919163741753,128342.8515625,3.55,3.775,0.4500000000000002,0.11920529801324509,126907.1171875,1435.734375,3.55,0.0,3.775,0.0,0.4500000000000002,0.0,0.11920529801324509,0.0
326,7242,307,280-427,149.9430756024079,73.99505202822063,0.9979985688065444,144.15355082628997,74.23198136039402,342.07344193093326,20795.109375,3.55,3.825,1.35,0.35294117647058826,20983.455078125,188.345703125,3.55,0.0,3.825,0.0,1.35,0.0,0.35294117647058826,0.0
327,9947,951,849-1267,599.4596056070219,245.80905743832795,0.9978505729088817,814.0257264699704,353.4828995414402,1743.00002802682,84439.75,3.55,3.775,0.4500000000000002,0.11920529801324509,81369.609375,3070.140625,3.55,0.0,3.775,0.0,0.4500000000000002,0.0,0.11920529801324509,0.0
328,380,1935,1679-2092,723.8520113401904,239.68296296970533,0.999220188671394,857.5724802935465,297.5639011548913,1890.99028967892,180525.8125,3.55,3.775,0.4500000000000002,0.11920529801324509,180477.3125,48.5,3.55,0.0,3.775,0.0,0.4500000000000002,0.0,0.11920529801324509,0.0
329,200,107,101-159,116.44375065025386,56.859560048619564,0.988339678068254,71.27654955773934,39.195697950280234,281.5325571668466,6630.92041015625,3.55,3.825,1.35,0.35294117647058826,6872.7900390625,241.86962890625,3.55,0.0,3.825,0.0,1.35,0.0,0.35294117647058826,0.0
330,4799,1229,849-1267,764.2253369750584,286.37266912868336,0.997983914715465,969.5214706704193,365.5050632642663,2264.3369783521107,115143.5234375,3.55,3.775,0.4500000000000002,0.11920529801324509,111055.5390625,4087.984375,3.55,0.0,3.775,0.0,0.4500000000000002,0.0,0.11920529801324509,0.0
331,7902,829,428-848,319.4026226059091,140.15788096260403,0.9991202768653525,116.55777187399576,76.73795749830163,685.826304983493,69396.46875,3.55,3.575,0.8500000000000001,0.2377622377622378,69686.0078125,289.5390625,3.55,0.0,3.775,0.19999999999999973,0.4500000000000002,0.3999999999999999,0.11920529801324509,0.1185569397489927
332,8379,1566,1268-1678,387.15510106583235,165.64916096483313,0.9996747922346,437.7900581481435,198.08889903192934,1014.297308657321,144482.796875,3.55,3.775,0.4500000000000002,0.11920529801324509,145481.640625,998.84375,3.55,0.0,3.775,0.0,0.4500000000000002,0.0,0.11920529801324509,0.0
333,4528,119,101-159,137.42496691188128,67.42331696371203,0.987971969835801,187.69153547335657,77.34544903299083,337.8065090622336,8018.865234375,4.0,3.825,1.35,0.35294117647058826,7535.0849609375,483.7802734375,3.55,0.4500000000000002,3.825,0.0,1.35,0.0,0.35294117647058826,0.0
334,7353,528,428-848,284.36011477685355,128.72511166016952,0.9979118200886303,303.06963213309183,127.59271240234375,753.7572332116348,39575.5390625,3.55,3.575,0.8500000000000001,0.2377622377622378,38868.25390625,707.28515625,3.55,0.0,3.575,0.0,0.8500000000000001,0.0,0.2377622377622378,0.0
335,1544,703,428-848,362.74251315444207,155.80251749605097,0.9983665257252762,146.08526789056518,94.09767217221467,957.5761171029741,57101.84375,3.55,3.575,0.8500000000000001,0.2377622377622378,57014.890625,86.953125,3.55,0.0,3.575,0.0,0.8500000000000001,0.0,0.2377622377622378,0.0
336,4743,1369,1268-1678,446.0446317971422,191.13783738867718,0.9994323731946032,622.75974850073,281.3622303838315,1309.8929169573814,123825.2734375,3.55,3.775,0.4500000000000002,0.11920529801324509,126017.75,2192.4765625,3.55,0.0,3.775,0.0,0.4500000000000002,0.0,0.11920529801324509,0.0
337,4252,1067,849-1267,766.3086970414765,269.83140996146824,0.9972123309617811,987.953678335966,380.33188264266306,2205.096174972158,97913.84375,3.55,3.775,0.4500000000000002,0.11920529801324509,94240.828125,3673.015625,3.55,0.0,3.775,0.0,0.4500000000000002,0.0,0.11920529801324509,0.0
338,3657,2341,2093-2500,869.517212723261,212.33025915076215,0.9991114302970956,1176.1997154559103,316.31154466711956,2409.184480310544,209602.140625,3.55,3.775,0.4500000000000002,0.11920529801324509,210594.6875,992.546875,3.55,0.0,3.775,0.0,0.4500000000000002,0.0,0.11920529801324509,0.0
339,5327,651,428-848,388.92617954689456,160.33498377881259,0.9977113328333082,194.5485119461568,110.63584568189538,970.0548487242543,51890.359375,3.55,3.575,0.8500000000000001,0.2377622377622378,51309.4609375,580.8984375,3.55,0.0,3.575,0.0,0.8500000000000001,0.0,0.2377622377622378,0.0
340,3524,389,280-427,228.4452525856791,101.10027940075086,0.9974337426932613,130.43194855852087,63.0391500721807,554.4915427391443,27344.197265625,4.0,3.825,1.35,0.35294117647058826,26844.53515625,499.662109375,4.0,0.0,3.825,0.0,1.35,0.0,0.35294117647058826,0.0
341,3611,1338,1268-1678,445.7645075556782,191.44939289710004,0.9994316633547022,398.84361819010485,167.63133704144022,1116.6279388333141,124726.609375,3.55,3.775,0.4500000000000002,0.11920529801324509,123107.4296875,1619.1796875,3.55,0.0,3.775,0.0,0.4500000000000002,0.0,0.11920529801324509,0.0
342,7893,139,101-159,128.67120111767233,62.749450592041015,0.9919822788975542,103.52261904131129,58.51472141431726,271.7840937731964,8364.5615234375,3.55,3.825,1.35,0.35294117647058826,8640.169921875,275.6083984375,3.55,0.0,3.825,0.0,1.35,0.0,0.35294117647058826,0.0
343,8840,931,849-1267,622.0621797417117,229.23451589488153,0.997433715164464,753.9653044163292,265.4513045601223,1747.4154549849086,80520.0234375,3.55,3.775,0.4500000000000002,0.11920529801324509,79577.6328125,942.390625,3.55,0.0,3.775,0.0,0.4500000000000002,0.0,0.11920529801324509,0.0
344,9790,487,428-848,421.85846337405974,160.23338168723066,0.9949957538708393,642.5185203132298,230.25806460173234,1219.0456781811959,38787.9140625,3.55,3.575,0.8500000000000001,0.2377622377622378,36686.09375,2101.8203125,4.0,0.4500000000000002,3.575,0.0,0.8500000000000001,0.0,0.2377622377622378,0.0
345,9522,2429,2093-2500,196.74548396512145,82.97583628672724,0.999957335307021,282.3945366916537,110.77681300951087,512.9576430740913,215147.296875,3.55,3.775,0.4500000000000002,0.11920529801324509,215537.296875,390.0,3.55,0.0,3.775,0.0,0.4500000000000002,0.0,0.11920529801324509,0.0
346,9324,10,0-100,88.8653915840023,45.681995912742615,0.13443557935223915,22.53844557316956,14.53920488772185,176.06517822096174,548.2962036132812,3.55,3.825,1.35,0.35294117647058826,569.1991577148438,20.9029541015625,4.0,0.4500000000000002,3.825,0.0,1.35,0.0,0.35294117647058826,0.0
347,1883,1431,1268-1678,396.01410617983043,178.19733903702445,0.9996028344625381,502.5013770405289,232.14150602921197,1064.675021960216,133255.046875,3.55,3.775,0.4500000000000002,0.11920529801324509,131861.09375,1393.953125,3.55,0.0,3.775,0.0,0.4500000000000002,0.0,0.11920529801324509,0.0
348,1453,2340,2093-2500,373.61852022077807,126.44086884341033,0.9998382028265798,182.22051518868727,75.23800526494566,1083.5258612614052,209840.34375,3.55,3.775,0.4500000000000002,0.11920529801324509,210102.703125,262.359375,3.55,0.0,3.775,0.0,0.4500000000000002,0.0,0.11920529801324509,0.0
349,2387,1768,1679-2092,485.3870428433229,166.3299328544285,0.9995928760832984,246.315052927537,116.02273692255434,1385.3560318541117,165244.59375,3.55,3.775,0.4500000000000002,0.11920529801324509,166043.0625,798.46875,3.55,0.0,3.775,0.0,0.4500000000000002,0.0,0.11920529801324509,0.0
350,8734,370,280-427,281.4586699735441,113.6880123813795,0.9955574408973454,316.59568706695615,109.83543860394022,754.6552542739785,27104.5625,4.0,3.575,0.8500000000000001,0.2377622377622378,25874.9765625,1229.5859375,3.55,0.4500000000000002,3.825,0.25,1.35,0.5,0.35294117647058826,0.11517893870835047
351,7459,1267,849-1267,449.2487436923302,190.2752486283012,0.9993592951665898,769.9798766704369,228.6497855808424,1297.6882541422608,118150.3515625,3.55,3.775,0.4500000000000002,0.11920529801324509,114527.890625,3622.4609375,3.55,0.0,3.775,0.0,0.4500000000000002,0.0,0.11920529801324509,0.0
352,4669,592,428-848,387.0605832916701,154.0533611008354,0.9970356146540535,568.7122234585347,192.9120509935462,1062.2711614820794,46275.296875,4.0,3.575,0.8500000000000001,0.2377622377622378,46349.3515625,74.0546875,3.55,0.4500000000000002,3.575,0.0,0.8500000000000001,0.0,0.2377622377622378,0.0
353,7716,1271,1268-1678,490.3335204708386,201.3190471058721,0.9992243377480805,480.6954360865205,211.46232804008153,1383.5057164211069,118167.3671875,3.55,3.775,0.4500000000000002,0.11920529801324509,116113.6015625,2053.765625,3.55,0.0,3.775,0.0,0.4500000000000002,0.0,0.11920529801324509,0.0
354,4951,2361,2093-2500,214.89754794722802,93.37059306428328,0.9999474903666339,155.66063402452983,75.70638374660327,576.1156119055978,211783.484375,3.55,3.775,0.4500000000000002,0.11920529801324509,211222.9375,560.546875,3.55,0.0,3.775,0.0,0.4500000000000002,0.0,0.11920529801324509,0.0
355,1848,636,428-848,343.8078886704849,144.46754352901294,0.9981424891109089,230.53547207572882,128.01954982591712,742.4671243089032,49884.25390625,4.0,3.575,0.8500000000000001,0.2377622377622378,49684.953125,199.30078125,3.55,0.4500000000000002,3.575,0.0,0.8500000000000001,0.0,0.2377622377622378,0.0
356,3782,1487,1268-1678,697.5670471185133,251.42919066294795,0.9988363195554826,985.9716958881978,372.9109311311141,2067.8978761932476,140756.40625,3.55,3.775,0.4500000000000002,0.11920529801324509,137518.984375,3237.421875,3.55,0.0,3.775,0.0,0.4500000000000002,0.0,0.11920529801324509,0.0
357,3377,332,280-427,211.0793553062122,100.94452334289551,0.996488362623713,185.8304975454558,86.10296630859375,502.3718102726379,22342.7265625,3.55,3.825,1.35,0.35294117647058826,22309.9375,32.7890625,3.55,0.0,3.825,0.0,1.35,0.0,0.35294117647058826,0.0
358,5676,1627,1268-1678,386.889311996031,178.8087425271739,0.9996928390221073,468.3548555025574,195.1380456012228,1051.1532783972527,150512.671875,3.55,3.775,0.4500000000000002,0.11920529801324509,152112.171875,1599.5,3.55,0.0,3.775,0.0,0.4500000000000002,0.0,0.11920529801324509,0.0
359,7612,707,428-848,437.6599717839579,188.32265983727495,0.9975381502190498,538.9082940942301,211.42988387398097,1081.6842483104792,56702.46484375,3.55,3.575,0.8500000000000001,0.2377622377622378,57177.63671875,475.171875,3.55,0.0,3.575,0.0,0.8500000000000001,0.0,0.2377622377622378,0.0
360,4155,1725,1679-2092,493.87028510612936,199.1237316639776,0.9995662348854666,563.9411962749438,218.47830332880434,1440.278555759704,164313.375,3.55,3.775,0.4500000000000002,0.11920529801324509,161804.375,2509.0,3.55,0.0,3.775,0.0,0.4500000000000002,0.0,0.11920529801324509,0.0
361,2306,2489,2093-2500,151.22099250543587,69.12635033012059,0.9999754898716722,190.86834641543877,95.4657672384511,390.7730941482507,218128.9375,3.55,3.775,0.4500000000000002,0.11920529801324509,218428.703125,299.765625,3.55,0.0,3.775,0.0,0.4500000000000002,0.0,0.11920529801324509,0.0
362,5918,848,428-848,413.0898428062313,166.72061738321057,0.9985517201229387,591.4240132895296,255.39462678328803,1183.5898959330807,69100.2421875,4.0,3.575,0.8500000000000001,0.2377622377622378,71018.6484375,1918.40625,3.55,0.4500000000000002,3.775,0.19999999999999973,0.4500000000000002,0.3999999999999999,0.11920529801324509,0.1185569397489927
363,8928,686,428-848,366.8431955101735,162.22661724336044,0.998113407457898,367.3964881414482,135.74289338485053,942.2368693423999,53307.71875,4.0,3.575,0.8500000000000001,0.2377622377622378,54321.01171875,1013.29296875,3.55,0.4500000000000002,3.575,0.0,0.8500000000000001,0.0,0.2377622377622378,0.0
364,9990,44,0-100,94.71456813230643,50.16184013865564,0.9492739819702035,97.08203840005797,48.48674309771994,211.4282149339792,2612.924072265625,4.0,3.825,1.35,0.35294117647058826,2649.23876953125,36.314697265625,3.55,0.4500000000000002,3.825,0.0,1.35,0.0,0.35294117647058826,0.0
365,2753,2414,2093-2500,279.8095876537165,104.18181967030401,0.9999127039270791,301.39174492675323,133.9278511379076,750.7843096113993,213904.28125,3.55,3.775,0.4500000000000002,0.11920529801324509,214818.234375,913.953125,3.55,0.0,3.775,0.0,0.4500000000000002,0.0,0.11920529801324509,0.0
366,1442,1583,1268-1678,462.78114629085127,198.24591458925994,0.9995430859384151,564.7051317651387,262.2235903532609,1204.9700343945872,149493.453125,3.55,3.775,0.4500000000000002,0.11920529801324509,147373.90625,2119.546875,3.55,0.0,3.775,0.0,0.4500000000000002,0.0,0.11920529801324509,0.0
367,9628,1748,1679-2092,1483.4410424030002,409.99955443884807,0.9964175856908957,2305.7727921029345,613.1205842391304,4641.586414029609,174735.734375,3.55,3.775,0.4500000000000002,0.11920529801324509,163764.765625,10970.96875,3.55,0.0,3.775,0.0,0.4500000000000002,0.0,0.11920529801324509,0.0
368,8798,1271,1268-1678,659.4850489754201,244.34845398586108,0.9985426121412685,785.6015488532582,257.7928626019022,1919.7994615797734,111176.3203125,3.55,3.775,0.4500000000000002,0.11920529801324509,114851.46875,3675.1484375,3.55,0.0,3.775,0.0,0.4500000000000002,0.0,0.11920529801324509,0.0
369,3776,1859,1679-2092,345.18608582454885,142.6980813918404,0.9998095234231266,477.5131757095309,168.71879245923913,901.2067502610562,173174.21875,3.55,3.775,0.4500000000000002,0.11920529801324509,173581.875,407.65625,3.55,0.0,3.775,0.0,0.4500000000000002,0.0,0.11920529801324509,0.0
370,7162,1975,1679-2092,392.01277990667535,156.98742938842773,0.9997795876385115,447.76908505144905,205.5687308933424,1012.5064806877784,184760.984375,3.55,3.775,0.4500000000000002,0.11920529801324509,183777.421875,983.5625,3.55,0.0,3.775,0.0,0.4500000000000002,0.0,0.11920529801324509,0.0
371,1497,777,428-848,548.3883340163678,198.31511711240023,0.9970408445813761,699.7288411925781,249.32398522418478,1620.648707676725,66928.6953125,3.55,3.775,0.4500000000000002,0.11920529801324509,64082.46875,2846.2265625,3.55,0.0,3.575,0.19999999999999973,0.8500000000000001,0.3999999999999999,0.2377622377622378,0.1185569397489927
372,8158,2257,2093-2500,334.31211949410675,127.66681205245308,0.9998650913100404,88.72310318868706,50.75186820652174,833.3456502321999,204849.984375,3.55,3.775,0.4500000000000002,0.11920529801324509,204986.0,136.015625,3.55,0.0,3.775,0.0,0.4500000000000002,0.0,0.11920529801324509,0.0
373,8725,1972,1679-2092,1123.1594635619567,309.7229712022201,0.9981769423823166,362.5051352594071,146.00390625,2927.9247832044143,182533.0625,3.55,3.775,0.4500000000000002,0.11920529801324509,184155.875,1622.8125,3.55,0.0,3.775,0.0,0.4500000000000002,0.0,0.11920529801324509,0.0
374,4092,173,160-279,147.34173975927408,69.21765594458373,0.9930938387178567,77.8823765122914,45.26027248216712,297.01491613911566,10900.40625,3.55,3.825,1.35,0.35294117647058826,11081.201171875,180.794921875,3.55,0.0,3.825,0.0,1.35,0.0,0.35294117647058826,0.0
375,4115,1744,1679-2092,405.09156786515285,162.10796991444462,0.9997066663818185,420.78785159637437,176.1092476222826,1089.070285780613,165156.671875,3.55,3.775,0.4500000000000002,0.11920529801324509,163450.65625,1706.015625,3.55,0.0,3.775,0.0,0.4500000000000002,0.0,0.11920529801324509,0.0
376,8555,218,160-279,148.31364935684448,72.90535882759094,0.9957649671545133,96.75356890245575,54.407529084578805,297.53063872328227,14463.943359375,3.55,3.825,1.35,0.35294117647058826,14135.3251953125,328.6181640625,3.55,0.0,3.825,0.0,1.35,0.0,0.35294117647058826,0.0
377,9699,2225,2093-2500,756.6599459062015,196.34238958488132,0.9992860961303688,696.0397137063869,226.33798615828803,1958.3547683927097,202135.578125,3.55,3.775,0.4500000000000002,0.11920529801324509,203199.703125,1064.125,3.55,0.0,3.775,0.0,0.4500000000000002,0.0,0.11920529801324509,0.0
378,6948,2165,2093-2500,828.0747726850327,230.59114992118504,0.9991218978387338,1304.004467258647,359.0428944463315,2347.0764149199013,199872.625,3.55,3.775,0.4500000000000002,0.11920529801324509,199241.078125,631.546875,3.55,0.0,3.775,0.0,0.4500000000000002,0.0,0.11920529801324509,0.0
379,524,26,0-100,100.5990958396007,49.86641397178484,0.8880155952960871,57.10924724712973,30.393919405729875,248.23574601611492,1690.76220703125,4.0,3.825,1.35,0.35294117647058826,1733.3817138671875,42.6195068359375,3.55,0.4500000000000002,3.825,0.0,1.35,0.0,0.35294117647058826,0.0
380,5062,1675,1268-1678,373.3944345273795,162.12439746034042,0.9997351101517428,442.6791160424035,181.7530358355978,1024.7790102860865,156923.90625,3.55,3.775,0.4500000000000002,0.11920529801324509,157766.265625,842.359375,3.55,0.0,3.775,0.0,0.4500000000000002,0.0,0.11920529801324509,0.0
381,3070,1495,1268-1678,782.6507098214399,293.42786087069305,0.9986100667264641,1289.95485163055,455.9320227581522,2387.954382729501,144201.0625,3.55,3.775,0.4500000000000002,0.11920529801324509,138446.1875,5754.875,3.55,0.0,3.775,0.0,0.4500000000000002,0.0,0.11920529801324509,0.0
382,613,732,428-848,414.82316136607085,168.3848405983303,0.9981185326949025,462.75583541588344,169.22878099524456,1142.4472438241253,60233.80859375,4.0,3.575,0.8500000000000001,0.2377622377622378,59302.30078125,931.5078125,3.55,0.4500000000000002,3.575,0.0,0.8500000000000001,0.0,0.2377622377622378,0.0
383,2612,819,428-848,407.1474617134701,164.12028430918818,0.9984817003479465,241.53471123601815,136.7206447435462,939.1072594606818,67699.65625,3.55,3.575,0.8500000000000001,0.2377622377622378,68510.2109375,810.5546875,3.55,0.0,3.575,0.0,0.8500000000000001,0.0,0.2377622377622378,0.0
384,1787,476,428-848,257.18559060747145,109.10818905553403,0.9978204496620846,271.5976410053075,118.6684862219769,706.6209255775049,34098.4921875,3.55,3.825,1.35,0.35294117647058826,34761.078125,662.5859375,3.55,0.0,3.825,0.0,1.35,0.0,0.35294117647058826,0.0
385,7724,254,160-279,196.1798514946591,89.69910526547639,0.9942233473247503,189.38419471712712,84.01775592306386,398.0584867182271,15978.4189453125,3.55,3.825,1.35,0.35294117647058826,16457.142578125,478.7236328125,3.55,0.0,3.825,0.0,1.35,0.0,0.35294117647058826,0.0
386,7782,1076,849-1267,611.9656538036721,240.78189325163467,0.998249293721995,850.099511315467,346.42881177819294,1677.8315012753503,98836.296875,3.55,3.775,0.4500000000000002,0.11920529801324509,96541.84375,2294.453125,3.55,0.0,3.775,0.0,0.4500000000000002,0.0,0.11920529801324509,0.0
387,23,2211,2093-2500,543.523065842796,171.89755117691703,0.999633764355957,371.250434393221,152.7330269191576,1505.6970519008137,200789.375,3.55,3.775,0.4500000000000002,0.11920529801324509,201837.234375,1047.859375,3.55,0.0,3.775,0.0,0.4500000000000002,0.0,0.11920529801324509,0.0
388,410,1568,1268-1678,454.0330989972994,199.28135284476903,0.9995507638673999,364.00825282037243,203.4556300951087,1159.4864356249582,146498.046875,3.55,3.775,0.4500000000000002,0.11920529801324509,146825.15625,327.109375,3.55,0.0,3.775,0.0,0.4500000000000002,0.0,0.11920529801324509,0.0
389,5740,279,160-279,175.85830221006398,85.54480808022541,0.9966566707496453,136.14949953900742,78.16585374915081,389.9026212226297,18981.36328125,3.55,3.825,1.35,0.35294117647058826,19026.84765625,45.484375,3.55,0.0,3.825,0.0,1.35,0.0,0.35294117647058826,0.0
390,1724,1086,849-1267,416.30065649102215,185.94706993567425,0.9992573204173789,625.5844203170496,278.5083113960598,1179.627437873998,97444.5,3.55,3.775,0.4500000000000002,0.11920529801324509,96083.8984375,1360.6015625,3.55,0.0,3.775,0.0,0.4500000000000002,0.0,0.11920529801324509,0.0
391,1398,88,0-100,99.1271446422269,50.64272043106659,0.9888380923657138,80.72381309745747,37.1286680802055,227.4084587031604,5428.74560546875,4.0,3.825,1.35,0.35294117647058826,5241.65087890625,187.0947265625,3.55,0.4500000000000002,3.825,0.0,1.35,0.0,0.35294117647058826,0.0
392,4374,1208,849-1267,471.3148064605846,195.31491001427693,0.9992206886401006,783.350246678701,281.99179475203806,1355.1162054625954,112218.7578125,3.55,3.775,0.4500000000000002,0.11920529801324509,108648.6015625,3570.15625,3.55,0.0,3.775,0.0,0.4500000000000002,0.0,0.11920529801324509,0.0
393,8385,2483,2093-2500,167.9827979513579,75.57200606317934,0.9999696355426139,255.15352537203148,111.31857167119566,451.8969188463596,217937.015625,3.55,3.775,0.4500000000000002,0.11920529801324509,218209.203125,272.1875,3.55,0.0,3.775,0.0,0.4500000000000002,0.0,0.11920529801324509,0.0
394,2891,2280,2093-2500,896.186938032942,247.35094676938263,0.9990557518702593,941.418428958273,312.930908203125,2125.0628927649045,206216.09375,3.55,3.775,0.4500000000000002,0.11920529801324509,206893.40625,677.3125,3.55,0.0,3.775,0.0,0.4500000000000002,0.0,0.11920529801324509,0.0
395,5703,1514,1268-1678,404.60826564103064,163.6922690005095,0.9996235454994932,161.25236296355965,88.18195906929348,1076.2227031060188,141077.1875,3.55,3.775,0.4500000000000002,0.11920529801324509,140425.5,651.6875,3.55,0.0,3.775,0.0,0.4500000000000002,0.0,0.11920529801324509,0.0
396,5629,1455,1268-1678,1196.445546834703,327.6477537447722,0.9967115101515104,1985.5253326774641,478.62372622282606,3727.7670238320447,144663.40625,3.55,3.775,0.4500000000000002,0.11920529801324509,135157.421875,9505.984375,3.55,0.0,3.775,0.0,0.4500000000000002,0.0,0.11920529801324509,0.0
397,7059,1111,849-1267,588.1505027529524,235.0895646983271,0.9985664596947201,740.8000025202206,299.9735691236413,1698.1946939896372,101448.546875,3.55,3.775,0.4500000000000002,0.11920529801324509,99319.6875,2128.859375,3.55,0.0,3.775,0.0,0.4500000000000002,0.0,0.11920529801324509,0.0
398,1344,1387,1268-1678,566.9470255119998,225.0914531732974,0.9990591736883828,917.6263353341957,295.324510657269,1628.832808168401,123443.6875,3.55,3.775,0.4500000000000002,0.11920529801324509,127535.3515625,4091.6640625,3.55,0.0,3.775,0.0,0.4500000000000002,0.0,0.11920529801324509,0.0
399,1977,1392,1268-1678,338.1469615617523,149.14845901860775,0.9996888302409817,201.20987053586066,115.8515094259511,853.8087180293279,128901.953125,3.55,3.775,0.4500000000000002,0.11920529801324509,128227.9296875,674.0234375,3.55,0.0,3.775,0.0,0.4500000000000002,0.0,0.11920529801324509,0.0
400,4068,2216,2093-2500,318.2096446527441,129.9064598619544,0.999877085682393,397.7823933756149,164.0116550611413,844.7867026808219,203950.046875,3.55,3.775,0.4500000000000002,0.11920529801324509,202230.84375,1719.203125,3.55,0.0,3.775,0.0,0.4500000000000002,0.0,0.11920529801324509,0.0
401,9250,765,428-848,330.08153745270596,146.15568001337465,0.9988110753387411,273.76697249697315,126.22050675101902,847.2669265490503,59596.16015625,3.55,3.575,0.8500000000000001,0.2377622377622378,60772.05859375,1175.8984375,3.55,0.0,3.575,0.0,0.8500000000000001,0.0,0.2377622377622378,0.0
402,9795,2479,2093-2500,186.28574293196422,78.99859065365999,0.99996251354286,253.92025482637618,104.41572902513587,511.9459185933505,217516.140625,3.55,3.775,0.4500000000000002,0.11920529801324509,217974.5625,458.421875,3.55,0.0,3.775,0.0,0.4500000000000002,0.0,0.11920529801324509,0.0
403,4334,113,101-159,112.02518055460925,57.70393073040506,0.9894831699221942,83.40115572896336,33.32868957519531,240.88811451142777,6641.11328125,3.55,3.825,1.35,0.35294117647058826,6679.77734375,38.6640625,3.55,0.0,3.825,0.0,1.35,0.0,0.35294117647058826,0.0
404,5476,1858,1679-2092,651.9731277429167,233.59777874808933,0.9993157785561586,420.94246546925126,197.4984820822011,1660.4515021374364,172466.59375,3.55,3.775,0.4500000000000002,0.11920529801324509,173248.8125,782.21875,3.55,0.0,3.775,0.0,0.4500000000000002,0.0,0.11920529801324509,0.0
405,3698,448,428-848,324.8271051633586,133.9545079216335,0.9963356175369531,391.3830522114257,167.98272174337635,883.7840695510212,33874.3828125,3.55,3.575,0.8500000000000001,0.2377622377622378,32157.318359375,1717.064453125,3.55,0.0,3.575,0.0,0.8500000000000001,0.0,0.2377622377622378,0.0
406,4429,874,849-1267,372.1418227133199,155.49597726088814,0.9989213246709522,335.7955425843278,149.3405230978261,1024.322865451848,73684.875,3.55,3.775,0.4500000000000002,0.11920529801324509,73828.90625,144.03125,3.55,0.0,3.775,0.0,0.4500000000000002,0.0,0.11920529801324509,0.0
407,4208,40,0-100,119.11118242031242,63.42121122889104,0.9157043995613188,63.86903355595854,40.2102455470873,281.33735449433243,2138.0888671875,3.55,3.825,1.35,0.35294117647058826,2051.283203125,86.8056640625,3.55,0.0,3.825,0.0,1.35,0.0,0.35294117647058826,0.0
408,8487,1717,1679-2092,393.899683314304,159.4825685377038,0.9997167287234423,345.3040322625792,144.9649817425272,1094.9244633536728,161755.875,3.55,3.775,0.4500000000000002,0.11920529801324509,160388.953125,1366.921875,3.55,0.0,3.775,0.0,0.4500000000000002,0.0,0.11920529801324509,0.0
409,627,1039,849-1267,736.496446154455,268.9752591731859,0.9970977053677149,1203.2731027041382,424.5178275730299,2182.292559176842,86448.1484375,3.55,3.775,0.4500000000000002,0.11920529801324509,91536.7734375,5088.625,3.55,0.0,3.775,0.0,0.4500000000000002,0.0,0.11920529801324509,0.0
410,2756,1302,1268-1678,640.151000953948,227.02329231169327,0.9986729218329952,756.0687980312338,284.48542055876356,1901.1175830616937,119176.8125,3.55,3.775,0.4500000000000002,0.11920529801324509,118225.3828125,951.4296875,3.55,0.0,3.775,0.0,0.4500000000000002,0.0,0.11920529801324509,0.0
411,6929,72,0-100,96.39752473209501,48.328341650092085,0.9803420894434978,120.90344880715477,60.442445837933086,216.18303906835234,4258.25927734375,3.55,3.825,1.35,0.35294117647058826,4719.3857421875,461.12646484375,3.55,0.0,3.825,0.0,1.35,0.0,0.35294117647058826,0.0
412,5763,1143,849-1267,437.87603023784413,182.83282868838103,0.9991832267222243,777.3418172921147,327.7356859290081,1225.209088347642,98825.8828125,3.55,3.775,0.4500000000000002,0.11920529801324509,102046.4609375,3220.578125,3.55,0.0,3.775,0.0,0.4500000000000002,0.0,0.11920529801324509,0.0
413,6555,834,428-848,284.7901645665708,132.85360956367825,0.9993127575899095,320.8577224165856,163.9583156419837,732.5459852331102,70241.0078125,3.55,3.775,0.4500000000000002,0.11920529801324509,69281.078125,959.9296875,3.55,0.0,3.775,0.0,0.4500000000000002,0.0,0.11920529801324509,0.0
414,4413,692,428-848,348.8533018494261,159.50965807262918,0.9984111187332596,345.454077202316,155.75753651494566,908.3492156659269,56276.4765625,3.55,3.575,0.8500000000000001,0.2377622377622378,54770.421875,1506.0546875,3.55,0.0,3.575,0.0,0.8500000000000001,0.0,0.2377622377622378,0.0
415,8589,930,849-1267,449.6176833416584,183.75040163149626,0.9986103378750815,437.03993869420844,165.59342094089675,1232.4035052216975,79641.203125,3.55,3.775,0.4500000000000002,0.11920529801324509,79528.4296875,112.7734375,3.55,0.0,3.775,0.0,0.4500000000000002,0.0,0.11920529801324509,0.0
416,8206,822,428-848,587.9061662587226,226.4853838193147,0.9968619076492928,721.7809712899108,267.8330237347147,1648.5765082088913,66444.9609375,3.55,3.575,0.8500000000000001,0.2377622377622378,69347.0703125,2902.109375,3.55,0.0,3.775,0.19999999999999973,0.4500000000000002,0.3999999999999999,0.11920529801324509,0.1185569397489927
417,9255,2305,2093-2500,428.41793663571843,144.19087561035155,0.999784459646851,307.8423823561088,123.28422214673913,1186.2593127597836,208193.703125,3.55,3.775,0.4500000000000002,0.11920529801324509,208588.875,395.171875,3.55,0.0,3.775,0.0,0.4500000000000002,0.0,0.11920529801324509,0.0
418,7048,755,428-848,297.97540452941735,132.15913389229152,0.9990395342363174,187.68550180714723,85.00743567425272,724.215621459349,60474.10546875,3.55,3.575,0.8500000000000001,0.2377622377622378,61261.62890625,787.5234375,3.55,0.0,3.575,0.0,0.8500000000000001,0.0,0.2377622377622378,0.0
419,445,1033,849-1267,562.829051806625,226.52147851801334,0.9984308729561329,248.55015558776867,122.48429008152173,1567.2754860356172,91385.7890625,3.55,3.775,0.4500000000000002,0.11920529801324509,90579.2890625,806.5,3.55,0.0,3.775,0.0,0.4500000000000002,0.0,0.11920529801324509,0.0
420,1192,1410,1268-1678,312.88661902503696,152.002949364969,0.9997424171780481,452.9908849185157,204.3866656759511,749.5211684221716,131674.296875,3.55,3.775,0.4500000000000002,0.11920529801324509,130078.5625,1595.734375,3.55,0.0,3.775,0.0,0.4500000000000002,0.0,0.11920529801324509,0.0
421,6986,678,428-848,445.1269215655504,188.27813418393342,0.9973624767083662,543.4018261174278,225.2840045431386,1171.4959293839554,55897.2734375,3.55,3.775,0.4500000000000002,0.11920529801324509,54343.25,1554.0234375,3.55,0.0,3.575,0.19999999999999973,0.8500000000000001,0.3999999999999999,0.2377622377622378,0.1185569397489927
422,5976,441,428-848,327.9952787056187,139.99337624923044,0.9959716739945236,399.92686073442474,173.18361232591712,915.3768871443621,32767.216796875,4.0,3.825,1.35,0.35294117647058826,31171.443359375,1595.7734375,3.55,0.4500000000000002,3.825,0.0,1.35,0.0,0.35294117647058826,0.0
423,7258,1639,1268-1678,420.042508716888,186.65629903564454,0.9996506096338976,447.5778511790723,156.53481657608697,1112.415056552347,154908.703125,3.55,3.775,0.4500000000000002,0.11920529801324509,152869.078125,2039.625,3.55,0.0,3.775,0.0,0.4500000000000002,0.0,0.11920529801324509,0.0
424,4911,541,428-848,342.2726213168386,140.9013693502675,0.9970843821901815,342.8937735814195,140.58869735054347,893.1271918895031,40366.87890625,3.55,3.575,0.8500000000000001,0.2377622377622378,39886.296875,480.58203125,3.55,0.0,3.575,0.0,0.8500000000000001,0.0,0.2377622377622378,0.0
425,5262,10,0-100,120.50480660892983,58.467278148641796,-0.1542143133989753,41.855686471605,25.028650698454484,308.6595443666293,640.6327514648438,3.55,3.825,1.35,0.35294117647058826,571.5267333984375,69.10601806640625,3.55,0.0,4.075,0.25,1.85,0.5,0.4539877300613497,0.10104655359076142
426,3912,1711,1679-2092,472.73603284796985,188.55188384293265,0.9995876796524082,719.4369468333775,287.5697499150815,1371.7094416170219,158738.859375,3.55,3.775,0.4500000000000002,0.11920529801324509,160135.40625,1396.546875,3.55,0.0,3.775,0.0,0.4500000000000002,0.0,0.11920529801324509,0.0
427,5213,484,428-848,303.3375814779564,136.0717089535257,0.997339315778346,339.33178369798975,155.745873492697,757.1967921984611,37653.71875,4.0,3.575,0.8500000000000001,0.2377622377622378,36443.390625,1210.328125,4.0,0.0,3.575,0.0,0.8500000000000001,0.0,0.2377622377622378,0.0
428,2356,1983,1679-2092,801.6044392704295,249.2278512707254,0.9990922602455128,1035.2462793860122,304.25960640285325,2158.9110014614753,183983.0,3.55,3.775,0.4500000000000002,0.11920529801324509,185344.234375,1361.234375,3.55,0.0,3.775,0.0,0.4500000000000002,0.0,0.11920529801324509,0.0
429,9869,633,428-848,314.67027099305125,139.43160148706852,0.9984129301700806,239.17579530081295,128.74029541015625,774.1128511902991,49917.796875,3.55,3.575,0.8500000000000001,0.2377622377622378,49072.328125,845.46875,3.55,0.0,3.575,0.0,0.8500000000000001,0.0,0.2377622377622378,0.0
430,4187,2463,2093-2500,148.60142653047018,68.79514527747112,0.9999759876031286,198.54867468771494,88.04220448369566,378.7697548319141,216478.1875,3.55,3.775,0.4500000000000002,0.11920529801324509,217013.28125,535.09375,3.55,0.0,3.775,0.0,0.4500000000000002,0.0,0.11920529801324509,0.0
431,6604,495,428-848,225.55963798546608,108.28018668534652,0.9985583874053393,288.89750453515404,131.64717433763587,552.4324828314167,36938.62109375,4.0,3.575,0.8500000000000001,0.2377622377622378,36603.2109375,335.41015625,3.55,0.4500000000000002,3.575,0.0,0.8500000000000001,0.0,0.2377622377622378,0.0
432,6087,2181,2093-2500,383.5246307717489,147.66173456288215,0.9998133324571474,374.648230317236,158.66603685461956,1053.9787030954578,198246.34375,3.55,3.775,0.4500000000000002,0.11920529801324509,199763.34375,1517.0,3.55,0.0,3.775,0.0,0.4500000000000002,0.0,0.11920529801324509,0.0
433,1368,1746,1679-2092,316.4661852988242,145.4515970650051,0.9998216440277338,238.01423811790409,144.10164741847825,772.1899228504988,163805.515625,3.55,3.775,0.4500000000000002,0.11920529801324509,163091.125,714.390625,3.55,0.0,3.775,0.0,0.4500000000000002,0.0,0.11920529801324509,0.0
434,1424,1172,849-1267,588.4630380269472,222.00319357273267,0.9987032636224642,551.4525846228343,225.8951469089674,1684.5643464273478,106458.078125,3.55,3.775,0.4500000000000002,0.11920529801324509,105057.0625,1401.015625,3.55,0.0,3.775,0.0,0.4500000000000002,0.0,0.11920529801324509,0.0
435,1319,1818,1679-2092,407.1831915189723,151.9663084600034,0.9997275741734487,240.5445920577185,99.13866126019022,1165.2691610396578,171396.546875,3.55,3.775,0.4500000000000002,0.11920529801324509,170319.625,1076.921875,3.55,0.0,3.775,0.0,0.4500000000000002,0.0,0.11920529801324509,0.0
436,467,950,849-1267,477.14299752847376,193.16732751703677,0.9985139373462246,396.01966251111025,187.67264988111413,1294.2618892329228,80253.46875,3.55,3.775,0.4500000000000002,0.11920529801324509,81418.8046875,1165.3359375,3.55,0.0,3.775,0.0,0.4500000000000002,0.0,0.11920529801324509,0.0
437,2812,377,280-427,254.38497844833748,108.79798729024141,0.9961139646745009,188.62786804012129,90.29514213230298,657.3830126690557,25400.966796875,3.55,3.825,1.35,0.35294117647058826,25640.3359375,239.369140625,3.55,0.0,3.825,0.0,1.35,0.0,0.35294117647058826,0.0
438,8700,1349,1268-1678,328.5200022171421,156.38789975877845,0.9996853177220947,318.7622513263526,166.7140476392663,851.3063401026308,123325.921875,3.55,3.775,0.4500000000000002,0.11920529801324509,122698.7109375,627.2109375,3.55,0.0,3.775,0.0,0.4500000000000002,0.0,0.11920529801324509,0.0
439,1197,1250,849-1267,629.9360511607563,210.2559859812861,0.9985792950533422,730.6340562334881,257.9124862007473,1718.2477006205404,113328.171875,3.55,3.775,0.4500000000000002,0.11920529801324509,113394.40625,66.234375,3.55,0.0,3.775,0.0,0.4500000000000002,0.0,0.11920529801324509,0.0
440,7090,99,0-100,124.65836850946623,59.0075544415391,0.9860762357691056,104.53222412868875,43.98658686098845,298.4368008919973,6294.3681640625,4.0,3.825,1.35,0.35294117647058826,5998.56103515625,295.80712890625,3.55,0.4500000000000002,3.825,0.0,1.35,0.0,0.35294117647058826,0.0
441,76,1090,849-1267,434.97367393648767,185.84023979677946,0.999133842569217,277.282338895069,151.80036727241847,1101.4867206803756,95236.6875,3.55,3.775,0.4500000000000002,0.11920529801324509,96099.0390625,862.3515625,3.55,0.0,3.775,0.0,0.4500000000000002,0.0,0.11920529801324509,0.0
442,8712,1141,849-1267,706.8319952487122,255.101165680197,0.9977817473001076,1019.0207811850668,337.25545601222825,2039.452184447926,99658.5234375,3.55,3.775,0.4500000000000002,0.11920529801324509,101571.4921875,1912.96875,3.55,0.0,3.775,0.0,0.4500000000000002,0.0,0.11920529801324509,0.0
443,62,2317,2093-2500,250.3731378358481,100.29484059793224,0.9999272740762656,167.41151907183624,87.10670006793478,585.4089737758732,208838.953125,3.55,3.775,0.4500000000000002,0.11920529801324509,209383.625,544.671875,3.55,0.0,3.775,0.0,0.4500000000000002,0.0,0.11920529801324509,0.0
444,33,1587,1268-1678,429.3640223191421,163.65231700704823,0.9996072839272766,393.3542311366996,171.34494947350544,1177.4805340589116,148802.875,3.55,3.775,0.4500000000000002,0.11920529801324509,148410.875,392.0,3.55,0.0,3.775,0.0,0.4500000000000002,0.0,0.11920529801324509,0.0
445,7786,2240,2093-2500,1003.932528580046,254.90811621850054,0.9988015331880961,1157.0403155780944,287.1316661005435,2846.3239283176736,203381.40625,3.55,3.775,0.4500000000000002,0.11920529801324509,203510.046875,128.640625,3.55,0.0,3.775,0.0,0.4500000000000002,0.0,0.11920529801324509,0.0
446,1317,1596,1268-1678,566.7862069248662,211.75573105893343,0.9993194464106218,462.1731294534928,182.45081627887228,1529.5879873628253,149233.03125,3.55,3.775,0.4500000000000002,0.11920529801324509,148721.234375,511.796875,3.55,0.0,3.775,0.0,0.4500000000000002,0.0,0.11920529801324509,0.0
447,3641,1677,1268-1678,429.84282815536415,183.0456479263969,0.999652460363398,582.0770172759622,233.90811820652175,1218.3433909726452,158968.421875,3.55,3.775,0.4500000000000002,0.11920529801324509,156846.625,2121.796875,3.55,0.0,3.775,0.0,0.4500000000000002,0.0,0.11920529801324509,0.0
448,1295,504,428-848,270.349778354637,118.59099030303955,0.9980169135390966,254.57776555679473,115.16539731233016,709.470909761228,38148.36328125,3.55,3.575,0.8500000000000001,0.2377622377622378,37511.49609375,636.8671875,3.55,0.0,3.575,0.0,0.8500000000000001,0.0,0.2377622377622378,0.0
449,4309,1058,849-1267,419.2339277722328,191.5343120984948,0.9991592835728509,449.65464031227486,197.8638916015625,1138.3798986235465,91705.671875,3.55,3.775,0.4500000000000002,0.11920529801324509,92590.7890625,885.1171875,3.55,0.0,3.775,0.0,0.4500000000000002,0.0,0.11920529801324509,0.0
450,1159,1697,1679-2092,437.08100322110914,173.25736951134724,0.9996500349731998,351.07809259761876,154.65111243206522,1200.1575438833877,159604.84375,3.55,3.775,0.4500000000000002,0.11920529801324509,159351.984375,252.859375,3.55,0.0,3.775,0.0,0.4500000000000002,0.0,0.11920529801324509,0.0
451,2,44,0-100,107.43043081584842,52.575313674259185,0.9467028414095334,119.32537566641118,53.47539022694463,270.42317851256405,2836.7919921875,4.0,3.825,1.35,0.35294117647058826,2827.11181640625,9.68017578125,3.55,0.4500000000000002,3.825,0.0,1.35,0.0,0.35294117647058826,0.0
452,3587,1817,1679-2092,421.69758697319156,176.43061141145125,0.999704990372439,396.69088110529185,170.78316066576087,1183.4154542266704,169745.859375,3.55,3.775,0.4500000000000002,0.11920529801324509,170160.65625,414.796875,3.55,0.0,3.775,0.0,0.4500000000000002,0.0,0.11920529801324509,0.0
453,5181,1652,1268-1678,448.93518264534754,190.60493761636485,0.9995949715995412,688.1762846331748,253.84456734035325,1173.466320213457,153552.578125,3.55,3.775,0.4500000000000002,0.11920529801324509,154829.46875,1276.890625,3.55,0.0,3.775,0.0,0.4500000000000002,0.0,0.11920529801324509,0.0
454,1080,1516,1268-1678,441.58592584856586,194.07742984765093,0.9995451799608334,402.92346098917005,206.76023267663044,1184.721482396897,140178.484375,3.55,3.775,0.4500000000000002,0.11920529801324509,141617.640625,1439.15625,3.55,0.0,3.775,0.0,0.4500000000000002,0.0,0.11920529801324509,0.0
455,2075,734,428-848,416.9275890847476,159.69013142355215,0.998162797561731,744.5812551258061,243.0618896484375,1169.0283608846553,63439.56640625,3.55,3.775,0.4500000000000002,0.11920529801324509,59993.24609375,3446.3203125,3.55,0.0,3.575,0.19999999999999973,0.8500000000000001,0.3999999999999999,0.2377622377622378,0.1185569397489927
456,7951,1970,1679-2092,575.5331007411171,211.22729170213782,0.9995118902251692,445.11551646062253,198.53886081861413,1589.1026771757531,182971.546875,3.55,3.775,0.4500000000000002,0.11920529801324509,183837.984375,866.4375,3.55,0.0,3.775,0.0,0.4500000000000002,0.0,0.11920529801324509,0.0
457,5916,1928,1679-2092,2189.0045871947286,561.0878950732687,0.9921746464337894,4461.578308281747,1212.7258619225543,6429.890202620302,176458.140625,3.55,3.775,0.4500000000000002,0.11920529801324509,181226.640625,4768.5,3.55,0.0,3.775,0.0,0.4500000000000002,0.0,0.11920529801324509,0.0
458,6434,569,428-848,334.59579765318057,145.4082105282991,0.997459852209845,412.1832288224691,187.9721148947011,912.6935147630376,42136.01171875,3.55,3.575,0.8500000000000001,0.2377622377622378,43295.21875,1159.20703125,3.55,0.0,3.575,0.0,0.8500000000000001,0.0,0.2377622377622378,0.0
459,474,1300,1268-1678,520.5833720250347,195.0369318537173,0.9991765736654121,609.8707619331526,247.59787385360053,1530.4723320874034,121621.0703125,3.55,3.775,0.4500000000000002,0.11920529801324509,118982.2890625,2638.78125,3.55,0.0,3.775,0.0,0.4500000000000002,0.0,0.11920529801324509,0.0
460,7825,1812,1679-2092,401.03980978254947,167.65391069117007,0.999726888296919,567.1427846853254,192.56644870923913,1070.7639691697657,168246.59375,3.55,3.775,0.4500000000000002,0.11920529801324509,169191.8125,945.21875,3.55,0.0,3.775,0.0,0.4500000000000002,0.0,0.11920529801324509,0.0
461,7154,2343,2093-2500,248.28145001115368,106.5883732761549,0.9999289797242589,228.87146141288991,104.29334026834239,670.0595973351463,209366.5,3.55,3.775,0.4500000000000002,0.11920529801324509,210337.359375,970.859375,3.55,0.0,3.775,0.0,0.4500000000000002,0.0,0.11920529801324509,0.0
462,9717,2293,2093-2500,277.0882215271642,109.40064085520869,0.9999097796900721,540.5842386081106,191.04939070991847,774.408902848364,206730.875,3.55,3.775,0.4500000000000002,0.11920529801324509,207673.0625,942.1875,3.55,0.0,3.775,0.0,0.4500000000000002,0.0,0.11920529801324509,0.0
463,6244,213,160-279,158.84011694447912,78.06226624984741,0.9952699325639432,132.58811160265876,72.17316735309103,386.11179739433294,13556.09765625,4.0,3.825,1.35,0.35294117647058826,13238.5810546875,317.5166015625,4.0,0.0,3.825,0.0,1.35,0.0,0.35294117647058826,0.0
464,5157,1771,1679-2092,546.4378774774679,208.83994240709387,0.9994670688711252,878.3815993918942,285.995849609375,1435.0167204476297,164570.390625,3.55,3.775,0.4500000000000002,0.11920529801324509,165513.234375,942.84375,3.55,0.0,3.775,0.0,0.4500000000000002,0.0,0.11920529801324509,0.0
465,3229,1958,1679-2092,653.2747079927259,207.84880176816193,0.99938475501007,496.21210972279516,186.963623046875,1921.377876635023,182949.078125,3.55,3.775,0.4500000000000002,0.11920529801324509,182997.8125,48.734375,3.55,0.0,3.775,0.0,0.4500000000000002,0.0,0.11920529801324509,0.0
466,7626,1033,849-1267,471.5473602870676,198.34411319686225,0.9988660848055865,371.1189908062394,157.2315090013587,1224.9201584834786,90134.4921875,3.55,3.775,0.4500000000000002,0.11920529801324509,90783.65625,649.1640625,3.55,0.0,3.775,0.0,0.4500000000000002,0.0,0.11920529801324509,0.0
467,9074,1842,1679-2092,365.1198612138038,159.25418773671026,0.9997792511558425,230.4254638523101,130.57150135869566,916.3770392875147,171222.921875,3.55,3.775,0.4500000000000002,0.11920529801324509,171682.046875,459.125,3.55,0.0,3.775,0.0,0.4500000000000002,0.0,0.11920529801324509,0.0
468,6966,2080,1679-2092,586.8494108383903,178.97188046715777,0.9995415680800797,316.6344673192657,132.48831309442934,1387.8617395239778,193663.953125,3.55,3.775,0.4500000000000002,0.11920529801324509,192610.546875,1053.40625,3.55,0.0,3.775,0.0,0.4500000000000002,0.0,0.11920529801324509,0.0
469,4153,979,849-1267,411.2615424271797,172.6547884699946,0.9989949139821536,298.58963030422444,154.69089673913044,1116.2668390270076,83656.2421875,3.55,3.775,0.4500000000000002,0.11920529801324509,84653.6484375,997.40625,3.55,0.0,3.775,0.0,0.4500000000000002,0.0,0.11920529801324509,0.0
470,924,941,849-1267,358.46165407253244,157.69672342900816,0.9992420753283306,135.1056040722634,90.99397609544837,878.7475976574843,81642.9765625,3.55,3.775,0.4500000000000002,0.11920529801324509,81396.109375,246.8671875,3.55,0.0,3.775,0.0,0.4500000000000002,0.0,0.11920529801324509,0.0
471,5852,1149,849-1267,930.1218896858488,273.7810157884681,0.9962199678008181,1267.1827402783083,348.7920664911685,2812.0720164765094,96239.046875,3.55,3.775,0.4500000000000002,0.11920529801324509,102254.6015625,6015.5546875,3.55,0.0,3.775,0.0,0.4500000000000002,0.0,0.11920529801324509,0.0
472,3074,2484,2093-2500,243.34626248500766,91.59783867824389,0.999936154192005,374.95910663576143,125.94736115828805,689.7408717736184,218046.953125,3.55,3.775,0.4500000000000002,0.11920529801324509,218315.15625,268.203125,3.55,0.0,3.775,0.0,0.4500000000000002,0.0,0.11920529801324509,0.0
473,4672,2461,2093-2500,380.5202960550216,112.71064731126869,0.999844119629707,456.78092763320285,138.82039741847825,1061.3562886267869,216610.796875,3.55,3.775,0.4500000000000002,0.11920529801324509,216899.734375,288.9375,3.55,0.0,3.775,0.0,0.4500000000000002,0.0,0.11920529801324509,0.0
474,9611,1972,1679-2092,655.6044862481544,209.30015117691704,0.9993779588626452,473.8002773134551,179.04215140964675,1919.1673677007002,184434.0625,3.55,3.775,0.4500000000000002,0.11920529801324509,183762.296875,671.765625,3.55,0.0,3.775,0.0,0.4500000000000002,0.0,0.11920529801324509,0.0
475,8839,840,428-848,295.4811889640284,135.8290377682893,0.9992717888819942,156.86687377218774,90.7672649881114,750.6182253830477,70393.1171875,3.55,3.575,0.8500000000000001,0.2377622377622378,70610.3984375,217.28125,3.55,0.0,3.775,0.19999999999999973,0.4500000000000002,0.3999999999999999,0.11920529801324509,0.1185569397489927
476,1432,2110,2093-2500,589.7856966455748,186.27032975676164,0.9995316666588764,748.099238484607,222.7706988790761,1652.9470321886477,194192.921875,3.55,3.775,0.4500000000000002,0.11920529801324509,193745.921875,447.0,3.55,0.0,3.775,0.0,0.4500000000000002,0.0,0.11920529801324509,0.0
477,7147,308,280-427,234.15523604870037,105.14705188160772,0.9944052318477828,272.7593449344956,116.38125875721808,620.3014092670192,19979.65625,4.0,3.825,1.35,0.35294117647058826,20078.94921875,99.29296875,3.55,0.4500000000000002,3.825,0.0,1.35,0.0,0.35294117647058826,0.0
478,7133,2420,2093-2500,216.97626726802451,85.16193739172894,0.9999479641913729,266.76974753292257,103.7659328294837,594.4668298910831,214171.796875,3.55,3.775,0.4500000000000002,0.11920529801324509,214682.015625,510.21875,3.55,0.0,3.775,0.0,0.4500000000000002,0.0,0.11920529801324509,0.0
479,9327,2469,2093-2500,187.24714004565885,80.16143734183933,0.9999619725759287,234.04984886746666,98.82011081861413,500.7867266095922,217087.859375,3.55,3.775,0.4500000000000002,0.11920529801324509,217369.0,281.140625,3.55,0.0,3.775,0.0,0.4500000000000002,0.0,0.11920529801324509,0.0
480,7615,2241,2093-2500,420.57524041029797,151.70094857257345,0.9997866632437574,579.3246235755087,194.7857825237772,1117.9774281545176,203271.140625,3.55,3.775,0.4500000000000002,0.11920529801324509,204107.953125,836.8125,3.55,0.0,3.775,0.0,0.4500000000000002,0.0,0.11920529801324509,0.0
481,2267,1969,1679-2092,2787.368460369421,629.6492522131879,0.9892758454901228,3019.184210776383,806.8066512398098,8492.530692440283,181118.984375,3.55,3.775,0.4500000000000002,0.11920529801324509,184148.34375,3029.359375,3.55,0.0,3.775,0.0,0.4500000000000002,0.0,0.11920529801324509,0.0
482,3523,1218,849-1267,478.4884651737553,200.89694223340905,0.9991901446461804,530.0731709845444,206.3259118121603,1348.1145484115698,111670.6484375,3.55,3.775,0.4500000000000002,0.11920529801324509,109303.3125,2367.3359375,3.55,0.0,3.775,0.0,0.4500000000000002,0.0,0.11920529801324509,0.0
483,2245,1645,1268-1678,744.7106661975803,272.3082529437521,0.9989654967743307,1230.3475501079702,464.0542629076087,2259.5758187891443,157874.65625,3.55,3.775,0.4500000000000002,0.11920529801324509,154114.1875,3760.46875,3.55,0.0,3.775,0.0,0.4500000000000002,0.0,0.11920529801324509,0.0
484,605,1924,1679-2092,934.648510720022,270.1732035400391,0.9986352023816263,1218.536428038679,324.9485181725544,2506.381109622341,179972.65625,3.55,3.775,0.4500000000000002,0.11920529801324509,179228.421875,744.234375,3.55,0.0,3.775,0.0,0.4500000000000002,0.0,0.11920529801324509,0.0
485,9336,1638,1268-1678,428.95615335673585,175.95711737909733,0.9996414679222249,334.63029745648157,150.83475925611413,1171.3323797700364,155189.28125,3.55,3.775,0.4500000000000002,0.11920529801324509,153701.6875,1487.59375,3.55,0.0,3.775,0.0,0.4500000000000002,0.0,0.11920529801324509,0.0
486,6129,265,160-279,227.7573190890103,96.66132478999262,0.9937830799930597,289.4981880029,101.49290665336277,600.4696493755846,18444.5,4.0,3.825,1.35,0.35294117647058826,17601.966796875,842.533203125,3.55,0.4500000000000002,3.825,0.0,1.35,0.0,0.35294117647058826,0.0
487,9979,1486,1268-1678,414.8431330466796,169.2706265439241,0.9996014260578082,443.5751169485321,194.03256623641303,1138.1037765976816,140128.78125,3.55,3.775,0.4500000000000002,0.11920529801324509,138325.078125,1803.703125,3.55,0.0,3.775,0.0,0.4500000000000002,0.0,0.11920529801324509,0.0
488,8903,338,280-427,337.15459930371196,130.92688156124612,0.9921540895361948,503.97985611702495,157.17320981233016,945.1327810887922,25091.587890625,3.55,3.575,0.8500000000000001,0.2377622377622378,22866.26171875,2225.326171875,3.55,0.0,3.825,0.25,1.35,0.5,0.35294117647058826,0.11517893870835047
489,5721,6,0-100,97.99053522074676,49.838933305172816,-0.7555128570129443,47.407237564633775,27.66411240204521,202.54892453254834,425.93011474609375,4.0,3.825,1.35,0.35294117647058826,287.6839904785156,138.24612426757812,3.55,0.4500000000000002,4.375,0.5499999999999998,2.4499999999999997,1.0999999999999996,0.5599999999999999,0.20705882352941168
490,1797,60,0-100,92.54062819553728,48.24826729012779,0.9785359813174543,60.825563196541395,34.47838094960088,193.78562959356643,3728.66162109375,3.55,3.825,1.35,0.35294117647058826,3659.713134765625,68.948486328125,3.55,0.0,3.825,0.0,1.35,0.0,0.35294117647058826,0.0
491,7441,1305,1268-1678,581.8354681700632,233.15039241465692,0.9989716401862029,635.1132604122316,232.04050611413044,1669.1179873870121,121297.8125,3.55,3.775,0.4500000000000002,0.11920529801324509,118422.171875,2875.640625,3.55,0.0,3.775,0.0,0.4500000000000002,0.0,0.11920529801324509,0.0
492,4571,2278,2093-2500,803.3247296195591,222.38525610245415,0.9992176132627233,1208.0140897684541,323.7626528532609,2279.1740386746915,206851.234375,3.55,3.775,0.4500000000000002,0.11920529801324509,206159.234375,692.0,3.55,0.0,3.775,0.0,0.4500000000000002,0.0,0.11920529801324509,0.0
493,2335,304,280-427,160.02530963691186,75.04938416840926,0.9976722947399268,99.84131185864022,58.02226721722147,325.17636157245926,20757.962890625,3.55,3.825,1.35,0.35294117647058826,20703.3984375,54.564453125,3.55,0.0,3.825,0.0,1.35,0.0,0.35294117647058826,0.0
494,2856,568,428-848,281.6537069919356,127.27689533154032,0.9983481438757082,196.13386585220005,90.04225755774456,662.7234577820894,42907.921875,4.0,3.575,0.8500000000000001,0.2377622377622378,42067.140625,840.78125,3.55,0.4500000000000002,3.575,0.0,0.8500000000000001,0.0,0.2377622377622378,0.0
495,3603,2012,1679-2092,713.350985230903,211.52080667286748,0.9992850441681581,1009.2069748052596,321.2295028023098,2119.1128626826426,184978.875,3.55,3.775,0.4500000000000002,0.11920529801324509,186487.15625,1508.28125,3.55,0.0,3.775,0.0,0.4500000000000002,0.0,0.11920529801324509,0.0
496,8435,1991,1679-2092,912.5103309896717,279.11607327137824,0.9988441252856586,1145.1522563369756,352.91103727921194,2720.3893066726196,187942.453125,3.55,3.775,0.4500000000000002,0.11920529801324509,185260.984375,2681.46875,3.55,0.0,3.775,0.0,0.4500000000000002,0.0,0.11920529801324509,0.0
497,4920,1857,1679-2092,1292.786092686634,339.79040060663635,0.9972148258222169,1688.9769790748546,499.275146484375,3692.2345109027356,174279.140625,3.55,3.775,0.4500000000000002,0.11920529801324509,173052.015625,1227.125,3.55,0.0,3.775,0.0,0.4500000000000002,0.0,0.11920529801324509,0.0
498,4603,932,849-1267,490.86941347287535,210.87275006926163,0.9983426622714183,373.49228633943403,176.67827042289403,1318.8622624432276,79239.8515625,3.55,3.775,0.4500000000000002,0.11920529801324509,79465.9921875,226.140625,3.55,0.0,3.775,0.0,0.4500000000000002,0.0,0.11920529801324509,0.0
499,8302,1707,1679-2092,841.8060572965964,273.1318788255775,0.9986508881831676,1000.1487600381528,327.9897354789402,2455.5800453148404,158822.1875,3.55,3.775,0.4500000000000002,0.11920529801324509,159870.484375,1048.296875,3.55,0.0,3.775,0.0,0.4500000000000002,0.0,0.11920529801324509,0.0
500,1629,1268,1268-1678,589.6627468064107,217.70507343351946,0.9988591637612539,996.6168453972285,342.28940217391306,1737.394826208494,118814.046875,3.55,3.775,0.4500000000000002,0.11920529801324509,115432.3828125,3381.6640625,3.55,0.0,3.775,0.0,0.4500000000000002,0.0,0.11920529801324509,0.0
501,6384,1605,1268-1678,372.70573936190186,149.45140635508662,0.9997164955937234,413.95636546635814,144.03439198369566,1042.584773659187,150519.390625,3.55,3.775,0.4500000000000002,0.11920529801324509,150197.1875,322.203125,3.55,0.0,3.775,0.0,0.4500000000000002,0.0,0.11920529801324509,0.0
502,9436,623,428-848,379.7932498362305,158.735876513987,0.997509093261038,401.3750104300371,164.01552946671197,1071.7649709299953,48447.96484375,3.55,3.575,0.8500000000000001,0.2377622377622378,46867.671875,1580.29296875,4.0,0.4500000000000002,3.575,0.0,0.8500000000000001,0.0,0.2377622377622378,0.0
503,5028,446,428-848,248.30619016843713,106.90091292213772,0.9978601878434133,267.43084478077566,108.1653468919837,635.1959571040538,34108.171875,4.0,3.575,0.8500000000000001,0.2377622377622378,33163.421875,944.75,4.0,0.0,3.825,0.25,1.35,0.5,0.35294117647058826,0.11517893870835047
504,4722,695,428-848,347.99990532210995,150.35605983090608,0.9983464651816372,387.03025431706214,160.4752781080163,890.5375910626991,54229.00390625,4.0,3.575,0.8500000000000001,0.2377622377622378,54938.36328125,709.359375,3.55,0.4500000000000002,3.575,0.0,0.8500000000000001,0.0,0.2377622377622378,0.0
505,7930,1630,1268-1678,715.8967242216756,255.64794097316576,0.9989862801819989,988.2915387348227,335.02422299592394,2125.9718808765197,156314.796875,3.55,3.775,0.4500000000000002,0.11920529801324509,151964.5625,4350.234375,3.55,0.0,3.775,0.0,0.4500000000000002,0.0,0.11920529801324509,0.0
506,2785,998,849-1267,433.7670732427066,180.33839586924677,0.9989401371656754,498.896140424886,206.44429878566575,1240.2981166089235,85355.140625,3.55,3.775,0.4500000000000002,0.11920529801324509,87425.8203125,2070.6796875,3.55,0.0,3.775,0.0,0.4500000000000002,0.0,0.11920529801324509,0.0
507,5523,655,428-848,304.63631917176093,143.82269769220767,0.9986346690404815,228.22451629023487,109.57267960258152,713.4028355725135,52037.4453125,3.55,3.575,0.8500000000000001,0.2377622377622378,52392.3203125,354.875,3.55,0.0,3.575,0.0,0.8500000000000001,0.0,0.2377622377622378,0.0
508,1488,2173,2093-2500,608.5191917179401,193.02164393496307,0.999525460981025,715.7940601555405,235.09199855638587,1705.3620568084318,197825.625,3.55,3.775,0.4500000000000002,0.11920529801324509,199104.84375,1279.21875,3.55,0.0,3.775,0.0,0.4500000000000002,0.0,0.11920529801324509,0.0
509,8763,986,849-1267,396.67423396043944,166.6122051128885,0.9991027421840616,322.6417014034186,135.30678392493206,1058.4141024660828,84817.0078125,3.55,3.775,0.4500000000000002,0.11920529801324509,85876.0625,1059.0546875,3.55,0.0,3.775,0.0,0.4500000000000002,0.0,0.11920529801324509,0.0
510,3325,2320,2093-2500,467.1589423922113,157.236061383322,0.9997453088802519,455.2783118405888,145.713134765625,1305.9949344162956,209065.40625,3.55,3.775,0.4500000000000002,0.11920529801324509,209436.59375,371.1875,3.55,0.0,3.775,0.0,0.4500000000000002,0.0,0.11920529801324509,0.0
511,7163,1047,849-1267,773.1923966487835,283.5678685361116,0.996940558626117,1151.9471504603264,452.86080269191575,2308.4156110425547,88909.6171875,4.0,3.775,0.4500000000000002,0.11920529801324509,92255.8515625,3346.234375,3.55,0.4500000000000002,3.775,0.0,0.4500000000000002,0.0,0.11920529801324509,0.0
512,3908,1744,1679-2092,619.0085128086929,215.92997263767407,0.9992960692666891,798.0950212737423,243.10200832201087,1839.177345232675,159521.8125,3.55,3.775,0.4500000000000002,0.11920529801324509,163295.484375,3773.671875,3.55,0.0,3.775,0.0,0.4500000000000002,0.0,0.11920529801324509,0.0
513,7636,1378,1268-1678,559.9968911605221,221.29643233907947,0.9991253425341043,574.792493059219,252.87549889605978,1465.770366602528,128616.671875,3.55,3.775,0.4500000000000002,0.11920529801324509,127626.1796875,990.4921875,3.55,0.0,3.775,0.0,0.4500000000000002,0.0,0.11920529801324509,0.0
514,2960,1047,849-1267,544.1736008850011,217.19993996900476,0.9984924923129262,580.5974664092537,224.04883873980978,1518.4153411143272,90828.953125,3.55,3.775,0.4500000000000002,0.11920529801324509,93440.40625,2611.453125,3.55,0.0,3.775,0.0,0.4500000000000002,0.0,0.11920529801324509,0.0
515,8828,1242,849-1267,430.3367633628717,182.9365448701278,0.9993340894831811,318.42078851643856,148.9572806980299,1082.6766975450576,111468.140625,3.55,3.775,0.4500000000000002,0.11920529801324509,111876.8125,408.671875,3.55,0.0,3.775,0.0,0.4500000000000002,0.0,0.11920529801324509,0.0
516,8812,647,428-848,701.6512341089929,262.62437866675333,0.9928160586236404,924.0643312609026,331.73464567764944,2029.520103535526,55630.28515625,3.55,3.775,0.4500000000000002,0.11920529801324509,51502.9453125,4127.33984375,3.55,0.0,3.575,0.19999999999999973,0.8500000000000001,0.3999999999999999,0.2377622377622378,0.1185569397489927
517,1523,677,428-848,344.9132643964573,140.88031130573438,0.9983795316661983,271.29575314617995,150.51296068274456,945.6883099165062,53495.6953125,4.0,3.575,0.8500000000000001,0.2377622377622378,54035.28515625,539.58984375,3.55,0.4500000000000002,3.575,0.0,0.8500000000000001,0.0,0.2377622377622378,0.0
518,750,360,280-427,224.3966325495175,106.65041109147279,0.9967002224506176,231.6308840880324,108.89776080587636,499.872106913397,24259.314453125,4.0,3.825,1.35,0.35294117647058826,24571.203125,311.888671875,3.55,0.4500000000000002,3.825,0.0,1.35,0.0,0.35294117647058826,0.0
519,6564,2251,2093-2500,398.066026756969,134.28147099237856,0.9998076302196454,103.92343154527245,53.96329398777174,1075.2769759272874,203996.421875,3.55,3.775,0.4500000000000002,0.11920529801324509,204206.40625,209.984375,3.55,0.0,3.775,0.0,0.4500000000000002,0.0,0.11920529801324509,0.0
520,8993,2470,2093-2500,156.3273144318799,71.21342735542629,0.9999735736693506,164.17270414659762,87.69346552309783,402.71763385962765,216995.375,3.55,3.775,0.4500000000000002,0.11920529801324509,217641.5,646.125,3.55,0.0,3.775,0.0,0.4500000000000002,0.0,0.11920529801324509,0.0
521,1971,223,160-279,194.2604422102187,83.1996876878158,0.9937379772356484,174.87226379648885,83.47670978048573,507.57539344181953,15069.05078125,3.55,3.825,1.35,0.35294117647058826,14513.77734375,555.2734375,3.55,0.0,3.825,0.0,1.35,0.0,0.35294117647058826,0.0
522,9883,2457,2093-2500,147.60398025369864,68.58308505434782,0.9999762227105577,180.54435013716255,81.82190472146739,376.6424537447613,216082.125,3.55,3.775,0.4500000000000002,0.11920529801324509,216718.078125,635.953125,3.55,0.0,3.775,0.0,0.4500000000000002,0.0,0.11920529801324509,0.0
523,1800,503,428-848,260.7753230407748,119.45242492337434,0.9981209123686882,304.3771857673596,158.54117219344428,658.9134611394927,37428.09375,3.55,3.825,1.35,0.35294117647058826,37746.13671875,318.04296875,3.55,0.0,3.575,0.25,0.8500000000000001,0.5,0.2377622377622378,0.11517893870835047
524,7853,1937,1679-2092,334.0837663576115,141.99503946878184,0.9998323557298009,329.2950304445663,147.44144870923913,874.916738248623,180246.84375,3.55,3.775,0.4500000000000002,0.11920529801324509,181150.953125,904.109375,3.55,0.0,3.775,0.0,0.4500000000000002,0.0,0.11920529801324509,0.0
525,1832,1186,849-1267,721.2375506530354,269.1617501088018,0.9981011443011906,854.9294872750089,309.3702870244565,2086.0154655493025,111293.71875,3.55,3.775,0.4500000000000002,0.11920529801324509,107727.046875,3566.671875,3.55,0.0,3.775,0.0,0.4500000000000002,0.0,0.11920529801324509,0.0
526,2929,2244,2093-2500,620.6891149040415,177.36459094025986,0.9995388206702907,574.0893804564275,178.1561969259511,1764.715229907055,204346.796875,3.55,3.775,0.4500000000000002,0.11920529801324509,204138.265625,208.53125,3.55,0.0,3.775,0.0,0.4500000000000002,0.0,0.11920529801324509,0.0
527,3001,529,428-848,265.6794843085769,121.44205773388407,0.9981932373143155,274.6470573008891,123.624267578125,668.2076968974858,39863.1015625,4.0,3.575,0.8500000000000001,0.2377622377622378,39047.07421875,816.02734375,3.55,0.4500000000000002,3.575,0.0,0.8500000000000001,0.0,0.2377622377622378,0.0
528,5593,1064,849-1267,408.78711130453536,167.77157024058465,0.9991882983100213,379.5644989002379,182.4829632302989,1162.601135613629,92887.6015625,3.55,3.775,0.4500000000000002,0.11920529801324509,94259.7578125,1372.15625,3.55,0.0,3.775,0.0,0.4500000000000002,0.0,0.11920529801324509,0.0
529,5315,2145,2093-2500,473.77712041271457,163.74211894239343,0.9997117937524312,426.0508397561831,200.17887015964675,1301.168089796216,196876.21875,3.55,3.775,0.4500000000000002,0.11920529801324509,198294.921875,1418.703125,3.55,0.0,3.775,0.0,0.4500000000000002,0.0,0.11920529801324509,0.0
530,2541,890,849-1267,545.8859204662931,222.4622748349397,0.9977760561918679,753.5553699138693,290.9277449898098,1545.5492192017182,72779.671875,3.55,3.575,0.8500000000000001,0.2377622377622378,75100.0390625,2320.3671875,3.55,0.0,3.775,0.19999999999999973,0.4500000000000002,0.3999999999999999,0.11920529801324509,0.1185569397489927
531,9561,769,428-848,288.0427723071645,129.04508539375638,0.9991740507586742,241.9251585562104,109.25956925101902,716.4384131215958,62995.9140625,4.0,3.575,0.8500000000000001,0.2377622377622378,62676.7265625,319.1875,3.55,0.4500000000000002,3.575,0.0,0.8500000000000001,0.0,0.2377622377622378,0.0
532,3562,767,428-848,434.2697057108716,188.34540324136486,0.9981251363534265,456.48690128604323,179.62820036514947,1214.8762385265748,63886.84375,3.55,3.775,0.4500000000000002,0.11920529801324509,63397.62109375,489.22265625,3.55,0.0,3.575,0.19999999999999973,0.8500000000000001,0.3999999999999999,0.2377622377622378,0.1185569397489927
533,6717,2097,2093-2500,794.0176750616758,218.20582531605595,0.9991452626714437,295.31102195637516,155.8070652173913,1764.9209978987708,192080.6875,3.55,3.775,0.4500000000000002,0.11920529801324509,192519.703125,439.015625,3.55,0.0,3.775,0.0,0.4500000000000002,0.0,0.11920529801324509,0.0
534,8168,735,428-848,378.7539463352643,170.17432483573583,0.9983646200147364,535.6698220600769,227.28524116847825,996.9685699750703,56810.890625,3.55,3.575,0.8500000000000001,0.2377622377622378,58858.55859375,2047.66796875,3.55,0.0,3.575,0.0,0.8500000000000001,0.0,0.2377622377622378,0.0
535,7261,658,428-848,447.9949787810393,166.02575439035166,0.9972365735494109,572.4756210794449,204.513916015625,1272.208759895595,54880.2109375,4.0,3.775,0.4500000000000002,0.11920529801324509,52654.3984375,2225.8125,3.55,0.4500000000000002,3.575,0.19999999999999973,0.8500000000000001,0.3999999999999999,0.2377622377622378,0.1185569397489927
536,6635,2069,1679-2092,419.8500148943519,147.43425551651666,0.9997653583615218,321.5800193763195,125.79845660665761,1182.2179810154353,192062.1875,3.55,3.775,0.4500000000000002,0.11920529801324509,192118.5625,56.375,3.55,0.0,3.775,0.0,0.4500000000000002,0.0,0.11920529801324509,0.0
537,4516,989,849-1267,624.2910055057941,222.27839914710003,0.9977729373698648,924.271421259897,321.448682702106,1875.2743730867285,90660.09375,3.55,3.775,0.4500000000000002,0.11920529801324509,86423.8671875,4236.2265625,3.55,0.0,3.775,0.0,0.4500000000000002,0.0,0.11920529801324509,0.0
538,5003,2459,2093-2500,158.601116346859,70.92878105044157,0.9999726791830024,253.01364827826356,105.56587550951087,421.9174690942651,216699.640625,3.55,3.775,0.4500000000000002,0.11920529801324509,216816.453125,116.8125,3.55,0.0,3.775,0.0,0.4500000000000002,0.0,0.11920529801324509,0.0
539,9066,1764,1679-2092,572.2750654043348,189.33335981684147,0.9994362134233096,928.2742933045669,293.4243907099185,1688.4116956107569,163931.21875,3.55,3.775,0.4500000000000002,0.11920529801324509,164748.75,817.53125,3.55,0.0,3.775,0.0,0.4500000000000002,0.0,0.11920529801324509,0.0
540,5427,740,428-848,380.1242378285779,164.61009521484374,0.9982469167329818,341.60917966549584,169.10181725543478,896.9094426784467,57987.4140625,3.55,3.575,0.8500000000000001,0.2377622377622378,59318.859375,1331.4453125,3.55,0.0,3.575,0.0,0.8500000000000001,0.0,0.2377622377622378,0.0
541,7131,915,849-1267,591.2031637361738,232.88325344822096,0.9976092935276437,590.2217515708325,237.9642280910326,1601.4784409965146,77850.90625,3.55,3.575,0.8500000000000001,0.2377622377622378,78394.9609375,544.0546875,3.55,0.0,3.775,0.19999999999999973,0.4500000000000002,0.3999999999999999,0.11920529801324509,0.1185569397489927
542,5035,1048,849-1267,626.5515052051992,219.06554626119862,0.9982055396277064,1000.1812722593186,300.8660729449728,1890.855121151688,97601.1796875,3.55,3.775,0.4500000000000002,0.11920529801324509,92878.3984375,4722.78125,3.55,0.0,3.775,0.0,0.4500000000000002,0.0,0.11920529801324509,0.0
543,6277,2008,1679-2092,519.1627451109058,176.29254672665803,0.9996178739065884,361.57433816510314,149.607177734375,1384.3511107755096,187975.4375,3.55,3.775,0.4500000000000002,0.11920529801324509,187047.296875,928.140625,3.55,0.0,3.775,0.0,0.4500000000000002,0.0,0.11920529801324509,0.0
544,817,1249,849-1267,597.5103003781111,230.60438126433,0.9987397889306292,936.2972978767775,344.3149838654891,1708.3326898609482,110532.6328125,3.55,3.775,0.4500000000000002,0.11920529801324509,114051.0390625,3518.40625,3.55,0.0,3.775,0.0,0.4500000000000002,0.0,0.11920529801324509,0.0
545,6773,2392,2093-2500,191.9767792781578,79.04102093134341,0.999958814319224,131.1006887325073,66.06587550951087,502.17549669249996,213112.296875,3.55,3.775,0.4500000000000002,0.11920529801324509,213637.453125,525.15625,3.55,0.0,3.775,0.0,0.4500000000000002,0.0,0.11920529801324509,0.0
546,1079,822,428-848,394.3103799260242,162.51984227639903,0.9985707083699826,327.0920702362802,123.23949664572011,908.3548139366121,67333.1796875,3.55,3.575,0.8500000000000001,0.2377622377622378,67607.953125,274.7734375,3.55,0.0,3.575,0.0,0.8500000000000001,0.0,0.2377622377622378,0.0
547,9712,1005,849-1267,726.6310046628997,246.3355899668818,0.9968306586013282,1236.0961522934824,355.62033479110056,2163.3598697912835,81108.0234375,3.55,3.575,0.8500000000000001,0.2377622377622378,86966.953125,5858.9296875,3.55,0.0,3.775,0.19999999999999973,0.4500000000000002,0.3999999999999999,0.11920529801324509,0.1185569397489927
548,4192,1583,1268-1678,516.3299349535282,204.49540786915654,0.9994335185853238,697.234901283651,252.47921620244566,1426.2810344126888,149666.9375,3.55,3.775,0.4500000000000002,0.11920529801324509,146760.8125,2906.125,3.55,0.0,3.775,0.0,0.4500000000000002,0.0,0.11920529801324509,0.0
549,2697,807,428-848,413.4538143342626,168.8921563396288,0.9984498116190275,428.9781182615134,189.51265816066575,1076.4663422215435,67023.09375,3.55,3.775,0.4500000000000002,0.11920529801324509,66159.359375,863.734375,3.55,0.0,3.575,0.19999999999999973,0.8500000000000001,0.3999999999999999,0.2377622377622378,0.1185569397489927
550,9660,2433,2093-2500,168.5554064157997,76.44810117612093,0.9999687192530092,272.1431154674616,117.5660984205163,454.2050004253157,215009.5625,3.55,3.775,0.4500000000000002,0.11920529801324509,215968.734375,959.171875,3.55,0.0,3.775,0.0,0.4500000000000002,0.0,0.11920529801324509,0.0
551,905,2401,2093-2500,274.6090569084919,103.10242222422724,0.9999155248434382,318.6257033702582,136.9829738451087,736.6073484618046,213100.8125,3.55,3.775,0.4500000000000002,0.11920529801324509,214348.953125,1248.140625,3.55,0.0,3.775,0.0,0.4500000000000002,0.0,0.11920529801324509,0.0
552,3527,1980,1679-2092,700.5902675842414,217.53786139725395,0.999279591875447,691.6092100019498,255.5245308254076,2058.9121332654654,181392.484375,3.55,3.775,0.4500000000000002,0.11920529801324509,183860.6875,2468.203125,3.55,0.0,3.775,0.0,0.4500000000000002,0.0,0.11920529801324509,0.0
553,6712,1354,1268-1678,330.866755252758,147.9970729139245,0.9996762852437,201.83679323400597,106.49341351052989,848.8702982709556,123649.359375,3.55,3.775,0.4500000000000002,0.11920529801324509,123512.3828125,136.9765625,3.55,0.0,3.775,0.0,0.4500000000000002,0.0,0.11920529801324509,0.0
554,808,1633,1268-1678,639.0409151479515,247.9036885694421,0.9991683125762296,724.8349047293434,274.44138502038044,1828.5220347760994,149110.15625,3.55,3.775,0.4500000000000002,0.11920529801324509,152377.078125,3266.921875,3.55,0.0,3.775,0.0,0.4500000000000002,0.0,0.11920529801324509,0.0
555,9663,1650,1268-1678,410.8071822638509,172.77950163414997,0.9996657045257626,271.1452473021859,139.9613090183424,1082.513521217858,152496.3125,3.55,3.775,0.4500000000000002,0.11920529801324509,153398.90625,902.59375,3.55,0.0,3.775,0.0,0.4500000000000002,0.0,0.11920529801324509,0.0
556,1887,1896,1679-2092,507.84933868760316,173.11239998699685,0.9996005048968987,820.2637540831371,249.57642663043478,1497.2764238819486,178572.3125,3.55,3.775,0.4500000000000002,0.11920529801324509,177971.9375,600.375,3.55,0.0,3.775,0.0,0.4500000000000002,0.0,0.11920529801324509,0.0
557,4269,2219,2093-2500,601.5400767649328,199.42859311536705,0.9995517871493799,469.497558077102,204.15334154211956,1658.745361673019,201612.3125,3.55,3.775,0.4500000000000002,0.11920529801324509,203071.0625,1458.75,3.55,0.0,3.775,0.0,0.4500000000000002,0.0,0.11920529801324509,0.0
558,3786,1968,1679-2092,563.7332414930418,190.54037890625,0.9995345106209558,348.7036758047697,156.2103430706522,1492.6289897042902,182288.546875,3.55,3.775,0.4500000000000002,0.11920529801324509,183391.4375,1102.890625,3.55,0.0,3.775,0.0,0.4500000000000002,0.0,0.11920529801324509,0.0
559,6829,460,428-848,251.93048795439375,115.91529569775125,0.9979593571589782,219.486822961381,105.3370706309443,641.7116758374837,34306.953125,3.55,3.575,0.8500000000000001,0.2377622377622378,33674.91796875,632.03515625,3.55,0.0,3.575,0.0,0.8500000000000001,0.0,0.2377622377622378,0.0
560,7858,483,428-848,262.6304740014204,117.49789506975257,0.9976643406640477,254.95380781734858,112.56615680197011,658.2935668774292,34251.94921875,3.55,3.825,1.35,0.35294117647058826,35330.6484375,1078.69921875,3.55,0.0,3.575,0.25,0.8500000000000001,0.5,0.2377622377622378,0.11517893870835047
561,3816,165,160-279,175.5130158908722,82.19872771856889,0.9898205276606529,130.96209836515197,76.8283280082371,419.2772858735545,10507.47265625,3.55,3.825,1.35,0.35294117647058826,10116.140625,391.33203125,3.55,0.0,3.825,0.0,1.35,0.0,0.35294117647058826,0.0
562,9225,560,428-848,265.82648070021395,118.34546524976648,0.998526983256023,196.23137575461962,85.90560249660327,633.8578581576351,43797.4453125,3.55,3.575,0.8500000000000001,0.2377622377622378,43196.6015625,600.84375,4.0,0.4500000000000002,3.575,0.0,0.8500000000000001,0.0,0.2377622377622378,0.0
563,5018,1084,849-1267,601.1100874526961,217.43516203400986,0.9983491346971164,564.6190519955431,230.5292915675951,1743.9301651919177,93277.8984375,3.55,3.775,0.4500000000000002,0.11920529801324509,95079.1171875,1801.21875,3.55,0.0,3.775,0.0,0.4500000000000002,0.0,0.11920529801324509,0.0
564,4925,2484,2093-2500,183.96266716042064,79.35875499745245,0.9999635454979428,312.92580576774475,133.72433338994566,510.92903758918817,217655.59375,3.55,3.775,0.4500000000000002,0.11920529801324509,218277.3125,621.71875,3.55,0.0,3.775,0.0,0.4500000000000002,0.0,0.11920529801324509,0.0
565,97,1245,849-1267,596.5801073432111,250.46346646980618,0.9987949283872066,797.8295959970633,328.427293860394,1725.1069652693293,114462.3984375,3.55,3.775,0.4500000000000002,0.11920529801324509,112107.671875,2354.7265625,3.55,0.0,3.775,0.0,0.4500000000000002,0.0,0.11920529801324509,0.0
566,8304,1794,1679-2092,547.249907226721,178.9313329159944,0.999481241852342,546.7915547495617,175.78042204483697,1563.7859774512322,167644.40625,3.55,3.775,0.4500000000000002,0.11920529801324509,168018.59375,374.1875,3.55,0.0,3.775,0.0,0.4500000000000002,0.0,0.11920529801324509,0.0
567,4517,1710,1679-2092,684.2849218427807,226.40142012143343,0.9991414631446988,992.8028847677035,318.26435122282606,2054.915454823767,158543.046875,3.55,3.775,0.4500000000000002,0.11920529801324509,160093.765625,1550.71875,3.55,0.0,3.775,0.0,0.4500000000000002,0.0,0.11920529801324509,0.0
568,7476,497,428-848,259.69887778663684,117.63171876923934,0.9981052471642119,161.0718129945244,75.59352974269702,567.7075154796009,36902.00390625,4.0,3.575,0.8500000000000001,0.2377622377622378,36923.19921875,21.1953125,4.0,0.0,3.575,0.0,0.8500000000000001,0.0,0.2377622377622378,0.0
569,5691,1926,1679-2092,1045.869189519867,293.49416975734545,0.9982950097972262,1467.480375310094,390.58242399796194,3041.8919845331216,178767.453125,3.55,3.775,0.4500000000000002,0.11920529801324509,179379.796875,612.34375,3.55,0.0,3.775,0.0,0.4500000000000002,0.0,0.11920529801324509,0.0
570,484,1578,1268-1678,451.77213301220286,200.7147442520805,0.9995568402813925,519.0551187937529,250.72317637567934,1216.9669401387885,144698.546875,3.55,3.775,0.4500000000000002,0.11920529801324509,146329.40625,1630.859375,3.55,0.0,3.775,0.0,0.4500000000000002,0.0,0.11920529801324509,0.0
571,3725,709,428-848,232.33282473689368,114.55627608655847,0.9993264528734597,146.95535157692814,78.78282629925272,451.429445023409,57108.48828125,3.55,3.575,0.8500000000000001,0.2377622377622378,57026.48828125,82.0,3.55,0.0,3.575,0.0,0.8500000000000001,0.0,0.2377622377622378,0.0
572,6854,431,428-848,261.4785898621114,113.34372616305144,0.997304954160293,280.64646125927527,109.31024169921875,689.7285039152666,32676.90234375,3.55,3.575,0.8500000000000001,0.2377622377622378,31780.30078125,896.6015625,4.0,0.4500000000000002,3.825,0.25,1.35,0.5,0.35294117647058826,0.11517893870835047
573,7300,1318,1268-1678,658.0754569616686,264.496144054645,0.998616483889655,783.104470375559,333.7888820482337,1876.1510503490179,117896.9296875,3.55,3.775,0.4500000000000002,0.11920529801324509,121116.7734375,3219.84375,3.55,0.0,3.775,0.0,0.4500000000000002,0.0,0.11920529801324509,0.0
574,3496,954,849-1267,433.2419538372341,181.40126729311737,0.9988488372833395,539.7329304745148,212.00343919836956,1142.947307195544,84070.8203125,3.55,3.775,0.4500000000000002,0.11920529801324509,83227.8203125,843.0,3.55,0.0,3.775,0.0,0.4500000000000002,0.0,0.11920529801324509,0.0
575,8418,2027,1679-2092,346.81571701180474,135.20747188070547,0.9998330197409763,362.9271264990381,139.9962211277174,982.0118409637611,188545.0625,3.55,3.775,0.4500000000000002,0.11920529801324509,187720.9375,824.125,3.55,0.0,3.775,0.0,0.4500000000000002,0.0,0.11920529801324509,0.0
576,3161,1498,1268-1678,444.71125549556626,170.39711307001528,0.999518444750699,611.1029613812752,213.4769340183424,1289.563524008862,136908.5625,3.55,3.775,0.4500000000000002,0.11920529801324509,139766.984375,2858.421875,3.55,0.0,3.775,0.0,0.4500000000000002,0.0,0.11920529801324509,0.0
577,2241,368,280-427,264.67994682022385,113.57239645156861,0.9959136306307056,351.57993406548957,139.82426651664403,639.9845431054407,27219.97265625,3.55,3.575,0.8500000000000001,0.2377622377622378,25975.26953125,1244.703125,3.55,0.0,3.825,0.25,1.35,0.5,0.35294117647058826,0.11517893870835047
578,1640,931,849-1267,320.585442032714,154.4272692128057,0.9993403020739864,269.42395464858345,134.61255944293478,762.0278020193296,79675.7890625,3.55,3.775,0.4500000000000002,0.11920529801324509,79932.4296875,256.640625,3.55,0.0,3.775,0.0,0.4500000000000002,0.0,0.11920529801324509,0.0
579,4728,258,160-279,145.29102899201322,70.85543146586211,0.9972365672210354,91.42201284201403,50.902646272078805,273.5175543479956,17414.53515625,3.55,3.825,1.35,0.35294117647058826,17329.984375,84.55078125,4.0,0.4500000000000002,3.825,0.0,1.35,0.0,0.35294117647058826,0.0
580,3977,1089,849-1267,591.5839740678051,234.4293530813466,0.9984093824512493,684.7482650706462,286.6138279127038,1747.3285503275793,98431.09375,3.55,3.775,0.4500000000000002,0.11920529801324509,96252.328125,2178.765625,3.55,0.0,3.775,0.0,0.4500000000000002,0.0,0.11920529801324509,0.0
581,4107,1618,1268-1678,481.9052153159973,203.6709675292969,0.9995292499104007,342.9706191289285,168.56397545855978,1214.6811500961844,152303.984375,3.55,3.775,0.4500000000000002,0.11920529801324509,151442.3125,861.671875,3.55,0.0,3.775,0.0,0.4500000000000002,0.0,0.11920529801324509,0.0
582,1315,1491,1268-1678,487.97241001995513,185.48972946485438,0.9994287285699758,254.10376015771584,119.5177691915761,1302.5849267223855,139465.375,3.55,3.775,0.4500000000000002,0.11920529801324509,138465.09375,1000.28125,3.55,0.0,3.775,0.0,0.4500000000000002,0.0,0.11920529801324509,0.0
583,5947,1011,849-1267,324.7971915530394,151.32999762015965,0.9994272615893293,270.25795712782934,137.5660931131114,798.5053912507327,86861.6484375,3.55,3.775,0.4500000000000002,0.11920529801324509,87693.59375,831.9453125,3.55,0.0,3.775,0.0,0.4500000000000002,0.0,0.11920529801324509,0.0
584,8128,876,849-1267,427.16417774993266,177.94483620366634,0.9986614917200226,544.8920679422666,225.11246390964675,1137.2108078233573,76639.7265625,3.55,3.775,0.4500000000000002,0.11920529801324509,74388.546875,2251.1796875,3.55,0.0,3.775,0.0,0.4500000000000002,0.0,0.11920529801324509,0.0
585,3742,1065,849-1267,903.6773683745403,301.94985472279427,0.9963472960391899,1528.8559069142682,495.8525231402853,2783.483506471935,101622.0078125,3.55,3.775,0.4500000000000002,0.11920529801324509,94946.6484375,6675.359375,3.55,0.0,3.775,0.0,0.4500000000000002,0.0,0.11920529801324509,0.0
586,5796,2388,2093-2500,173.09057859040527,78.28615818295687,0.9999664509602328,255.92778891775353,95.18502674932066,464.94237155429494,212619.84375,3.55,3.775,0.4500000000000002,0.11920529801324509,213652.578125,1032.734375,3.55,0.0,3.775,0.0,0.4500000000000002,0.0,0.11920529801324509,0.0
587,8880,1722,1679-2092,439.86204538196455,182.17976285931132,0.9996503505612002,337.0146155847478,159.07595957880434,1226.5713593456692,162882.53125,3.55,3.775,0.4500000000000002,0.11920529801324509,161554.609375,1327.921875,3.55,0.0,3.775,0.0,0.4500000000000002,0.0,0.11920529801324509,0.0
588,2116,890,849-1267,762.7515974917799,261.33766655220364,0.9962647756574574,1157.2066336380196,350.2610977836277,2319.372066901168,81806.53125,3.55,3.775,0.4500000000000002,0.11920529801324509,76444.9765625,5361.5546875,3.55,0.0,3.775,0.0,0.4500000000000002,0.0,0.11920529801324509,0.0
589,3308,1278,1268-1678,525.7452169834901,217.82348130307406,0.9990768640325915,778.8905986250153,306.7226987092391,1505.1323900034213,112877.359375,3.55,3.775,0.4500000000000002,0.11920529801324509,115905.46875,3028.109375,3.55,0.0,3.775,0.0,0.4500000000000002,0.0,0.11920529801324509,0.0
590,9756,1396,1268-1678,600.6856865880317,222.94168753609034,0.9990588531709319,753.8334748435344,329.26131538722825,1696.8212633456758,129187.2578125,3.55,3.775,0.4500000000000002,0.11920529801324509,127739.7109375,1447.546875,3.55,0.0,3.775,0.0,0.4500000000000002,0.0,0.11920529801324509,0.0
591,2923,445,428-848,240.43474867764834,104.81601759311842,0.9977821069763338,120.94373675512446,63.31864862856658,514.1305681078843,31907.392578125,3.55,3.825,1.35,0.35294117647058826,31839.41015625,67.982421875,3.55,0.0,3.825,0.0,1.35,0.0,0.35294117647058826,0.0
592,5998,269,160-279,236.2813035646781,104.18759212641508,0.9937756344245483,270.8673459341028,115.77583379330842,626.2537491651718,18826.748046875,3.55,3.825,1.35,0.35294117647058826,17951.728515625,875.01953125,4.0,0.4500000000000002,3.825,0.0,1.35,0.0,0.35294117647058826,0.0
593,8581,1409,1268-1678,385.2178787013896,166.06191948772928,0.9996014416522928,270.769258505508,144.96663765285325,1016.4998997894543,131037.09375,3.55,3.775,0.4500000000000002,0.11920529801324509,130392.671875,644.421875,3.55,0.0,3.775,0.0,0.4500000000000002,0.0,0.11920529801324509,0.0
594,1740,324,280-427,279.567903030507,112.29977137948741,0.9947713878027922,301.37083902724095,117.2400433084239,775.4631321187481,24333.9296875,4.0,3.575,0.8500000000000001,0.2377622377622378,22967.845703125,1366.083984375,4.0,0.0,3.825,0.25,1.35,0.5,0.35294117647058826,0.11517893870835047
595,3114,989,849-1267,363.49847237154864,161.2367568064814,0.999217622433236,474.03084642528654,162.9580131199049,921.8814723698674,82972.7421875,3.55,3.775,0.4500000000000002,0.11920529801324509,85176.859375,2204.1171875,3.55,0.0,3.775,0.0,0.4500000000000002,0.0,0.11920529801324509,0.0
596,61,2484,2093-2500,204.96577099835906,82.12489489533797,0.9999546904688285,362.19633892023285,135.69631029211956,584.4161052397025,217842.125,3.55,3.775,0.4500000000000002,0.11920529801324509,218292.453125,450.328125,3.55,0.0,3.775,0.0,0.4500000000000002,0.0,0.11920529801324509,0.0
597,6792,474,428-848,343.64242490079096,155.67786005567467,0.9961861781684112,404.7728207577306,179.0231641686481,896.082679776802,35436.4375,3.55,3.575,0.8500000000000001,0.2377622377622378,33920.9140625,1515.5234375,3.55,0.0,3.575,0.0,0.8500000000000001,0.0,0.2377622377622378,0.0
598,7794,2092,1679-2092,360.77637258159376,136.6886499873949,0.9998248718213102,126.3009253039982,86.35140327785327,878.8948563629477,192525.5,3.55,3.775,0.4500000000000002,0.11920529801324509,192353.203125,172.296875,3.55,0.0,3.775,0.0,0.4500000000000002,0.0,0.11920529801324509,0.0
599,128,311,280-427,205.2383368785226,94.86941162875631,0.9967763503864481,182.79617243890027,81.2015845257303,465.5053205176876,22245.2890625,3.55,3.825,1.35,0.35294117647058826,22101.08984375,144.19921875,4.0,0.4500000000000002,3.825,0.0,1.35,0.0,0.35294117647058826,0.0
600,6492,939,849-1267,433.47005754392484,180.27769087524413,0.9987763411280154,529.5424480093512,176.7879054857337,1167.5846877275376,79161.9765625,3.55,3.575,0.8500000000000001,0.2377622377622378,81637.3671875,2475.390625,3.55,0.0,3.775,0.19999999999999973,0.4500000000000002,0.3999999999999999,0.11920529801324509,0.1185569397489927
601,3101,1595,1268-1678,682.6491674337434,248.45759976435122,0.9990250442246635,668.0056015765532,285.4865085767663,1969.3236586218306,147122.203125,3.55,3.775,0.4500000000000002,0.11920529801324509,149807.375,2685.171875,3.55,0.0,3.775,0.0,0.4500000000000002,0.0,0.11920529801324509,0.0
602,1954,1258,849-1267,452.6886921110067,179.34879740892492,0.9993209776263271,648.4846309795383,211.7395072605299,1297.292925134465,114525.75,3.55,3.775,0.4500000000000002,0.11920529801324509,114444.6171875,81.1328125,3.55,0.0,3.775,0.0,0.4500000000000002,0.0,0.11920529801324509,0.0
603,2562,530,428-848,333.80156622027494,142.62806544454824,0.997351080389728,485.43061015874537,208.0261389690897,923.5213841827884,42117.25390625,4.0,3.575,0.8500000000000001,0.2377622377622378,40607.734375,1509.51953125,4.0,0.0,3.575,0.0,0.8500000000000001,0.0,0.2377622377622378,0.0
604,2577,663,428-848,418.9294985562855,177.0767403548531,0.997591437619036,595.3706805444283,236.30842391304347,1167.9571275245505,55456.625,4.0,3.775,0.4500000000000002,0.11920529801324509,52915.19921875,2541.42578125,4.0,0.0,3.575,0.19999999999999973,0.8500000000000001,0.3999999999999999,0.2377622377622378,0.1185569397489927
605,6030,672,428-848,363.99641572650387,162.5106373850947,0.9981782111829766,507.2559412473151,217.01968516474184,987.2150028030393,55308.11328125,3.55,3.575,0.8500000000000001,0.2377622377622378,53399.46875,1908.64453125,3.55,0.0,3.575,0.0,0.8500000000000001,0.0,0.2377622377622378,0.0
606,9677,1091,849-1267,465.47631073315677,195.86503940217392,0.9990285249770389,369.5166347021284,205.0836340862772,1270.4072519121319,96616.390625,3.55,3.775,0.4500000000000002,0.11920529801324509,97760.4609375,1144.0703125,3.55,0.0,3.775,0.0,0.4500000000000002,0.0,0.11920529801324509,0.0
607,8695,2117,2093-2500,2214.8716917831753,460.9553982915464,0.9939452364733072,2638.1667582826126,661.7639266304348,6813.780057571129,195635.484375,3.55,3.775,0.4500000000000002,0.11920529801324509,194714.765625,920.71875,3.55,0.0,3.775,0.0,0.4500000000000002,0.0,0.11920529801324509,0.0
608,9594,807,428-848,406.2978328340863,164.87203620897375,0.9984357734459466,440.63909038990624,182.2355797809103,1136.0363125395845,67807.9296875,3.55,3.775,0.4500000000000002,0.11920529801324509,66492.046875,1315.8828125,3.55,0.0,3.575,0.19999999999999973,0.8500000000000001,0.3999999999999999,0.2377622377622378,0.1185569397489927
609,8198,1301,1268-1678,472.92498114002814,182.63802809713613,0.9992827641604135,527.0950668674723,172.30410368546197,1341.5510578348544,118428.5,3.55,3.775,0.4500000000000002,0.11920529801324509,118592.4765625,163.9765625,3.55,0.0,3.775,0.0,0.4500000000000002,0.0,0.11920529801324509,0.0
610,1995,1718,1679-2092,656.1468501236099,224.65348103266177,0.9991716571935573,992.4707899011445,264.8883958899456,1935.3692897008457,155742.796875,3.55,3.775,0.4500000000000002,0.11920529801324509,160426.8125,4684.015625,3.55,0.0,3.775,0.0,0.4500000000000002,0.0,0.11920529801324509,0.0
611,9734,748,428-848,381.824361011703,156.8337554464589,0.9983114946909732,386.16084335632047,163.69059952445653,996.507782960571,60215.01953125,3.55,3.575,0.8500000000000001,0.2377622377622378,61277.328125,1062.30859375,3.55,0.0,3.575,0.0,0.8500000000000001,0.0,0.2377622377622378,0.0
612,1292,761,428-848,438.31331150113743,196.6278971791143,0.9978676522081711,543.0683573586563,208.7970660665761,1156.6931825505503,60697.55859375,4.0,3.775,0.4500000000000002,0.11920529801324509,61776.26171875,1078.703125,3.55,0.4500000000000002,3.575,0.19999999999999973,0.8500000000000001,0.3999999999999999,0.2377622377622378,0.1185569397489927
613,5099,2031,1679-2092,1973.0049910392067,440.22496127173383,0.9944043350411488,2682.6469329145843,708.6836574388587,5267.975983821607,189158.5625,3.55,3.775,0.4500000000000002,0.11920529801324509,187728.5,1430.0625,3.55,0.0,3.775,0.0,0.4500000000000002,0.0,0.11920529801324509,0.0
614,1955,2258,2093-2500,1170.556718131165,301.1810895279594,0.9983779435843666,1754.342068572818,435.36508576766306,3500.01068045344,203187.6875,3.55,3.775,0.4500000000000002,0.11920529801324509,203820.34375,632.65625,3.55,0.0,3.775,0.0,0.4500000000000002,0.0,0.11920529801324509,0.0
615,6963,2320,2093-2500,391.6348483372926,131.40632632578973,0.9998216833049918,92.72304621924803,46.82994013247283,1050.1763359862277,208899.59375,3.55,3.775,0.4500000000000002,0.11920529801324509,208914.359375,14.765625,3.55,0.0,3.775,0.0,0.4500000000000002,0.0,0.11920529801324509,0.0
616,8263,1773,1679-2092,507.78354600549676,190.07619808668053,0.9995443765104808,896.9420922720284,309.02565599524456,1506.4325866129147,161809.1875,3.55,3.775,0.4500000000000002,0.11920529801324509,165740.3125,3931.125,3.55,0.0,3.775,0.0,0.4500000000000002,0.0,0.11920529801324509,0.0
617,8556,121,101-159,141.12090910760404,68.15140157736488,0.9870395782456135,110.6212267461738,58.26634415336277,294.9844068400948,7619.34326171875,3.55,3.825,1.35,0.35294117647058826,7345.857421875,273.48583984375,3.55,0.0,3.825,0.0,1.35,0.0,0.35294117647058826,0.0
618,5246,1610,1268-1678,475.7612990365058,177.49852953093156,0.9995370561107547,129.08900744739333,80.77784264605978,1300.4099736195717,150618.953125,3.55,3.775,0.4500000000000002,0.11920529801324509,150428.0625,190.890625,3.55,0.0,3.775,0.0,0.4500000000000002,0.0,0.11920529801324509,0.0
619,2525,260,160-279,172.48378470845682,78.0160254385575,0.9961900201511708,107.15654075318436,46.60692430579144,352.1623281540471,18062.29296875,3.55,3.825,1.35,0.35294117647058826,17596.291015625,466.001953125,3.55,0.0,3.825,0.0,1.35,0.0,0.35294117647058826,0.0
620,229,1331,1268-1678,373.7777267254529,165.25915225591245,0.9995914689795382,217.03572149995668,105.86608355978261,958.2909793645451,121677.109375,3.55,3.775,0.4500000000000002,0.11920529801324509,121510.359375,166.75,3.55,0.0,3.775,0.0,0.4500000000000002,0.0,0.11920529801324509,0.0
621,2913,1789,1679-2092,555.2862991649678,225.76101041803776,0.9994551491428781,806.0907816267769,337.5640391474185,1572.3265634905933,165266.265625,3.55,3.775,0.4500000000000002,0.11920529801324509,167942.90625,2676.640625,3.55,0.0,3.775,0.0,0.4500000000000002,0.0,0.11920529801324509,0.0
622,382,1409,1268-1678,689.076539297021,274.6691501573645,0.99867783932841,896.0946455143302,349.88886294157606,1965.5228533269587,125906.4296875,3.55,3.775,0.4500000000000002,0.11920529801324509,129537.3671875,3630.9375,3.55,0.0,3.775,0.0,0.4500000000000002,0.0,0.11920529801324509,0.0
623,3931,2164,2093-2500,643.3320883255275,202.72170754553753,0.9994715329683841,733.9968122741509,255.57016389266303,1862.6485865589102,199462.421875,3.55,3.775,0.4500000000000002,0.11920529801324509,198673.40625,789.015625,3.55,0.0,3.775,0.0,0.4500000000000002,0.0,0.11920529801324509,0.0
624,9042,1930,1679-2092,490.90131153119677,183.25385978327213,0.9996407342211437,357.4046774365578,166.1732230808424,1235.2553947047993,181628.078125,3.55,3.775,0.4500000000000002,0.11920529801324509,180189.6875,1438.390625,3.55,0.0,3.775,0.0,0.4500000000000002,0.0,0.11920529801324509,0.0
625,9073,115,101-159,110.22815330306229,55.28019391029192,0.9915899905639044,85.27980966704239,51.50090491253397,264.1200937829187,7191.36572265625,3.55,3.825,1.35,0.35294117647058826,7035.52490234375,155.8408203125,3.55,0.0,3.825,0.0,1.35,0.0,0.35294117647058826,0.0
626,9334,784,428-848,367.08543952378363,157.56266355166227,0.9987116735497307,286.5992101089115,136.61898140285325,913.6196532549662,65430.1015625,3.55,3.775,0.4500000000000002,0.11920529801324509,64923.109375,506.9921875,3.55,0.0,3.575,0.19999999999999973,0.8500000000000001,0.3999999999999999,0.2377622377622378,0.1185569397489927
627,6327,656,428-848,452.7337698202649,177.08105423199197,0.9968260729363895,550.8554728975126,202.58249299422553,1256.5502928305036,51244.89453125,4.0,3.575,0.8500000000000001,0.2377622377622378,51724.234375,479.33984375,4.0,0.0,3.575,0.0,0.8500000000000001,0.0,0.2377622377622378,0.0
628,4084,477,428-848,333.8568464076831,145.89253121258278,0.9963737971064227,322.1632108165455,135.75783903702447,766.5814313547736,34859.7265625,4.0,3.825,1.35,0.35294117647058826,35330.65234375,470.92578125,3.55,0.4500000000000002,3.825,0.0,1.35,0.0,0.35294117647058826,0.0
629,3159,158,101-159,142.58390630985025,68.30880161263839,0.9925762297042927,144.81701528967682,67.7709430197011,322.06592756302035,10315.4462890625,4.0,3.825,1.35,0.35294117647058826,9998.8212890625,316.625,3.55,0.4500000000000002,3.825,0.0,1.35,0.0,0.35294117647058826,0.0
630,7530,1662,1268-1678,495.54221951635185,196.7814443019701,0.9995202171362807,258.1321812129944,123.83241338315217,1204.75537190932,154020.328125,3.55,3.775,0.4500000000000002,0.11920529801324509,155067.90625,1047.578125,3.55,0.0,3.775,0.0,0.4500000000000002,0.0,0.11920529801324509,0.0
631,4053,1200,849-1267,418.3560669738676,182.99595410647186,0.9993677429434459,265.64894025576217,171.2675940472147,1138.8085378720473,108543.1328125,3.55,3.775,0.4500000000000002,0.11920529801324509,109182.2109375,639.078125,3.55,0.0,3.775,0.0,0.4500000000000002,0.0,0.11920529801324509,0.0
632,2788,1896,1679-2092,832.7022460810108,236.54078789115573,0.9989273452243014,704.2158144475584,220.9468834918478,2409.629845809044,175847.65625,3.55,3.775,0.4500000000000002,0.11920529801324509,176443.0,595.34375,3.55,0.0,3.775,0.0,0.4500000000000002,0.0,0.11920529801324509,0.0
633,7374,2225,2093-2500,460.18857459045626,154.87632385280443,0.9997387534411752,235.93106905581215,106.58614979619566,1202.6652440775058,201661.421875,3.55,3.775,0.4500000000000002,0.11920529801324509,202442.78125,781.359375,3.55,0.0,3.775,0.0,0.4500000000000002,0.0,0.11920529801324509,0.0
634,9265,999,849-1267,554.74808889604,195.63089625137994,0.9982750700681384,446.7641685384325,207.4038722826087,1390.3895234742797,88483.5,3.55,3.775,0.4500000000000002,0.11920529801324509,87566.7890625,916.7109375,3.55,0.0,3.775,0.0,0.4500000000000002,0.0,0.11920529801324509,0.0
635,2329,368,280-427,168.14165077329258,83.54124115879225,0.99834517471294,128.0379192286278,77.90566087805706,347.29105851912476,25367.154296875,4.0,3.825,1.35,0.35294117647058826,25085.9921875,281.162109375,4.0,0.0,3.825,0.0,1.35,0.0,0.35294117647058826,0.0
636,6011,1197,849-1267,462.6401125976162,196.5263222467837,0.9991928684107962,601.0330460317302,228.4652046535326,1266.3096716221442,107014.34375,3.55,3.775,0.4500000000000002,0.11920529801324509,107711.921875,697.578125,3.55,0.0,3.775,0.0,0.4500000000000002,0.0,0.11920529801324509,0.0
637,6926,1896,1679-2092,782.0883334730742,216.47320755482548,0.999060279206747,920.1544215649986,276.9245711616848,2377.2791562165708,176479.921875,3.55,3.775,0.4500000000000002,0.11920529801324509,176980.40625,500.484375,3.55,0.0,3.775,0.0,0.4500000000000002,0.0,0.11920529801324509,0.0
638,5516,865,849-1267,674.347217114516,251.72905691714078,0.9967898040203209,973.1746543473915,367.8015561311141,1925.7752427664325,76521.3203125,3.55,3.775,0.4500000000000002,0.11920529801324509,73079.1015625,3442.21875,3.55,0.0,3.775,0.0,0.4500000000000002,0.0,0.11920529801324509,0.0
639,7891,2405,2093-2500,227.51865805149754,86.59293021081012,0.9999419389732673,410.61474691355426,145.2677691915761,631.9765971881072,213082.9375,3.55,3.775,0.4500000000000002,0.11920529801324509,214401.953125,1319.015625,3.55,0.0,3.775,0.0,0.4500000000000002,0.0,0.11920529801324509,0.0
640,5252,2211,2093-2500,749.3372675395302,236.11784518114172,0.9993081448938839,1005.0745695410428,370.5257409137228,2209.221478811116,202592.640625,3.55,3.775,0.4500000000000002,0.11920529801324509,203721.953125,1129.3125,3.55,0.0,3.775,0.0,0.4500000000000002,0.0,0.11920529801324509,0.0
641,8580,1539,1268-1678,348.9418259235823,150.79052476939324,0.9997259069076958,377.5099620456753,172.34543775475544,943.1855796900347,141685.609375,3.55,3.775,0.4500000000000002,0.11920529801324509,142946.0,1260.390625,3.55,0.0,3.775,0.0,0.4500000000000002,0.0,0.11920529801324509,0.0
642,6744,1105,849-1267,584.2351302124821,231.38794604518725,0.9983896556162392,718.5648853797068,252.99106233016303,1593.568602222916,97054.328125,3.55,3.775,0.4500000000000002,0.11920529801324509,98029.15625,974.828125,3.55,0.0,3.775,0.0,0.4500000000000002,0.0,0.11920529801324509,0.0
643,4464,1093,849-1267,706.0978947325787,243.37221859449303,0.9975901386031372,926.8567546792569,331.0258682914402,2078.782541490159,93857.2109375,3.55,3.775,0.4500000000000002,0.11920529801324509,96749.9765625,2892.765625,3.55,0.0,3.775,0.0,0.4500000000000002,0.0,0.11920529801324509,0.0
644,9178,594,428-848,229.1432385159585,108.6864061778193,0.9990219838090636,140.83166733580447,76.02005137567934,507.6755565264071,45485.3203125,4.0,3.575,0.8500000000000001,0.2377622377622378,45571.41015625,86.08984375,4.0,0.0,3.575,0.0,0.8500000000000001,0.0,0.2377622377622378,0.0
645,8618,2055,1679-2092,580.401192326409,206.57097753521464,0.9995468655908658,635.4656828787278,223.47873853600544,1711.0755156451494,193705.953125,3.55,3.775,0.4500000000000002,0.11920529801324509,190786.421875,2919.53125,3.55,0.0,3.775,0.0,0.4500000000000002,0.0,0.11920529801324509,0.0
646,9808,1231,849-1267,756.3262481287368,275.7783322982125,0.9979456360506183,1221.4983625447708,428.97978940217394,2280.638000872942,105921.1015625,3.55,3.775,0.4500000000000002,0.11920529801324509,109950.46875,4029.3671875,3.55,0.0,3.775,0.0,0.4500000000000002,0.0,0.11920529801324509,0.0
647,8775,858,849-1267,574.6540563868685,212.84212150905444,0.997257400578396,717.5718557366179,268.39005180027175,1637.0702419233598,69373.1015625,4.0,3.575,0.8500000000000001,0.2377622377622378,72401.6640625,3028.5625,3.55,0.4500000000000002,3.775,0.19999999999999973,0.4500000000000002,0.3999999999999999,0.11920529801324509,0.1185569397489927
648,308,786,428-848,328.5918906762029,134.73189766049592,0.998937726963167,460.6280740580393,166.77095894191575,895.5045173231999,66706.203125,3.55,3.775,0.4500000000000002,0.11920529801324509,64571.3359375,2134.8671875,3.55,0.0,3.575,0.19999999999999973,0.8500000000000001,0.3999999999999999,0.2377622377622378,0.1185569397489927
649,2168,452,428-848,313.371364953904,132.10858771269426,0.9965304327687384,105.61033526247132,61.19385296365489,788.187803092981,33707.65234375,4.0,3.575,0.8500000000000001,0.2377622377622378,33511.83203125,195.8203125,4.0,0.0,3.825,0.25,1.35,0.5,0.35294117647058826,0.11517893870835047
650,4093,1258,849-1267,887.4066883427429,290.2397502191958,0.9975233423521345,1399.8613752688873,435.72806449558425,2725.134482493604,120966.9609375,3.55,3.775,0.4500000000000002,0.11920529801324509,114495.7109375,6471.25,3.55,0.0,3.775,0.0,0.4500000000000002,0.0,0.11920529801324509,0.0
651,4349,2078,1679-2092,724.3456567481135,233.40366080707054,0.9992809017675163,793.3472959010516,254.00163468070653,2043.7113751686313,190474.953125,3.55,3.775,0.4500000000000002,0.11920529801324509,192285.078125,1810.125,3.55,0.0,3.775,0.0,0.4500000000000002,0.0,0.11920529801324509,0.0
652,2312,364,280-427,228.1829189015648,100.35126347583274,0.996981286148111,142.9134128100321,75.02802840523098,529.1327779314425,25910.6015625,4.0,3.825,1.35,0.35294117647058826,25415.310546875,495.291015625,4.0,0.0,3.825,0.0,1.35,0.0,0.35294117647058826,0.0
653,1974,2224,2093-2500,630.8149549767948,200.2574467642079,0.9995126055207159,226.32723053791523,136.21998131793478,1682.2663116684143,203365.953125,3.55,3.775,0.4500000000000002,0.11920529801324509,202783.40625,582.546875,3.55,0.0,3.775,0.0,0.4500000000000002,0.0,0.11920529801324509,0.0
654,2696,658,428-848,483.08032742362724,179.67939613584434,0.9965992392172259,649.4489765033628,217.11563243036684,1404.1863130467548,54253.046875,3.55,3.775,0.4500000000000002,0.11920529801324509,51225.7265625,3027.3203125,3.55,0.0,3.575,0.19999999999999973,0.8500000000000001,0.3999999999999999,0.2377622377622378,0.1185569397489927
655,1764,2122,2093-2500,892.7655824179496,254.17211333432405,0.9989334303475496,1176.0552284773005,414.89834196671194,2652.477907304815,193670.84375,3.55,3.775,0.4500000000000002,0.11920529801324509,195948.5,2277.65625,3.55,0.0,3.775,0.0,0.4500000000000002,0.0,0.11920529801324509,0.0
656,6657,774,428-848,584.3245480086414,223.2790155020009,0.9965698508216165,587.3984396394957,222.7701416015625,1612.1747103771133,64722.68359375,3.55,3.775,0.4500000000000002,0.11920529801324509,62590.03515625,2132.6484375,3.55,0.0,3.575,0.19999999999999973,0.8500000000000001,0.3999999999999999,0.2377622377622378,0.1185569397489927
657,6495,1227,849-1267,543.4926745457227,218.17002328106423,0.999000673703139,748.3578194836069,288.6102135699728,1543.0247727236901,115644.5703125,3.55,3.775,0.4500000000000002,0.11920529801324509,112355.546875,3289.0234375,3.55,0.0,3.775,0.0,0.4500000000000002,0.0,0.11920529801324509,0.0
658,1560,1096,849-1267,654.5915127576052,248.769121498705,0.9979795141487808,603.1710740576706,200.8638916015625,1932.1856317161082,94450.84375,3.55,3.775,0.4500000000000002,0.11920529801324509,96960.03125,2509.1875,3.55,0.0,3.775,0.0,0.4500000000000002,0.0,0.11920529801324509,0.0
659,5659,130,101-159,120.69474266423387,59.895625907334036,0.9916396244203091,68.37728637147367,38.19874572753906,272.2437157809542,7806.6455078125,3.55,3.825,1.35,0.35294117647058826,7837.84765625,31.2021484375,3.55,0.0,3.825,0.0,1.35,0.0,0.35294117647058826,0.0
660,5363,293,280-427,357.2900691179966,134.0102988542308,0.9877961432237016,601.06143839488,217.68659774116847,1015.0935409515324,22052.3359375,3.55,3.575,0.8500000000000001,0.2377622377622378,20027.857421875,2024.478515625,3.55,0.0,3.825,0.25,1.35,0.5,0.35294117647058826,0.11517893870835047
661,4235,2028,1679-2092,821.0332553733712,273.49846512769614,0.9990380909953909,1014.2053148025642,378.98293138586956,2413.5709856050275,186193.046875,3.55,3.775,0.4500000000000002,0.11920529801324509,189862.953125,3669.90625,3.55,0.0,3.775,0.0,0.4500000000000002,0.0,0.11920529801324509,0.0
662,5631,1613,1268-1678,427.19628990588774,178.37689146463146,0.9996188159172633,527.8602203363457,220.18281886888587,1203.7415993330542,148081.953125,3.55,3.775,0.4500000000000002,0.11920529801324509,150412.921875,2330.96875,3.55,0.0,3.775,0.0,0.4500000000000002,0.0,0.11920529801324509,0.0
663,1242,2192,2093-2500,544.9777206484162,172.06599747898267,0.9996271989388654,200.75792159453812,114.44938858695652,1292.00227467346,199889.953125,3.55,3.775,0.4500000000000002,0.11920529801324509,199324.34375,565.609375,3.55,0.0,3.775,0.0,0.4500000000000002,0.0,0.11920529801324509,0.0
664,35,1118,849-1267,635.0977120337782,230.34287969784944,0.9982569158412437,1082.4879039822101,395.0363344938859,1904.4841795796744,96318.921875,3.55,3.775,0.4500000000000002,0.11920529801324509,100316.9296875,3998.0078125,3.55,0.0,3.775,0.0,0.4500000000000002,0.0,0.11920529801324509,0.0
665,7931,36,0-100,107.7882540235975,55.25274072221051,0.9179231070543988,42.5664128749075,25.49875674040421,245.96482210470882,1997.33349609375,3.55,3.825,1.35,0.35294117647058826,2009.6533203125,12.31982421875,3.55,0.0,3.825,0.0,1.35,0.0,0.35294117647058826,0.0
666,6259,220,160-279,184.07385367640154,84.82452682405555,0.9944497931626134,177.62540982181682,87.74497256071672,479.98942544442286,14732.5546875,4.0,3.825,1.35,0.35294117647058826,14273.4599609375,459.0947265625,3.55,0.4500000000000002,3.825,0.0,1.35,0.0,0.35294117647058826,0.0
667,4341,445,428-848,252.4151312740429,118.42372933614979,0.9974190945086896,283.7992918350624,141.43474811056385,584.6911759026272,32562.751953125,3.55,3.825,1.35,0.35294117647058826,31680.462890625,882.2890625,3.55,0.0,3.825,0.0,1.35,0.0,0.35294117647058826,0.0
668,736,2104,2093-2500,1184.527128993169,335.7414736168903,0.9981487191963108,644.8385994748915,250.4124808933424,3299.3211254207517,192216.71875,3.55,3.775,0.4500000000000002,0.11920529801324509,194820.734375,2604.015625,3.55,0.0,3.775,0.0,0.4500000000000002,0.0,0.11920529801324509,0.0
669,1202,15,0-100,96.22569040152283,50.40378483088016,0.6565058187993941,29.063966511644708,22.161723758863367,215.03240934616394,978.9003295898438,4.0,3.825,1.35,0.35294117647058826,961.3343505859375,17.56597900390625,3.55,0.4500000000000002,4.075,0.25,1.85,0.5,0.4539877300613497,0.10104655359076142
670,2673,724,428-848,453.1566155641076,181.18966086186947,0.9974419295314129,570.920791647325,229.86556874150816,1192.311663830942,57019.46875,3.55,3.575,0.8500000000000001,0.2377622377622378,58301.51953125,1282.05078125,3.55,0.0,3.575,0.0,0.8500000000000001,0.0,0.2377622377622378,0.0
671,7108,1590,1268-1678,414.777902200383,169.1875757114576,0.9996457618676418,387.4314627087586,179.54255477241847,1160.206783396884,149959.890625,3.55,3.775,0.4500000000000002,0.11920529801324509,149254.84375,705.046875,3.55,0.0,3.775,0.0,0.4500000000000002,0.0,0.11920529801324509,0.0
672,6770,1760,1679-2092,459.088585514032,175.8836949173637,0.9996315660734876,301.05274487818343,154.77718452785325,1220.6703585495316,163994.3125,3.55,3.775,0.4500000000000002,0.11920529801324509,164729.8125,735.5,3.55,0.0,3.775,0.0,0.4500000000000002,0.0,0.11920529801324509,0.0
673,3894,1371,1268-1678,818.5711803731072,291.72085978685465,0.9980866865735373,1315.9610254286083,455.14847465183425,2497.2921048529115,121284.5,3.55,3.775,0.4500000000000002,0.11920529801324509,126744.3828125,5459.8828125,3.55,0.0,3.775,0.0,0.4500000000000002,0.0,0.11920529801324509,0.0
674,8742,354,280-427,215.38982552818985,98.17517552757263,0.9969994034906292,150.52502123618052,81.5951458474864,517.5972828339679,24500.783203125,3.55,3.825,1.35,0.35294117647058826,24860.71484375,359.931640625,3.55,0.0,3.825,0.0,1.35,0.0,0.35294117647058826,0.0
675,5542,1725,1679-2092,560.2383203187948,218.22980196931258,0.999418814755015,732.442781088291,298.49209196671194,1591.0946032269994,162487.21875,3.55,3.775,0.4500000000000002,0.11920529801324509,161009.625,1477.59375,3.55,0.0,3.775,0.0,0.4500000000000002,0.0,0.11920529801324509,0.0
676,2752,1960,1679-2092,1659.4867135832208,388.86553477517833,0.9958043324990263,2110.4744832356187,555.5756623641304,4304.209006598436,181910.015625,3.55,3.775,0.4500000000000002,0.11920529801324509,182611.78125,701.765625,3.55,0.0,3.775,0.0,0.4500000000000002,0.0,0.11920529801324509,0.0
677,3331,471,428-848,265.73468341292744,126.59290923710698,0.9976459422450762,259.6943398272373,127.6366550611413,647.2496351222125,33796.25390625,3.55,3.575,0.8500000000000001,0.2377622377622378,34180.15625,383.90234375,3.55,0.0,3.575,0.0,0.8500000000000001,0.0,0.2377622377622378,0.0
678,6718,971,849-1267,374.0331841655999,171.67888385487433,0.9991720711759532,378.37976590650226,154.24638565726903,924.6885623046775,85311.5,3.55,3.775,0.4500000000000002,0.11920529801324509,84806.9296875,504.5703125,3.55,0.0,3.775,0.0,0.4500000000000002,0.0,0.11920529801324509,0.0
679,3219,251,160-279,248.63387186306113,101.87136058734396,0.9922807782259677,240.4396284709025,101.20068890115489,679.111988145346,17759.2578125,3.55,3.825,1.35,0.35294117647058826,16895.287109375,863.970703125,4.0,0.4500000000000002,3.825,0.0,1.35,0.0,0.35294117647058826,0.0
680,4465,2480,2093-2500,283.4758160086674,96.8938250169837,0.9999132042504525,342.9726531432616,124.54470957880434,772.5673656123121,217765.625,3.55,3.775,0.4500000000000002,0.11920529801324509,218148.640625,383.015625,3.55,0.0,3.775,0.0,0.4500000000000002,0.0,0.11920529801324509,0.0
681,1697,964,849-1267,389.1112587407808,163.29984972560717,0.9990994869357231,373.6703396802422,138.8869098165761,1043.1281961219643,82125.859375,3.55,3.775,0.4500000000000002,0.11920529801324509,83074.546875,948.6875,3.55,0.0,3.775,0.0,0.4500000000000002,0.0,0.11920529801324509,0.0
682,4892,443,428-848,217.37479651592568,97.93326363498853,0.998206363687518,103.94010970724538,63.97550101902174,512.661964556615,31556.982421875,3.55,3.825,1.35,0.35294117647058826,31699.384765625,142.40234375,3.55,0.0,3.825,0.0,1.35,0.0,0.35294117647058826,0.0
683,950,1948,1679-2092,401.05442828630663,150.73115931024967,0.9997588348113948,301.6990616079546,140.3892238451087,1045.399195154177,180463.625,3.55,3.775,0.4500000000000002,0.11920529801324509,181499.125,1035.5,3.55,0.0,3.775,0.0,0.4500000000000002,0.0,0.11920529801324509,0.0
684,5387,208,160-279,134.2956412166695,68.95690979102591,0.9962759810385757,100.4084196712958,52.5193746815557,304.8361025770525,13505.32421875,3.55,3.825,1.35,0.35294117647058826,13124.849609375,380.474609375,3.55,0.0,3.825,0.0,1.35,0.0,0.35294117647058826,0.0
685,4871,688,428-848,331.9643593793331,143.4962716860564,0.9985120121222919,130.96198125144895,80.38826320482337,845.241943822443,55627.6953125,3.55,3.575,0.8500000000000001,0.2377622377622378,55402.2109375,225.484375,3.55,0.0,3.575,0.0,0.8500000000000001,0.0,0.2377622377622378,0.0
686,5279,2,0-100,136.25647880927548,57.1437987625941,-18.989698515130716,45.09883004685432,29.367999118307363,190.97941126338597,139.0651092529297,4.0,4.075,1.85,0.4539877300613497,238.48484802246094,99.41973876953125,3.55,0.4500000000000002,4.275,0.20000000000000018,1.4500000000000002,0.3999999999999999,0.33918128654970764,0.11480644351164204
687,2371,636,428-848,318.6440329259281,144.68561367214036,0.9983860075341126,298.1487723115418,130.63132642663044,755.9132385759833,50142.078125,3.55,3.575,0.8500000000000001,0.2377622377622378,49525.5234375,616.5546875,3.55,0.0,3.575,0.0,0.8500000000000001,0.0,0.2377622377622378,0.0
688,3047,1724,1679-2092,417.7021353216592,159.52101788330077,0.9996858414555146,591.2463668807959,176.5299125339674,1182.3409023805098,160802.4375,3.55,3.775,0.4500000000000002,0.11920529801324509,160945.296875,142.859375,3.55,0.0,3.775,0.0,0.4500000000000002,0.0,0.11920529801324509,0.0
689,9160,622,428-848,331.5738667803201,133.50112088994564,0.9980696066243572,178.46567844614674,74.3027874490489,791.1558110851735,48862.6953125,3.55,3.575,0.8500000000000001,0.2377622377622378,48838.62890625,24.06640625,3.55,0.0,3.575,0.0,0.8500000000000001,0.0,0.2377622377622378,0.0
690,970,1051,849-1267,671.5747542325172,239.31149193274456,0.9976208902208143,799.3941392675928,300.44548764436144,1883.459956197969,93355.5703125,3.55,3.775,0.4500000000000002,0.11920529801324509,91296.4609375,2059.109375,3.55,0.0,3.775,0.0,0.4500000000000002,0.0,0.11920529801324509,0.0
691,4749,765,428-848,426.51442286255394,155.56927573102868,0.9982005278218113,422.41242886447174,143.2380211871603,1207.5952763226016,64264.2734375,3.55,3.775,0.4500000000000002,0.11920529801324509,62295.640625,1968.6328125,3.55,0.0,3.575,0.19999999999999973,0.8500000000000001,0.3999999999999999,0.2377622377622378,0.1185569397489927
692,7899,1415,1268-1678,593.9712579869008,226.75448071819804,0.9990933063606118,753.6118665064546,289.88698412024456,1719.196096405168,133329.515625,3.55,3.775,0.4500000000000002,0.11920529801324509,130827.8984375,2501.6171875,3.55,0.0,3.775,0.0,0.4500000000000002,0.0,0.11920529801324509,0.0
693,6506,806,428-848,407.6462630411948,166.27496904217264,0.9984094444750454,502.72165877624536,213.4308392068614,1124.0954091374356,66031.296875,3.55,3.575,0.8500000000000001,0.2377622377622378,67491.9296875,1460.6328125,3.55,0.0,3.775,0.19999999999999973,0.4500000000000002,0.3999999999999999,0.11920529801324509,0.1185569397489927
694,558,2339,2093-2500,298.73641187487937,114.46313628566575,0.9998963783349614,487.99787004369915,171.7516559103261,862.964436960833,209226.921875,3.55,3.775,0.4500000000000002,0.11920529801324509,210799.046875,1572.125,3.55,0.0,3.775,0.0,0.4500000000000002,0.0,0.11920529801324509,0.0
695,5558,797,428-848,382.36512736226064,165.09194681821077,0.9986642669696183,402.8011940136662,161.6406939962636,1020.3868389586306,65492.80859375,3.55,3.775,0.4500000000000002,0.11920529801324509,66380.578125,887.76953125,3.55,0.0,3.775,0.0,0.4500000000000002,0.0,0.11920529801324509,0.0
696,4035,625,428-848,448.6549631480863,189.74355107328995,0.9965663252027931,547.8712485882472,251.65978207795516,1221.7717125612066,49880.703125,4.0,3.775,0.4500000000000002,0.11920529801324509,48936.078125,944.625,3.55,0.4500000000000002,3.575,0.19999999999999973,0.8500000000000001,0.3999999999999999,0.2377622377622378,0.1185569397489927
697,8870,651,428-848,418.2986322232252,166.89519222126836,0.9974148514890482,586.4360252579664,228.6026611328125,1202.4877088426301,53281.07421875,3.55,3.575,0.8500000000000001,0.2377622377622378,51079.0859375,2201.98828125,3.55,0.0,3.575,0.0,0.8500000000000001,0.0,0.2377622377622378,0.0
698,7866,2268,2093-2500,1103.8916234936767,285.1818597146739,0.9985854439882175,343.3869568216249,144.9916355298913,2937.99441986106,206657.265625,3.55,3.775,0.4500000000000002,0.11920529801324509,206136.515625,520.75,3.55,0.0,3.775,0.0,0.4500000000000002,0.0,0.11920529801324509,0.0
699,9936,447,428-848,364.50568625751754,154.03063322282875,0.9951400087918343,352.10010457239946,166.1058508831522,882.0058714972448,33904.37890625,3.55,3.575,0.8500000000000001,0.2377622377622378,32626.6015625,1277.77734375,3.55,0.0,3.825,0.25,1.35,0.5,0.35294117647058826,0.11517893870835047
700,1281,875,849-1267,422.4878686600589,179.06881238177755,0.9986240921299627,275.5622411086006,155.84995435631794,1067.6033407424056,73325.2421875,3.55,3.775,0.4500000000000002,0.11920529801324509,73805.2578125,480.015625,3.55,0.0,3.775,0.0,0.4500000000000002,0.0,0.11920529801324509,0.0
701,6480,2467,2093-2500,169.38729831076796,75.97533097826087,0.9999688985759569,261.90422352594766,99.52536939538044,432.4001184809704,217204.265625,3.55,3.775,0.4500000000000002,0.11920529801324509,217452.28125,248.015625,3.55,0.0,3.775,0.0,0.4500000000000002,0.0,0.11920529801324509,0.0
702,3334,252,160-279,179.58899852075845,86.72094384684355,0.9953796793699146,206.59122265229217,104.46976636803669,423.8625305753105,17655.814453125,3.55,3.825,1.35,0.35294117647058826,17009.685546875,646.12890625,3.55,0.0,3.825,0.0,1.35,0.0,0.35294117647058826,0.0
703,7779,178,160-279,209.8634206059781,89.70322392238948,0.988461269888443,184.06821266442802,82.2607129967731,504.2150752087175,11805.5771484375,3.55,3.825,1.35,0.35294117647058826,11122.8310546875,682.74609375,3.55,0.0,3.825,0.0,1.35,0.0,0.35294117647058826,0.0
704,9558,1031,849-1267,429.05580351504636,182.13695180717136,0.9990803904405393,196.1420457908618,110.03458835767663,1189.7637895889336,91883.890625,3.55,3.775,0.4500000000000002,0.11920529801324509,91809.2734375,74.6171875,3.55,0.0,3.775,0.0,0.4500000000000002,0.0,0.11920529801324509,0.0
705,1591,2263,2093-2500,968.9077089424953,244.20992859205163,0.9988666213035583,365.27534135452856,135.07987644361413,2464.1587548656676,205285.15625,3.55,3.775,0.4500000000000002,0.11920529801324509,205250.9375,34.21875,3.55,0.0,3.775,0.0,0.4500000000000002,0.0,0.11920529801324509,0.0
706,891,1619,1268-1678,384.04964000561796,153.5447693030316,0.9996971389610294,399.84288408219777,155.24022376019022,1012.4343560814842,151403.515625,3.55,3.775,0.4500000000000002,0.11920529801324509,151154.671875,248.84375,3.55,0.0,3.775,0.0,0.4500000000000002,0.0,0.11920529801324509,0.0
707,8762,71,0-100,110.0017094115181,56.88644791736603,0.9796553601163315,143.49877060260658,74.45126243259595,259.9009490818224,4588.30078125,4.0,3.825,1.35,0.35294117647058826,4549.0810546875,39.2197265625,3.55,0.4500000000000002,3.825,0.0,1.35,0.0,0.35294117647058826,0.0
708,8766,2203,2093-2500,402.33120606965366,145.43979455937924,0.9998011502960441,558.0670660298726,193.7680133322011,1107.538571899652,202090.203125,3.55,3.775,0.4500000000000002,0.11920529801324509,201178.734375,911.46875,3.55,0.0,3.775,0.0,0.4500000000000002,0.0,0.11920529801324509,0.0
709,7,778,428-848,1413.9379946201702,440.7484790125971,0.9822562593459996,2430.4914643918223,775.6426046620245,4353.976977951347,75831.328125,3.55,3.775,0.4500000000000002,0.11920529801324509,65557.96875,10273.359375,3.55,0.0,3.575,0.19999999999999973,0.8500000000000001,0.3999999999999999,0.2377622377622378,0.1185569397489927
710,5749,198,160-279,144.53834904103525,69.07587878322602,0.9949157062262813,85.83045493832255,41.2373338782269,317.7926823872992,13261.287109375,3.55,3.825,1.35,0.35294117647058826,13045.3779296875,215.9091796875,3.55,0.0,3.825,0.0,1.35,0.0,0.35294117647058826,0.0
711,9245,86,0-100,127.39953040960121,57.24314849100528,0.9800906237743454,90.5590564746304,45.210357002590015,326.38403887732886,5485.29248046875,3.55,3.825,1.35,0.35294117647058826,5162.17578125,323.11669921875,3.55,0.0,3.825,0.0,1.35,0.0,0.35294117647058826,0.0
712,1562,1261,849-1267,401.23389539870936,178.7894928795856,0.9994727850209071,238.89701570483533,126.76362941576087,934.7148002707654,115375.03125,3.55,3.775,0.4500000000000002,0.11920529801324509,114465.4296875,909.6015625,3.55,0.0,3.775,0.0,0.4500000000000002,0.0,0.11920529801324509,0.0
713,6179,617,428-848,440.68292181378433,177.43869902569315,0.9967247577374433,685.9148301341581,263.4244782820992,1260.1399286618494,49328.94921875,4.0,3.575,0.8500000000000001,0.2377622377622378,47490.984375,1837.96484375,4.0,0.0,3.575,0.0,0.8500000000000001,0.0,0.2377622377622378,0.0
714,9144,2282,2093-2500,548.206054353479,169.65059554940927,0.9996389509929868,246.86561857435876,118.89039147418478,1409.3757565898907,206086.453125,3.55,3.775,0.4500000000000002,0.11920529801324509,206416.578125,330.125,3.55,0.0,3.775,0.0,0.4500000000000002,0.0,0.11920529801324509,0.0
715,4051,2242,2093-2500,772.7938684322669,211.13395511746614,0.9992682168549464,783.191487737915,242.35441788383153,2161.614995958919,204689.21875,3.55,3.775,0.4500000000000002,0.11920529801324509,203608.421875,1080.796875,3.55,0.0,3.775,0.0,0.4500000000000002,0.0,0.11920529801324509,0.0
716,7107,460,428-848,301.35617663557537,121.90673506045134,0.9966049860029839,471.49234638357274,138.81889011548913,812.1490182276557,32879.40234375,4.0,3.825,1.35,0.35294117647058826,33203.73828125,324.3359375,3.55,0.4500000000000002,3.825,0.0,1.35,0.0,0.35294117647058826,0.0
717,7538,614,428-848,330.5214117464235,147.95512280114215,0.9980886054757161,282.86145395995084,136.5285352623981,827.0204425832561,47499.0234375,4.0,3.575,0.8500000000000001,0.2377622377622378,48109.1640625,610.140625,3.55,0.4500000000000002,3.575,0.0,0.8500000000000001,0.0,0.2377622377622378,0.0
718,7489,190,160-279,135.99742950369765,65.93537765449027,0.9951506917809281,79.8259812806681,38.91263746178669,298.8577844365937,11909.7763671875,3.55,3.825,1.35,0.35294117647058826,12008.412109375,98.6357421875,3.55,0.0,3.825,0.0,1.35,0.0,0.35294117647058826,0.0
719,4513,2194,2093-2500,1294.7617042264674,316.0385364616062,0.9978299437202205,1276.9765949027271,357.7265625,3268.701764007283,199854.140625,3.55,3.775,0.4500000000000002,0.11920529801324509,200096.375,242.234375,3.55,0.0,3.775,0.0,0.4500000000000002,0.0,0.11920529801324509,0.0
720,9867,770,428-848,419.0941862356528,179.3974211534583,0.9982131722449438,436.2901301845583,176.3251263162364,1145.0776452118002,63145.99609375,3.55,3.575,0.8500000000000001,0.2377622377622378,63252.7734375,106.77734375,3.55,0.0,3.575,0.0,0.8500000000000001,0.0,0.2377622377622378,0.0
721,3038,43,0-100,104.00135375345411,51.869023152401134,0.9420691832465253,68.66166850360968,35.53010724938434,234.2739702835916,2487.19677734375,3.55,3.825,1.35,0.35294117647058826,2728.71435546875,241.517578125,3.55,0.0,3.825,0.0,1.35,0.0,0.35294117647058826,0.0
722,3834,2298,2093-2500,444.3318416729867,146.15901222826088,0.9997663522962429,312.77475761590154,116.14632515285327,1176.0543987294407,206646.046875,3.55,3.775,0.4500000000000002,0.11920529801324509,207892.5625,1246.515625,3.55,0.0,3.775,0.0,0.4500000000000002,0.0,0.11920529801324509,0.0
723,5725,1221,849-1267,419.9728264158968,186.64927900019106,0.9993700024415773,232.39122584038805,147.53108016304347,984.8203264783003,111220.25,3.55,3.775,0.4500000000000002,0.11920529801324509,111997.921875,777.671875,3.55,0.0,3.775,0.0,0.4500000000000002,0.0,0.11920529801324509,0.0
724,707,1764,1679-2092,550.7782118394017,207.7550235401983,0.9994835614600857,609.019182123256,216.69474991508153,1615.9141096162427,168538.375,3.55,3.775,0.4500000000000002,0.11920529801324509,165823.546875,2714.828125,3.55,0.0,3.775,0.0,0.4500000000000002,0.0,0.11920529801324509,0.0
725,7478,1355,1268-1678,759.8256154126668,260.1458628015601,0.9983921055589114,1085.7213176483192,363.76728091032606,2295.5186573753904,129085.7734375,3.55,3.775,0.4500000000000002,0.11920529801324509,124155.7421875,4930.03125,3.55,0.0,3.775,0.0,0.4500000000000002,0.0,0.11920529801324509,0.0
726,3063,1171,849-1267,648.2954262407143,230.61754493036685,0.9983467689918127,861.380550788154,310.2567563264266,1854.8069579135831,106485.890625,3.55,3.775,0.4500000000000002,0.11920529801324509,104027.671875,2458.21875,3.55,0.0,3.775,0.0,0.4500000000000002,0.0,0.11920529801324509,0.0
727,328,1236,849-1267,410.221973415751,181.40319614788552,0.9994151097822692,232.53556129305065,138.51412300441575,1051.2763451199314,111914.9609375,3.55,3.775,0.4500000000000002,0.11920529801324509,112635.609375,720.6484375,3.55,0.0,3.775,0.0,0.4500000000000002,0.0,0.11920529801324509,0.0
728,4393,1208,849-1267,339.68725587699686,154.3353512504246,0.9995815118158291,148.47265930013845,95.49057935631794,916.2522198707426,109463.96875,3.55,3.775,0.4500000000000002,0.11920529801324509,109051.6484375,412.3203125,3.55,0.0,3.775,0.0,0.4500000000000002,0.0,0.11920529801324509,0.0
729,7935,1906,1679-2092,756.1584261472937,247.66623811021887,0.9991500087089947,1073.5275327148604,383.3756262737772,2242.4250888512943,180820.78125,3.55,3.775,0.4500000000000002,0.11920529801324509,177517.8125,3302.96875,3.55,0.0,3.775,0.0,0.4500000000000002,0.0,0.11920529801324509,0.0
730,5084,1521,1268-1678,475.2988030608612,192.2845048737899,0.9994879309544881,446.0418256763918,202.87546705163044,1224.918739704834,140060.125,3.55,3.775,0.4500000000000002,0.11920529801324509,140758.53125,698.40625,3.55,0.0,3.775,0.0,0.4500000000000002,0.0,0.11920529801324509,0.0
731,6114,2452,2093-2500,508.47080651998925,135.4861285941746,0.9997202479994934,571.5226049075176,182.111083984375,1348.936426621087,216318.71875,3.55,3.775,0.4500000000000002,0.11920529801324509,216854.3125,535.59375,3.55,0.0,3.775,0.0,0.4500000000000002,0.0,0.11920529801324509,0.0
732,5820,879,849-1267,529.9460336536766,209.1852024554709,0.9980115159271703,628.8463412326822,214.43437393851903,1468.445758888777,77449.2734375,3.55,3.775,0.4500000000000002,0.11920529801324509,74546.5625,2902.7109375,3.55,0.0,3.775,0.0,0.4500000000000002,0.0,0.11920529801324509,0.0
733,3289,2183,2093-2500,596.2496824768068,202.52000824186905,0.999546921282006,656.456381995612,286.8015879755435,1671.593536669031,198369.046875,3.55,3.775,0.4500000000000002,0.11920529801324509,200391.5625,2022.515625,3.55,0.0,3.775,0.0,0.4500000000000002,0.0,0.11920529801324509,0.0
734,7719,1800,1679-2092,842.7864162977028,289.3746698940111,0.9987492082711116,1109.6602310691017,421.36033033288044,2196.8808368487435,164750.3125,3.55,3.775,0.4500000000000002,0.11920529801324509,168556.0,3805.6875,3.55,0.0,3.775,0.0,0.4500000000000002,0.0,0.11920529801324509,0.0
735,6551,1677,1268-1678,392.77114125352574,160.44227011559528,0.9997030074623394,305.1712383835828,133.60817552649456,972.4692642286087,155355.40625,3.55,3.775,0.4500000000000002,0.11920529801324509,156661.1875,1305.78125,3.55,0.0,3.775,0.0,0.4500000000000002,0.0,0.11920529801324509,0.0
736,8313,1772,1679-2092,389.31225424633357,171.33504156865658,0.9997358179992584,329.10166581363995,169.0258258322011,987.6761420492471,165978.65625,3.55,3.775,0.4500000000000002,0.11920529801324509,165047.734375,930.921875,3.55,0.0,3.775,0.0,0.4500000000000002,0.0,0.11920529801324509,0.0
737,8892,905,849-1267,389.93963172544784,165.36821100490405,0.9989846913894842,494.10713687076895,178.1451999830163,1033.8297025126453,77930.78125,3.55,3.775,0.4500000000000002,0.11920529801324509,77430.84375,499.9375,3.55,0.0,3.775,0.0,0.4500000000000002,0.0,0.11920529801324509,0.0
738,6159,1302,1268-1678,545.9043746036518,193.12903690928584,0.9991158602668286,717.9593787478449,246.38034455672553,1621.3450394248225,120694.1328125,3.55,3.775,0.4500000000000002,0.11920529801324509,119531.0390625,1163.09375,3.55,0.0,3.775,0.0,0.4500000000000002,0.0,0.11920529801324509,0.0
739,671,2311,2093-2500,438.85093562901864,151.4172723932681,0.9997738065383232,124.13822636250993,67.90837296195652,1132.1887327924649,208230.125,3.55,3.775,0.4500000000000002,0.11920529801324509,208755.40625,525.28125,3.55,0.0,3.775,0.0,0.4500000000000002,0.0,0.11920529801324509,0.0
740,8566,150,101-159,139.64928220667431,66.63173965935086,0.9919397141830059,183.76218401288756,86.53398729407269,326.8580995023877,9701.48828125,4.0,3.825,1.35,0.35294117647058826,9378.154296875,323.333984375,3.55,0.4500000000000002,3.825,0.0,1.35,0.0,0.35294117647058826,0.0
741,2412,1034,849-1267,421.35228675270406,168.0833745584239,0.9990658441563288,234.1631531713141,121.88313625169837,1157.581148499646,90720.6796875,3.55,3.775,0.4500000000000002,0.11920529801324509,90008.78125,711.8984375,3.55,0.0,3.775,0.0,0.4500000000000002,0.0,0.11920529801324509,0.0
742,3954,2441,2093-2500,158.24619696478476,71.40752113514776,0.9999726181590757,110.62979121518504,61.22178583559783,425.47458861979186,215892.234375,3.55,3.775,0.4500000000000002,0.11920529801324509,216241.265625,349.03125,3.55,0.0,3.775,0.0,0.4500000000000002,0.0,0.11920529801324509,0.0
743,3844,1813,1679-2092,631.326548760706,212.70899736673107,0.9993497384508127,975.578385650946,342.47964079483694,1886.7403432905742,168329.765625,3.55,3.775,0.4500000000000002,0.11920529801324509,170357.4375,2027.671875,3.55,0.0,3.775,0.0,0.4500000000000002,0.0,0.11920529801324509,0.0
744,5842,1857,1679-2092,866.9537345793809,291.01113626072095,0.9987999452045003,1144.4919756483866,395.20400602921194,2540.5419841435623,176293.546875,3.55,3.775,0.4500000000000002,0.11920529801324509,173604.578125,2688.96875,3.55,0.0,3.775,0.0,0.4500000000000002,0.0,0.11920529801324509,0.0
745,447,1106,849-1267,423.7626571632651,179.22996935530952,0.999199669540047,458.7756029670073,185.72830332880434,1188.345786827089,99531.78125,3.55,3.775,0.4500000000000002,0.11920529801324509,97981.8515625,1549.9296875,3.55,0.0,3.775,0.0,0.4500000000000002,0.0,0.11920529801324509,0.0
746,5221,2397,2093-2500,270.2857085754627,107.2759399159307,0.9999177190143288,420.80986044598404,151.6790187669837,739.6452882635097,212289.59375,3.55,3.775,0.4500000000000002,0.11920529801324509,214091.640625,1802.046875,3.55,0.0,3.775,0.0,0.4500000000000002,0.0,0.11920529801324509,0.0
747,1037,1946,1679-2092,425.2128962575401,150.29989053105894,0.9997315026314655,219.4191529028272,110.99837593410327,897.4770475888089,181166.765625,3.55,3.775,0.4500000000000002,0.11920529801324509,181559.703125,392.9375,3.55,0.0,3.775,0.0,0.4500000000000002,0.0,0.11920529801324509,0.0
748,6476,143,101-159,136.31280096612895,62.18501874395454,0.9919819273635131,167.18642210812888,69.66205762780231,333.8140312261244,9495.494140625,4.0,3.825,1.35,0.35294117647058826,9113.2373046875,382.2568359375,3.55,0.4500000000000002,3.825,0.0,1.35,0.0,0.35294117647058826,0.0
749,201,152,101-159,163.50727534539965,73.35803050613299,0.9887679093025029,222.0993328206265,91.25156568444294,384.397423112707,9840.4072265625,4.0,3.825,1.35,0.35294117647058826,9605.2265625,235.1806640625,3.55,0.4500000000000002,3.825,0.0,1.35,0.0,0.35294117647058826,0.0
750,5737,2111,2093-2500,1268.5925602783814,326.0026577015089,0.9979514869777648,1668.7551960376209,425.0644425101902,3807.8593806103527,194236.4375,3.55,3.775,0.4500000000000002,0.11920529801324509,194729.90625,493.46875,3.55,0.0,3.775,0.0,0.4500000000000002,0.0,0.11920529801324509,0.0
751,9627,898,849-1267,421.7864148095787,179.88515875987179,0.9987719815741042,487.91329776070313,169.6402747112772,1131.1861825520239,75369.5078125,4.0,3.775,0.4500000000000002,0.11920529801324509,76930.8125,1561.3046875,3.55,0.4500000000000002,3.775,0.0,0.4500000000000002,0.0,0.11920529801324509,0.0
752,3632,2383,2093-2500,552.1654057566956,163.5550718983526,0.9996598153592176,946.0754185749098,260.63671875,1621.6288085474916,211859.765625,3.55,3.775,0.4500000000000002,0.11920529801324509,212479.40625,619.640625,3.55,0.0,3.775,0.0,0.4500000000000002,0.0,0.11920529801324509,0.0
753,1631,1491,1268-1678,775.381361068156,259.0298868893831,0.9985892626426077,1318.3567587002497,387.0242972995924,2361.111495236534,143611.953125,3.55,3.775,0.4500000000000002,0.11920529801324509,137587.09375,6024.859375,3.55,0.0,3.775,0.0,0.4500000000000002,0.0,0.11920529801324509,0.0
754,2634,263,160-279,191.46005853481083,92.73824604332965,0.9952952207685202,126.27230998340106,64.02460645592731,434.503077495909,17651.208984375,4.0,3.825,1.35,0.35294117647058826,17129.76171875,521.447265625,4.0,0.0,3.825,0.0,1.35,0.0,0.35294117647058826,0.0
755,9580,1499,1268-1678,436.49905736433897,180.60200413254447,0.999543662943538,656.8001091895135,229.86672044836956,1193.7833373760716,138852.65625,3.55,3.775,0.4500000000000002,0.11920529801324509,138930.609375,77.953125,3.55,0.0,3.775,0.0,0.4500000000000002,0.0,0.11920529801324509,0.0
756,224,1655,1268-1678,657.2601782330038,247.70718735258683,0.9991706165205426,1164.4342989504103,439.023193359375,1946.5406640507597,159603.703125,3.55,3.775,0.4500000000000002,0.11920529801324509,155382.0,4221.703125,3.55,0.0,3.775,0.0,0.4500000000000002,0.0,0.11920529801324509,0.0
757,2941,1105,849-1267,527.381370190662,227.14511172671112,0.998812663804411,753.9771812320489,328.17153001868206,1504.9403840778045,97329.1875,3.55,3.775,0.4500000000000002,0.11920529801324509,98977.2109375,1648.0234375,3.55,0.0,3.775,0.0,0.4500000000000002,0.0,0.11920529801324509,0.0
758,1123,642,428-848,448.54962170725537,188.9734458745542,0.9972050464490687,330.8003518396691,140.25040867017663,1225.9274542144028,53200.66015625,3.55,3.575,0.8500000000000001,0.2377622377622378,51730.0234375,1470.63671875,3.55,0.0,3.575,0.0,0.8500000000000001,0.0,0.2377622377622378,0.0
759,973,1174,849-1267,347.9151278776881,155.55627627988068,0.9995275847307667,223.12795362759357,117.94599715523098,943.3482764968987,105552.3515625,3.55,3.775,0.4500000000000002,0.11920529801324509,105976.6875,424.3359375,3.55,0.0,3.775,0.0,0.4500000000000002,0.0,0.11920529801324509,0.0
760,27,2131,2093-2500,569.1933504240541,188.83492548217774,0.9995776398295648,387.0769743367294,161.26170813519022,1464.6851983661354,194962.375,3.55,3.775,0.4500000000000002,0.11920529801324509,196682.703125,1720.328125,3.55,0.0,3.775,0.0,0.4500000000000002,0.0,0.11920529801324509,0.0
761,7244,1437,1268-1678,536.355647842015,208.51201879139776,0.9992551247455073,559.9953174225826,181.98460852581522,1479.9800402945655,130099.03125,3.55,3.775,0.4500000000000002,0.11920529801324509,132735.296875,2636.265625,3.55,0.0,3.775,0.0,0.4500000000000002,0.0,0.11920529801324509,0.0
762,5674,2267,2093-2500,2288.0700871460976,489.1980190472147,0.9935437822364734,2492.6837776427883,616.8030103600544,6488.106592193247,204555.546875,3.55,3.775,0.4500000000000002,0.11920529801324509,204410.734375,144.8125,3.55,0.0,3.775,0.0,0.4500000000000002,0.0,0.11920529801324509,0.0
763,7436,883,849-1267,527.6964150847873,207.72414950800356,0.997900826860774,571.7409715205075,248.65653659986413,1491.574640607537,75243.96875,3.55,3.775,0.4500000000000002,0.11920529801324509,73912.640625,1331.328125,3.55,0.0,3.775,0.0,0.4500000000000002,0.0,0.11920529801324509,0.0
764,4022,1045,849-1267,517.0755805700785,218.219906005594,0.9986823337370976,405.08165803655993,168.08127759850544,1428.9274824996658,92852.7265625,3.55,3.775,0.4500000000000002,0.11920529801324509,91154.53125,1698.1953125,3.55,0.0,3.775,0.0,0.4500000000000002,0.0,0.11920529801324509,0.0
765,8448,1242,849-1267,427.92947847212633,179.62823315535834,0.9993758878673106,333.69891681519374,180.26762589164403,1071.4102321754801,114319.96875,3.55,3.775,0.4500000000000002,0.11920529801324509,113180.5703125,1139.3984375,3.55,0.0,3.775,0.0,0.4500000000000002,0.0,0.11920529801324509,0.0
766,6035,2297,2093-2500,338.91682701266467,126.80212780018682,0.999864062188731,337.1097507532637,127.63862941576087,947.5162619325874,206692.71875,3.55,3.775,0.4500000000000002,0.11920529801324509,208104.453125,1411.734375,3.55,0.0,3.775,0.0,0.4500000000000002,0.0,0.11920529801324509,0.0
767,403,426,280-427,353.9262751816419,137.2108889670994,0.9949879443146462,467.8531244576103,163.12970501443615,990.16207699549,32098.466796875,3.55,3.575,0.8500000000000001,0.2377622377622378,29941.466796875,2157.0,3.55,0.0,3.575,0.0,0.8500000000000001,0.0,0.2377622377622378,0.0
768,8881,431,428-848,240.19890267284694,108.09296758820906,0.9975909540701571,304.15149675067147,131.7137690005095,557.7627874652372,30217.25,3.55,3.825,1.35,0.35294117647058826,31247.130859375,1029.880859375,3.55,0.0,3.825,0.0,1.35,0.0,0.35294117647058826,0.0
769,1258,2142,2093-2500,1067.211710379619,313.8713079211691,0.9985395340080054,845.9598788939736,302.27475373641306,2963.4031092329647,194753.34375,3.55,3.775,0.4500000000000002,0.11920529801324509,198287.359375,3534.015625,3.55,0.0,3.775,0.0,0.4500000000000002,0.0,0.11920529801324509,0.0
770,7367,390,280-427,262.3200164076285,117.20714617180202,0.9965808179985368,353.87514699069783,152.9991746985394,689.4379158744823,27754.654296875,3.55,3.575,0.8500000000000001,0.2377622377622378,26660.119140625,1094.53515625,4.0,0.4500000000000002,3.825,0.25,1.35,0.5,0.35294117647058826,0.11517893870835047
771,9420,1203,849-1267,516.174785662357,198.53907924194337,0.9989797268617079,744.7398545470787,253.32521654211956,1459.460394797266,104095.5078125,3.55,3.775,0.4500000000000002,0.11920529801324509,107518.90625,3423.3984375,3.55,0.0,3.775,0.0,0.4500000000000002,0.0,0.11920529801324509,0.0
772,3876,1556,1268-1678,397.54462670850535,177.87891994051725,0.9996463866657411,462.06011593056354,190.36532990828803,1075.8430097613325,143207.921875,3.55,3.775,0.4500000000000002,0.11920529801324509,145167.546875,1959.625,3.55,0.0,3.775,0.0,0.4500000000000002,0.0,0.11920529801324509,0.0
773,3505,1841,1679-2092,429.2693003761015,169.97530914439326,0.9996976921234159,153.9113999423028,93.13489300271739,1095.7917290053965,171728.265625,3.55,3.775,0.4500000000000002,0.11920529801324509,171931.8125,203.546875,3.55,0.0,3.775,0.0,0.4500000000000002,0.0,0.11920529801324509,0.0
774,2250,708,428-848,353.4747412055738,153.80092587373153,0.9983965143363571,392.0389581926569,181.34070885699728,953.3864239011638,55926.125,4.0,3.575,0.8500000000000001,0.2377622377622378,57162.73046875,1236.60546875,3.55,0.4500000000000002,3.575,0.0,0.8500000000000001,0.0,0.2377622377622378,0.0
775,360,1962,1679-2092,486.50258099160567,187.9783584294858,0.9996563183878975,412.5184321761525,186.27194081182066,1383.4597883543695,183702.578125,3.55,3.775,0.4500000000000002,0.11920529801324509,182362.0,1340.578125,3.55,0.0,3.775,0.0,0.4500000000000002,0.0,0.11920529801324509,0.0
776,7733,375,280-427,217.38221596290316,99.6639006499249,0.9974508247648242,191.99143893436607,89.34221350628397,511.76674247597794,26362.751953125,3.55,3.575,0.8500000000000001,0.2377622377622378,25638.4453125,724.306640625,3.55,0.0,3.825,0.25,1.35,0.5,0.35294117647058826,0.11517893870835047
777,8923,1371,1268-1678,526.2664685425219,200.09390571448284,0.9992160342182098,462.46858175459664,202.5098717730978,1458.1294213200767,124172.2109375,3.55,3.775,0.4500000000000002,0.11920529801324509,125264.6171875,1092.40625,3.55,0.0,3.775,0.0,0.4500000000000002,0.0,0.11920529801324509,0.0
778,4636,2033,1679-2092,1641.3628383263583,378.97309935408884,0.9964646098572867,2720.237774525904,662.7145465353261,4963.107799490018,189400.5,3.55,3.775,0.4500000000000002,0.11920529801324509,189007.6875,392.8125,3.55,0.0,3.775,0.0,0.4500000000000002,0.0,0.11920529801324509,0.0
779,327,858,849-1267,384.23747818667636,167.31022354311736,0.9987942390729182,192.66387898204746,109.01857060971467,901.2024573224944,72844.2265625,3.55,3.775,0.4500000000000002,0.11920529801324509,72779.171875,65.0546875,3.55,0.0,3.775,0.0,0.4500000000000002,0.0,0.11920529801324509,0.0
780,704,1814,1679-2092,432.9402025855934,189.1711159958549,0.9996776396233139,405.4172852085231,177.4948199728261,1189.5100588322487,169575.734375,3.55,3.775,0.4500000000000002,0.11920529801324509,168972.296875,603.4375,3.55,0.0,3.775,0.0,0.4500000000000002,0.0,0.11920529801324509,0.0
781,8079,1068,849-1267,438.5615698641769,180.53889587667715,0.9990859808628818,586.586698937337,227.76164444633153,1252.048981115577,92298.9296875,3.55,3.775,0.4500000000000002,0.11920529801324509,93883.2109375,1584.28125,3.55,0.0,3.775,0.0,0.4500000000000002,0.0,0.11920529801324509,0.0
782,1937,2288,2093-2500,1135.7672756367322,276.6605827063519,0.9984148924147658,1731.1080556233328,442.931396484375,3326.48251576996,206193.796875,3.55,3.775,0.4500000000000002,0.11920529801324509,206802.5625,608.765625,3.55,0.0,3.775,0.0,0.4500000000000002,0.0,0.11920529801324509,0.0
783,2698,2305,2093-2500,302.0201683248963,131.3279312641973,0.9998929733286581,350.9822045865704,152.20937712296197,763.7752703445976,207874.578125,3.55,3.775,0.4500000000000002,0.11920529801324509,209429.0625,1554.484375,3.55,0.0,3.775,0.0,0.4500000000000002,0.0,0.11920529801324509,0.0
784,4910,890,849-1267,471.7263676644216,197.6731672088623,0.9983358629105664,675.6651194651835,279.8248397163723,1240.6579062253602,73778.8671875,3.55,3.575,0.8500000000000001,0.2377622377622378,76419.4296875,2640.5625,3.55,0.0,3.775,0.19999999999999973,0.4500000000000002,0.3999999999999999,0.11920529801324509,0.1185569397489927
785,3710,944,849-1267,363.7554835368171,167.73143796864386,0.9991507155233654,201.041234911851,98.45187775985055,950.4461061633863,80984.3828125,3.55,3.775,0.4500000000000002,0.11920529801324509,81079.1484375,94.765625,3.55,0.0,3.775,0.0,0.4500000000000002,0.0,0.11920529801324509,0.0
786,842,533,428-848,275.4805117123591,126.19262984124889,0.998043849162796,448.98208554587467,178.43896219004756,738.9593092804051,39262.6640625,4.0,3.825,1.35,0.35294117647058826,38924.11328125,338.55078125,4.0,0.0,3.825,0.0,1.35,0.0,0.35294117647058826,0.0
787,6762,2396,2093-2500,228.47602096730398,95.06622600628397,0.9999416256112469,257.24140045191047,102.5235011888587,633.991193200898,212878.9375,3.55,3.775,0.4500000000000002,0.11920529801324509,214031.0625,1152.125,3.55,0.0,3.775,0.0,0.4500000000000002,0.0,0.11920529801324509,0.0
788,8819,157,101-159,168.16104453733396,73.3195292185659,0.9902703846529766,230.66294335376605,101.4518512228261,448.369069252972,9841.4990234375,4.0,3.825,1.35,0.35294117647058826,9060.25390625,781.2451171875,3.55,0.4500000000000002,3.825,0.0,1.35,0.0,0.35294117647058826,0.0
789,2800,1090,849-1267,594.4460856619106,229.1701635747495,0.9983699074111434,663.4382251247642,301.03049104110056,1719.2874590279037,98573.09375,3.55,3.775,0.4500000000000002,0.11920529801324509,95938.1875,2634.90625,3.55,0.0,3.775,0.0,0.4500000000000002,0.0,0.11920529801324509,0.0
790,79,985,849-1267,619.7304080108937,233.9420984136167,0.9978061335716274,859.0188905032051,304.259521484375,1728.1916677239858,82636.0546875,3.55,3.575,0.8500000000000001,0.2377622377622378,86281.0078125,3644.953125,3.55,0.0,3.775,0.19999999999999973,0.4500000000000002,0.3999999999999999,0.11920529801324509,0.1185569397489927
791,5490,649,428-848,343.4620055538554,151.80926540905497,0.9981193214297908,336.5870012775939,157.6697414232337,951.083527888309,50904.5859375,3.55,3.575,0.8500000000000001,0.2377622377622378,49688.734375,1215.8515625,3.55,0.0,3.575,0.0,0.8500000000000001,0.0,0.2377622377622378,0.0
792,9941,688,428-848,464.03016515696714,179.71037044956373,0.9973349885588967,535.2537190883596,203.0240425441576,1279.0411048515903,58045.51953125,3.55,3.775,0.4500000000000002,0.11920529801324509,55712.07421875,2333.4453125,3.55,0.0,3.575,0.19999999999999973,0.8500000000000001,0.3999999999999999,0.2377622377622378,0.1185569397489927
793,7222,78,0-100,93.80536216459171,47.87033432708409,0.9851779757889167,66.86065609381032,38.427326368248984,199.2563245044971,4609.62890625,4.0,3.825,1.35,0.35294117647058826,4787.5068359375,177.8779296875,3.55,0.4500000000000002,3.825,0.0,1.35,0.0,0.35294117647058826,0.0
794,3357,139,101-159,168.6621659926126,73.7012716381073,0.9886619109455249,200.28233511785365,73.80237015433933,455.3449897982359,9325.9716796875,4.0,3.825,1.35,0.35294117647058826,8459.5712890625,866.400390625,4.0,0.0,3.825,0.0,1.35,0.0,0.35294117647058826,0.0
795,7766,1255,849-1267,497.5533500885691,196.177573883322,0.9991863711540155,770.1507359683883,270.7617824388587,1418.8148719879791,117755.3203125,3.55,3.775,0.4500000000000002,0.11920529801324509,114314.046875,3441.2734375,3.55,0.0,3.775,0.0,0.4500000000000002,0.0,0.11920529801324509,0.0
796,9447,1078,849-1267,680.6995805287239,251.95281324011762,0.9976405276637312,843.7968199875,279.84005073879075,1921.321073742571,91328.3203125,3.55,3.775,0.4500000000000002,0.11920529801324509,95198.3203125,3870.0,3.55,0.0,3.775,0.0,0.4500000000000002,0.0,0.11920529801324509,0.0
797,3185,961,849-1267,451.7349003464398,196.40793255164104,0.9987297343454091,653.2831924662557,277.7447456691576,1269.2935303315417,80781.4296875,3.55,3.775,0.4500000000000002,0.11920529801324509,82466.1796875,1684.75,3.55,0.0,3.775,0.0,0.4500000000000002,0.0,0.11920529801324509,0.0
798,1923,159,101-159,153.04388637099206,69.75214666158013,0.9918268659702957,72.54537776453016,42.194099757982336,348.8352154666187,10217.85546875,3.55,3.825,1.35,0.35294117647058826,9976.11328125,241.7421875,3.55,0.0,3.825,0.0,1.35,0.0,0.35294117647058826,0.0
799,3851,1991,1679-2092,415.76380919283673,167.19120067695948,0.9997506957459299,245.73910897505704,140.27194081182066,1044.06958662533,186122.203125,3.55,3.775,0.4500000000000002,0.11920529801324509,185457.765625,664.4375,3.55,0.0,3.775,0.0,0.4500000000000002,0.0,0.11920529801324509,0.0
800,1310,2038,1679-2092,635.6794205711813,168.88184417578657,0.9994460808973944,530.2351751504599,159.48389733355978,1804.5700636444346,189030.703125,3.55,3.775,0.4500000000000002,0.11920529801324509,189227.203125,196.5,3.55,0.0,3.775,0.0,0.4500000000000002,0.0,0.11920529801324509,0.0
801,3690,1057,849-1267,543.2144040245727,206.2983225722769,0.9985635132980524,673.4140400635004,259.4437892747962,1574.208927298141,95849.15625,3.55,3.775,0.4500000000000002,0.11920529801324509,93126.28125,2722.875,3.55,0.0,3.775,0.0,0.4500000000000002,0.0,0.11920529801324509,0.0
802,7768,2291,2093-2500,259.3660791975684,109.171230789848,0.9999209409729756,298.27273781316353,135.38577403192934,671.0358327459504,206665.71875,3.55,3.775,0.4500000000000002,0.11920529801324509,207816.84375,1151.125,3.55,0.0,3.775,0.0,0.4500000000000002,0.0,0.11920529801324509,0.0
803,4678,1290,1268-1678,419.366109850265,184.7938180836553,0.9994419858743507,449.21585780321266,196.79150390625,1103.2482676727393,120138.7109375,3.55,3.775,0.4500000000000002,0.11920529801324509,118270.78125,1867.9296875,3.55,0.0,3.775,0.0,0.4500000000000002,0.0,0.11920529801324509,0.0
804,5544,2273,2093-2500,277.42942926426355,110.86804932277514,0.9999077789263341,316.5026880035448,103.8632281759511,654.835513893397,205014.90625,3.55,3.775,0.4500000000000002,0.11920529801324509,205160.09375,145.1875,3.55,0.0,3.775,0.0,0.4500000000000002,0.0,0.11920529801324509,0.0
805,4160,1002,849-1267,650.8793633531068,212.2405991629559,0.9974962173813554,1039.6316473910758,304.57236115828806,1960.477412515525,82247.125,3.55,3.575,0.8500000000000001,0.2377622377622378,87185.5078125,4938.3828125,3.55,0.0,3.775,0.19999999999999973,0.4500000000000002,0.3999999999999999,0.11920529801324509,0.1185569397489927
806,9286,1215,849-1267,366.8185853639573,152.1505865340523,0.9995155180389279,154.51991992302067,94.54959239130434,863.9405459373534,109488.7734375,3.55,3.775,0.4500000000000002,0.11920529801324509,109507.6875,18.9140625,3.55,0.0,3.775,0.0,0.4500000000000002,0.0,0.11920529801324509,0.0
807,2430,1031,849-1267,558.2193653710484,226.19316268867826,0.9983325594756688,884.1091742024084,347.49471382472825,1658.8784536785581,86218.859375,3.55,3.775,0.4500000000000002,0.11920529801324509,89894.2890625,3675.4296875,3.55,0.0,3.775,0.0,0.4500000000000002,0.0,0.11920529801324509,0.0
808,827,1814,1679-2092,624.3471565146574,218.0754244238812,0.9993386664804784,957.3474201701791,322.5058275305706,1866.901793414604,169144.953125,3.55,3.775,0.4500000000000002,0.11920529801324509,170198.5,1053.546875,3.55,0.0,3.775,0.0,0.4500000000000002,0.0,0.11920529801324509,0.0
809,3537,130,101-159,128.61813815797504,63.483636138070146,0.9911155508530191,64.7030877284461,32.77596714185632,269.96587946709485,8174.83203125,3.55,3.825,1.35,0.35294117647058826,8208.73046875,33.8984375,3.55,0.0,3.825,0.0,1.35,0.0,0.35294117647058826,0.0
810,4105,539,428-848,354.24692277351863,144.8231643656855,0.9969375910578007,280.2356937651182,138.0817287279212,809.1264857541419,40628.828125,4.0,3.575,0.8500000000000001,0.2377622377622378,39926.03515625,702.79296875,3.55,0.4500000000000002,3.575,0.0,0.8500000000000001,0.0,0.2377622377622378,0.0
811,9618,2350,2093-2500,649.9618324028813,177.83567625254756,0.9995140660564238,330.1756736894533,147.38161302649456,1515.3824794561422,210182.984375,3.55,3.775,0.4500000000000002,0.11920529801324509,211540.859375,1357.875,3.55,0.0,3.775,0.0,0.4500000000000002,0.0,0.11920529801324509,0.0
812,5010,375,280-427,280.18759096975185,116.94401589085123,0.9953537189251445,354.1311443420987,121.50511633831522,711.796723935483,26203.474609375,4.0,3.825,1.35,0.35294117647058826,26669.73046875,466.255859375,3.55,0.4500000000000002,3.825,0.0,1.35,0.0,0.35294117647058826,0.0
813,299,2010,1679-2092,805.5348855464754,248.6685729237432,0.9990942874788038,996.1926883908224,282.0802798063859,2275.683100636907,185752.953125,3.55,3.775,0.4500000000000002,0.11920529801324509,185730.234375,22.71875,3.55,0.0,3.775,0.0,0.4500000000000002,0.0,0.11920529801324509,0.0
814,958,1602,1268-1678,526.0809623708953,209.52719877956224,0.9994257836147017,213.8719626731374,119.15189792798913,1410.9723260558628,149258.296875,3.55,3.775,0.4500000000000002,0.11920529801324509,148876.375,381.921875,3.55,0.0,3.775,0.0,0.4500000000000002,0.0,0.11920529801324509,0.0
815,6886,1014,849-1267,556.8160388514832,214.1594119139298,0.9983918292233345,717.2061750116836,290.377149498981,1641.9018603458003,90331.59375,3.55,3.775,0.4500000000000002,0.11920529801324509,87662.3671875,2669.2265625,3.55,0.0,3.775,0.0,0.4500000000000002,0.0,0.11920529801324509,0.0
816,9963,79,0-100,111.96024727528341,54.39518977488849,0.9780541402658904,91.72346137394808,42.1724389117697,243.34705949708493,4359.052734375,3.55,4.075,1.85,0.4539877300613497,4723.169921875,364.1171875,3.55,0.0,3.825,0.25,1.35,0.5,0.35294117647058826,0.10104655359076142
817,7990,1670,1268-1678,383.6472148826675,162.32825850405484,0.9997188182823252,491.35157992077905,230.0863620923913,1054.1629030524255,158334.25,3.55,3.775,0.4500000000000002,0.11920529801324509,156664.953125,1669.296875,3.55,0.0,3.775,0.0,0.4500000000000002,0.0,0.11920529801324509,0.0
818,1142,2,0-100,115.45710792932576,54.63184749479417,-13.772031784630283,34.20363668077522,20.5339506968208,177.75014078060264,133.3814697265625,3.55,4.075,1.85,0.4539877300613497,177.93234252929688,44.550872802734375,3.55,0.0,4.075,0.0,1.85,0.0,0.4539877300613497,0.0
819,6665,1952,1679-2092,668.6999255349602,236.96567841531504,0.9993403016607898,838.7406739496058,327.0357612941576,1941.06206869891,184058.625,3.55,3.775,0.4500000000000002,0.11920529801324509,181642.9375,2415.6875,3.55,0.0,3.775,0.0,0.4500000000000002,0.0,0.11920529801324509,0.0
820,5510,524,428-848,306.44862677936135,123.77807623602826,0.9974929234933706,454.5317908615474,166.57608430281928,853.0405045246307,38847.9296875,4.0,3.575,0.8500000000000001,0.2377622377622378,38365.6015625,482.328125,4.0,0.0,3.575,0.0,0.8500000000000001,0.0,0.2377622377622378,0.0
821,9260,2430,2093-2500,210.47029049979733,83.99603631007983,0.9999510517666943,214.68347431454967,85.7501910665761,587.6990033459848,214708.0625,3.55,3.775,0.4500000000000002,0.11920529801324509,215257.234375,549.171875,3.55,0.0,3.775,0.0,0.4500000000000002,0.0,0.11920529801324509,0.0
822,3087,2444,2093-2500,189.25720673866388,86.93848733122452,0.9999608316816425,113.2179208853155,66.61381199048913,443.0867227454751,215611.21875,3.55,3.775,0.4500000000000002,0.11920529801324509,216036.875,425.65625,3.55,0.0,3.775,0.0,0.4500000000000002,0.0,0.11920529801324509,0.0
823,2366,552,428-848,466.0523138825008,177.4844241582456,0.9948287112438202,592.9395234943801,203.86726180366847,1341.130463101699,41753.359375,4.0,3.575,0.8500000000000001,0.2377622377622378,41990.50390625,237.14453125,3.55,0.4500000000000002,3.575,0.0,0.8500000000000001,0.0,0.2377622377622378,0.0
824,9898,280,280-427,276.12129822218213,109.06942275722338,0.9920551061386079,427.6379125682132,154.53169582201087,797.6258600077587,18712.984375,3.55,3.825,1.35,0.35294117647058826,18439.115234375,273.869140625,4.0,0.4500000000000002,3.825,0.0,1.35,0.0,0.35294117647058826,0.0
825,6529,397,280-427,262.4654101975701,115.49868922245192,0.9964895179865858,261.7855882248425,121.78779403023098,590.9994074746963,28544.6640625,4.0,3.825,1.35,0.35294117647058826,28219.498046875,325.166015625,3.55,0.4500000000000002,3.825,0.0,1.35,0.0,0.35294117647058826,0.0
826,8660,1999,1679-2092,751.6404153032613,265.9204131199049,0.9992203156387623,1232.396332744506,431.62484077785325,2283.028648175961,188816.875,3.55,3.775,0.4500000000000002,0.11920529801324509,184708.4375,4108.4375,3.55,0.0,3.775,0.0,0.4500000000000002,0.0,0.11920529801324509,0.0
827,7467,2429,2093-2500,191.17075573681262,81.96128043372113,0.9999597241661653,170.27334079804177,71.0816066576087,484.99207108800886,215113.34375,3.55,3.775,0.4500000000000002,0.11920529801324509,215279.9375,166.59375,3.55,0.0,3.775,0.0,0.4500000000000002,0.0,0.11920529801324509,0.0
828,856,386,280-427,186.053535018449,89.10736393367934,0.9981395491738767,115.54282413710155,63.6289991295856,395.6048664086593,26508.671875,4.0,3.825,1.35,0.35294117647058826,26847.16796875,338.49609375,4.0,0.0,3.825,0.0,1.35,0.0,0.35294117647058826,0.0
829,5538,2111,2093-2500,765.1382425173429,223.10946304215142,0.9992377737682426,574.8746178705638,212.77646272078803,2063.066161509523,195060.296875,3.55,3.775,0.4500000000000002,0.11920529801324509,195918.21875,857.921875,3.55,0.0,3.775,0.0,0.4500000000000002,0.0,0.11920529801324509,0.0
830,5411,108,101-159,138.42748650523953,64.34129729780943,0.9843960445542967,96.90997288452597,39.95728600543478,346.5647592289105,6932.630859375,3.55,3.825,1.35,0.35294117647058826,6505.68798828125,426.94287109375,3.55,0.0,3.825,0.0,1.35,0.0,0.35294117647058826,0.0
831,121,1779,1679-2092,631.3967261383713,221.381759506889,0.9992959088057436,732.2314944986159,255.17671535326087,1729.7742886170222,164245.15625,3.55,3.775,0.4500000000000002,0.11920529801324509,167148.15625,2903.0,3.55,0.0,3.775,0.0,0.4500000000000002,0.0,0.11920529801324509,0.0
832,1366,433,428-848,285.5762026068169,123.28710485481594,0.9966595306832432,292.8247155753046,107.81584366508152,731.3483753344342,30724.0625,4.0,3.825,1.35,0.35294117647058826,30730.54296875,6.48046875,3.55,0.4500000000000002,3.825,0.0,1.35,0.0,0.35294117647058826,0.0
833,5778,505,428-848,529.6649338875086,199.65813711726977,0.9924011205379384,818.0435945896722,291.4977231233016,1556.6248050974057,40417.01171875,3.55,3.575,0.8500000000000001,0.2377622377622378,37288.2109375,3128.80078125,3.55,0.0,3.575,0.0,0.8500000000000001,0.0,0.2377622377622378,0.0
834,5645,178,160-279,207.9352894929161,84.33123005532389,0.9876495194603208,256.6815154390801,98.74250329059103,526.7869964998708,12181.982421875,4.0,3.825,1.35,0.35294117647058826,11380.181640625,801.80078125,3.55,0.4500000000000002,3.825,0.0,1.35,0.0,0.35294117647058826,0.0
835,6413,674,428-848,454.22175890562784,179.72389621183976,0.9971923117688692,543.1510381692927,200.5518958050272,1289.8258304217811,55436.87890625,3.55,3.775,0.4500000000000002,0.11920529801324509,53082.53125,2354.34765625,3.55,0.0,3.575,0.19999999999999973,0.8500000000000001,0.3999999999999999,0.2377622377622378,0.1185569397489927
836,1447,1053,849-1267,708.1481008305035,257.8107283158012,0.9975587795916584,956.9938118643189,357.8398119055706,2070.752372075465,90507.1875,3.55,3.775,0.4500000000000002,0.11920529801324509,93154.6796875,2647.4921875,3.55,0.0,3.775,0.0,0.4500000000000002,0.0,0.11920529801324509,0.0
837,8040,2261,2093-2500,244.3332471588068,106.28165990361752,0.9999278611240027,204.83388907974492,109.5993121603261,614.0182320106585,204357.09375,3.55,3.775,0.4500000000000002,0.11920529801324509,205061.6875,704.59375,3.55,0.0,3.775,0.0,0.4500000000000002,0.0,0.11920529801324509,0.0
838,5022,697,428-848,316.5808349043675,147.15928785055408,0.9987191677841335,228.48270982368533,127.87088145380434,737.7200734368046,56425.61328125,4.0,3.775,0.4500000000000002,0.11920529801324509,56039.90625,385.70703125,3.55,0.4500000000000002,3.575,0.19999999999999973,0.8500000000000001,0.3999999999999999,0.2377622377622378,0.1185569397489927
839,9549,2046,1679-2092,920.7951618946676,268.2247728223718,0.9988088393230705,900.2068046961908,323.7984778362772,2567.6511002453067,188195.015625,3.55,3.775,0.4500000000000002,0.11920529801324509,189961.40625,1766.390625,3.55,0.0,3.775,0.0,0.4500000000000002,0.0,0.11920529801324509,0.0
840,262,654,428-848,336.1083340708053,136.3118490458613,0.9982957252240126,363.1651844319783,159.7480309527853,878.757081393109,51785.51171875,4.0,3.575,0.8500000000000001,0.2377622377622378,51219.11328125,566.3984375,3.55,0.4500000000000002,3.575,0.0,0.8500000000000001,0.0,0.2377622377622378,0.0
841,5024,1887,1679-2092,320.9985327465018,142.76646947286855,0.9998400991464585,315.13503279828274,131.22640327785325,839.463619460965,176675.65625,3.55,3.775,0.4500000000000002,0.11920529801324509,176344.59375,331.0625,3.55,0.0,3.775,0.0,0.4500000000000002,0.0,0.11920529801324509,0.0
842,3929,2335,2093-2500,459.35760401860193,146.1256496157439,0.9997587706928304,583.3027916566632,191.69575832201087,1319.4670949505617,209462.953125,3.55,3.775,0.4500000000000002,0.11920529801324509,209981.578125,518.625,3.55,0.0,3.775,0.0,0.4500000000000002,0.0,0.11920529801324509,0.0
843,3781,164,160-279,139.17625607445774,69.03693260516292,0.9933505196874394,97.17046066262023,46.48109237007473,263.51839190610326,10549.4921875,3.55,3.825,1.35,0.35294117647058826,10558.93359375,9.44140625,3.55,0.0,3.825,0.0,1.35,0.0,0.35294117647058826,0.0
844,9328,1535,1268-1678,734.1892336792016,274.0586302317744,0.9987452792706726,942.0877132364685,351.8343665081522,2130.6679794293514,138692.640625,3.55,3.775,0.4500000000000002,0.11920529801324509,142624.3125,3931.671875,3.55,0.0,3.775,0.0,0.4500000000000002,0.0,0.11920529801324509,0.0
845,4469,1354,1268-1678,476.92999627710736,186.40561620888087,0.9993396990655271,630.1836632637485,214.38016410495925,1352.4043296907334,125953.5,3.55,3.775,0.4500000000000002,0.11920529801324509,125839.8828125,113.6171875,3.55,0.0,3.775,0.0,0.4500000000000002,0.0,0.11920529801324509,0.0
846,9713,240,160-279,141.08039402681095,70.172867954901,0.9969901265757599,93.81938549839234,61.93093606700068,292.8567794447178,16039.2177734375,3.55,3.825,1.35,0.35294117647058826,16180.87109375,141.6533203125,3.55,0.0,3.825,0.0,1.35,0.0,0.35294117647058826,0.0
847,9211,2409,2093-2500,184.89737657323317,86.05945151897927,0.9999620259319982,191.96539480764247,92.6520465353261,469.8703117185202,213770.15625,3.55,3.775,0.4500000000000002,0.11920529801324509,214500.359375,730.203125,3.55,0.0,3.775,0.0,0.4500000000000002,0.0,0.11920529801324509,0.0
848,8398,79,0-100,99.57817569954052,51.59722594357781,0.9830371330991406,52.66513885113867,33.62859643023947,190.65729396176465,5096.52783203125,3.55,3.825,1.35,0.35294117647058826,5135.68408203125,39.15625,3.55,0.0,3.825,0.0,1.35,0.0,0.35294117647058826,0.0
849,1394,1361,1268-1678,494.6566364903352,206.28067712495223,0.9993384815618397,778.602843393482,275.6236625339674,1438.3076018719148,129685.578125,3.55,3.775,0.4500000000000002,0.11920529801324509,126059.3828125,3626.1953125,3.55,0.0,3.775,0.0,0.4500000000000002,0.0,0.11920529801324509,0.0
850,1565,200,160-279,149.875431763071,67.49259218860294,0.9949998283845465,82.60301087690839,47.022025730298914,318.0234347981767,13129.6572265625,3.55,3.825,1.35,0.35294117647058826,12893.99609375,235.6611328125,3.55,0.0,3.825,0.0,1.35,0.0,0.35294117647058826,0.0
851,814,1674,1268-1678,521.4405024703435,194.52067297794508,0.9994784162181309,456.39659418135835,209.86526621942934,1504.7038770016973,154981.265625,3.55,3.775,0.4500000000000002,0.11920529801324509,156445.453125,1464.1875,3.55,0.0,3.775,0.0,0.4500000000000002,0.0,0.11920529801324509,0.0
852,1486,119,101-159,133.72406828241202,62.99156483377374,0.9898404214374278,142.91882729278186,64.64546867038892,338.7366651141516,7902.37890625,4.0,3.825,1.35,0.35294117647058826,7474.53125,427.84765625,3.55,0.4500000000000002,3.825,0.0,1.35,0.0,0.35294117647058826,0.0
853,4617,1721,1679-2092,334.017589439617,155.48460794584855,0.9997935626942022,241.08956233693252,117.76271654211956,867.5079352745415,159952.625,3.55,3.775,0.4500000000000002,0.11920529801324509,160774.984375,822.359375,3.55,0.0,3.775,0.0,0.4500000000000002,0.0,0.11920529801324509,0.0
854,6307,540,428-848,435.047775476615,176.8948423905414,0.9957307809561152,517.9351497408168,215.11205789317256,1238.5853688952127,42361.53125,4.0,3.575,0.8500000000000001,0.2377622377622378,40458.390625,1903.140625,4.0,0.0,3.575,0.0,0.8500000000000001,0.0,0.2377622377622378,0.0
855,2489,1933,1679-2092,740.6887609035067,236.4988817548669,0.9991667579994749,833.7817634108048,290.9771144701087,2098.6184079927552,181119.453125,3.55,3.775,0.4500000000000002,0.11920529801324509,180144.234375,975.21875,3.55,0.0,3.775,0.0,0.4500000000000002,0.0,0.11920529801324509,0.0
856,8027,827,428-848,280.7143395754979,129.93473588336448,0.9993074954808421,231.29678635814167,118.39760954483695,683.5819118796265,69602.5234375,3.55,3.775,0.4500000000000002,0.11920529801324509,69496.078125,106.4453125,3.55,0.0,3.775,0.0,0.4500000000000002,0.0,0.11920529801324509,0.0
857,6912,1780,1679-2092,550.6107688919126,198.1367522492782,0.9994700555522377,688.394317449063,284.4860096807065,1571.720343090125,163647.34375,3.55,3.775,0.4500000000000002,0.11920529801324509,166398.8125,2751.46875,3.55,0.0,3.775,0.0,0.4500000000000002,0.0,0.11920529801324509,0.0
858,3454,1894,1679-2092,642.1673184824186,224.5405754442298,0.9993319020666667,685.9503790681194,215.48148777173913,1809.5026156249378,172509.3125,3.55,3.775,0.4500000000000002,0.11920529801324509,175746.65625,3237.34375,3.55,0.0,3.775,0.0,0.4500000000000002,0.0,0.11920529801324509,0.0
859,9430,1746,1679-2092,381.4035423506878,161.1908805605681,0.9997427987841666,413.29685663719835,187.06551460597825,1047.330250296261,164928.859375,3.55,3.775,0.4500000000000002,0.11920529801324509,163469.578125,1459.28125,3.55,0.0,3.775,0.0,0.4500000000000002,0.0,0.11920529801324509,0.0
860,1805,1198,849-1267,597.0113541251557,211.28052715268342,0.9986860449577162,837.6110957262248,297.890428626019,1768.3647234215439,111431.7578125,3.55,3.775,0.4500000000000002,0.11920529801324509,107745.9765625,3685.78125,3.55,0.0,3.775,0.0,0.4500000000000002,0.0,0.11920529801324509,0.0
861,7708,2409,2093-2500,186.8087841049278,80.09239760423743,0.9999610878324261,286.4217701777842,120.45475968070652,506.1282506213011,213520.15625,3.55,3.775,0.4500000000000002,0.11920529801324509,214621.453125,1101.296875,3.55,0.0,3.775,0.0,0.4500000000000002,0.0,0.11920529801324509,0.0
862,6116,1834,1679-2092,531.2434029476549,200.55643274244227,0.9995325871585831,616.3566183426761,229.48709239130434,1406.2089990094937,168977.15625,3.55,3.775,0.4500000000000002,0.11920529801324509,171613.921875,2636.765625,3.55,0.0,3.775,0.0,0.4500000000000002,0.0,0.11920529801324509,0.0
863,758,329,280-427,242.8247193982426,106.3514915028116,0.9959533408771393,281.16433021447307,132.76253609035325,623.3338931703712,23501.783203125,3.55,3.825,1.35,0.35294117647058826,23245.787109375,255.99609375,4.0,0.4500000000000002,3.825,0.0,1.35,0.0,0.35294117647058826,0.0
864,4368,2286,2093-2500,377.0475715990484,134.51048472953465,0.9998332458116441,355.76387425481346,142.9861476732337,999.5105593401896,206553.0625,3.55,3.775,0.4500000000000002,0.11920529801324509,207635.203125,1082.140625,3.55,0.0,3.775,0.0,0.4500000000000002,0.0,0.11920529801324509,0.0
865,1579,472,428-848,304.382251600293,127.8047046963899,0.9966907159481634,365.7976592419534,171.72208835767663,786.6377208588817,33020.1328125,3.55,3.825,1.35,0.35294117647058826,34132.84765625,1112.71484375,3.55,0.0,3.575,0.25,0.8500000000000001,0.5,0.2377622377622378,0.11517893870835047
866,6983,2419,2093-2500,282.478036747193,106.93399226392663,0.9999112290359836,312.5272451588787,120.37635869565217,793.5029938347142,214714.765625,3.55,3.775,0.4500000000000002,0.11920529801324509,214984.765625,270.0,3.55,0.0,3.775,0.0,0.4500000000000002,0.0,0.11920529801324509,0.0
867,5860,1980,1679-2092,1257.5223642151282,339.7466739655868,0.9977936994478773,778.7474763101379,339.36057447350544,3532.169585350903,188384.703125,3.55,3.775,0.4500000000000002,0.11920529801324509,186661.234375,1723.46875,3.55,0.0,3.775,0.0,0.4500000000000002,0.0,0.11920529801324509,0.0
868,634,1597,1268-1678,391.8406591419173,160.69312817117444,0.999679996408344,367.179966897008,157.99606190557066,1124.9194519677233,147564.234375,3.55,3.775,0.4500000000000002,0.11920529801324509,149118.59375,1554.359375,3.55,0.0,3.775,0.0,0.4500000000000002,0.0,0.11920529801324509,0.0
869,7523,536,428-848,315.77282816363567,143.58366646569294,0.9975154304775465,292.8177895710286,131.56236466117528,823.8256780906988,39039.6484375,4.0,3.575,0.8500000000000001,0.2377622377622378,40123.7734375,1084.125,3.55,0.4500000000000002,3.575,0.0,0.8500000000000001,0.0,0.2377622377622378,0.0
870,5407,1237,849-1267,340.02499753734224,155.29901404976223,0.9996015107294468,315.4952789978547,129.20839525305706,894.6962158488373,112497.7265625,3.55,3.775,0.4500000000000002,0.11920529801324509,112609.1171875,111.390625,3.55,0.0,3.775,0.0,0.4500000000000002,0.0,0.11920529801324509,0.0
871,6897,530,428-848,363.1462791285802,154.45027589579044,0.9969685318417716,544.3758405846207,231.26784349524456,1026.8639161877522,42892.859375,3.55,3.575,0.8500000000000001,0.2377622377622378,40572.24609375,2320.61328125,3.55,0.0,3.575,0.0,0.8500000000000001,0.0,0.2377622377622378,0.0
872,7676,1061,849-1267,438.2086082816961,177.27926015240214,0.9990157698441167,556.2755973415063,178.0657799762228,1195.2225364289345,90927.6015625,3.55,3.775,0.4500000000000002,0.11920529801324509,93525.578125,2597.9765625,3.55,0.0,3.775,0.0,0.4500000000000002,0.0,0.11920529801324509,0.0
873,7249,2348,2093-2500,343.92094919942167,120.33810361965014,0.9998647815179067,211.00458125332102,78.75525433084239,808.073198743959,211161.09375,3.55,3.775,0.4500000000000002,0.11920529801324509,211056.421875,104.671875,3.55,0.0,3.775,0.0,0.4500000000000002,0.0,0.11920529801324509,0.0
874,6021,1489,1268-1678,607.1541797920114,236.82731659360138,0.9990992766346509,949.8482144626214,351.7629500679348,1779.738409745692,134453.0625,3.55,3.775,0.4500000000000002,0.11920529801324509,138582.40625,4129.34375,3.55,0.0,3.775,0.0,0.4500000000000002,0.0,0.11920529801324509,0.0
875,3584,1617,1268-1678,460.8343027727381,189.11820320766284,0.9995704338205341,279.8667322702278,125.79044242527173,1143.8402924760685,150508.890625,3.55,3.775,0.4500000000000002,0.11920529801324509,150605.921875,97.03125,3.55,0.0,3.775,0.0,0.4500000000000002,0.0,0.11920529801324509,0.0
876,2258,1201,849-1267,408.7127260583333,168.62750897322945,0.9993797965414325,360.56913644333866,163.43350883152175,1012.1295201797482,109135.5625,3.55,3.775,0.4500000000000002,0.11920529801324509,107674.0703125,1461.4921875,3.55,0.0,3.775,0.0,0.4500000000000002,0.0,0.11920529801324509,0.0
877,9014,2382,2093-2500,380.4603855069416,121.98995038850204,0.999838369238884,228.13626247955355,78.7499469259511,1035.8851821749306,212961.125,3.55,3.775,0.4500000000000002,0.11920529801324509,212714.046875,247.078125,3.55,0.0,3.775,0.0,0.4500000000000002,0.0,0.11920529801324509,0.0
878,3580,1883,1679-2092,917.3929769875643,285.4066170357082,0.9987274144817633,785.6404261032388,323.27490234375,2724.295538440436,178027.859375,3.55,3.775,0.4500000000000002,0.11920529801324509,176533.8125,1494.046875,3.55,0.0,3.775,0.0,0.4500000000000002,0.0,0.11920529801324509,0.0
879,316,2170,2093-2500,567.0785321231166,188.96017486041526,0.9995905697068663,591.9617134661703,183.69697902513587,1529.0564705848672,196214.65625,3.55,3.775,0.4500000000000002,0.11920529801324509,198968.59375,2753.9375,3.55,0.0,3.775,0.0,0.4500000000000002,0.0,0.11920529801324509,0.0
880,9205,1671,1268-1678,400.86449417010977,169.73287878709877,0.9996825067510942,480.31838734196464,211.13253651494566,1046.798896255412,155129.75,3.55,3.775,0.4500000000000002,0.11920529801324509,155601.5,471.75,3.55,0.0,3.775,0.0,0.4500000000000002,0.0,0.11920529801324509,0.0
881,6557,778,428-848,321.0825023246967,159.69559683963942,0.9990019710982321,344.6102766941396,164.33237623131794,775.7319002720359,63292.28125,4.0,3.775,0.4500000000000002,0.11920529801324509,64087.796875,795.515625,3.55,0.4500000000000002,3.575,0.19999999999999973,0.8500000000000001,0.3999999999999999,0.2377622377622378,0.1185569397489927
882,4535,525,428-848,363.62770452389645,146.56369444407588,0.9968731401542649,403.5751409227343,161.4290479577106,1039.812030039426,40164.4765625,3.55,3.575,0.8500000000000001,0.2377622377622378,38770.80078125,1393.67578125,3.55,0.0,3.575,0.0,0.8500000000000001,0.0,0.2377622377622378,0.0
883,4317,257,160-279,195.96437207226919,89.03052556822404,0.9947589347835505,137.6418512690699,72.98162974481997,466.31528178597966,16981.794921875,4.0,3.825,1.35,0.35294117647058826,16960.48828125,21.306640625,3.55,0.4500000000000002,3.825,0.0,1.35,0.0,0.35294117647058826,0.0
884,1193,428,428-848,289.08778482274715,118.95572358570928,0.9968535231253921,327.50642697931374,119.51406196925952,791.1063192177669,32517.3203125,3.55,3.575,0.8500000000000001,0.2377622377622378,31479.3046875,1038.015625,4.0,0.4500000000000002,3.825,0.25,1.35,0.5,0.35294117647058826,0.11517893870835047
885,7468,507,428-848,293.5456441059921,128.0993853584953,0.9976784018163132,264.062761788462,112.63332466457202,725.3418407483939,38704.8359375,3.55,3.575,0.8500000000000001,0.2377622377622378,38089.5859375,615.25,3.55,0.0,3.575,0.0,0.8500000000000001,0.0,0.2377622377622378,0.0
886,3036,540,428-848,281.9075820992814,114.9495928710274,0.9981960259059968,300.64896815886857,118.33784551205842,732.1316879286468,42905.93359375,3.55,3.575,0.8500000000000001,0.2377622377622378,41739.75390625,1166.1796875,4.0,0.4500000000000002,3.575,0.0,0.8500000000000001,0.0,0.2377622377622378,0.0
887,9480,9,0-100,86.4390192729056,43.72439855055809,0.18128090430992316,45.849066608702394,26.55037738965905,189.02696384890444,541.414306640625,3.55,3.825,1.35,0.35294117647058826,400.58984375,140.824462890625,4.0,0.4500000000000002,3.9,0.07499999999999973,2.2,0.8500000000000001,0.5641025641025642,0.21116138763197595
888,9825,2270,2093-2500,1345.7920805488918,324.567311376157,0.997818234760497,1341.1300328775603,404.52402131453806,3741.515906907788,205575.28125,3.55,3.775,0.4500000000000002,0.11920529801324509,207241.59375,1666.3125,3.55,0.0,3.775,0.0,0.4500000000000002,0.0,0.11920529801324509,0.0
889,7672,2036,1679-2092,569.0998061382808,215.12488827992314,0.999564345264946,631.4045234303617,239.7435355808424,1637.8699411368561,191344.34375,3.55,3.775,0.4500000000000002,0.11920529801324509,188962.265625,2382.078125,3.55,0.0,3.775,0.0,0.4500000000000002,0.0,0.11920529801324509,0.0
890,7287,1208,849-1267,433.1376517139036,182.71814096520464,0.9993009872150058,575.0009037983424,248.73124363111413,1192.5956657891481,106629.71875,3.55,3.775,0.4500000000000002,0.11920529801324509,108845.390625,2215.671875,3.55,0.0,3.775,0.0,0.4500000000000002,0.0,0.11920529801324509,0.0
891,4168,1842,1679-2092,588.6017704787663,221.76736961192256,0.999440224176472,666.632284389971,262.49687924592394,1675.2673018479186,173710.84375,3.55,3.775,0.4500000000000002,0.11920529801324509,172787.09375,923.75,3.55,0.0,3.775,0.0,0.4500000000000002,0.0,0.11920529801324509,0.0
892,2378,131,101-159,130.6006073323143,59.27519989745099,0.9909197977981187,103.09144151867848,52.09549812648607,310.03181966148577,8630.3779296875,4.0,3.825,1.35,0.35294117647058826,8640.1708984375,9.79296875,3.55,0.4500000000000002,3.825,0.0,1.35,0.0,0.35294117647058826,0.0
893,5138,1554,1268-1678,470.5989721708508,189.6135087444803,0.9995179588989774,570.3640425282456,229.32429305366847,1373.9893879843905,145981.609375,3.55,3.775,0.4500000000000002,0.11920529801324509,144857.1875,1124.421875,3.55,0.0,3.775,0.0,0.4500000000000002,0.0,0.11920529801324509,0.0
894,4387,1628,1268-1678,581.8999918434471,236.81142214408544,0.9993007239973347,715.5828710490224,308.74831224524456,1673.291684390331,149323.65625,3.55,3.775,0.4500000000000002,0.11920529801324509,152214.34375,2890.6875,3.55,0.0,3.775,0.0,0.4500000000000002,0.0,0.11920529801324509,0.0
895,2897,2112,2093-2500,738.5191979133847,218.48459280156675,0.9992756984640219,823.5884026370684,250.91110096807066,2187.604121202465,195060.203125,3.55,3.775,0.4500000000000002,0.11920529801324509,195184.015625,123.8125,3.55,0.0,3.775,0.0,0.4500000000000002,0.0,0.11920529801324509,0.0
896,5933,392,280-427,245.3696901006115,108.8697987256755,0.996520173240113,214.89044235023616,100.06667692764945,552.5962812753688,26966.365234375,3.55,3.825,1.35,0.35294117647058826,27286.607421875,320.2421875,3.55,0.0,3.825,0.0,1.35,0.0,0.35294117647058826,0.0
897,3751,250,160-279,227.93806090284835,91.39671116260031,0.9930039511946763,144.68211502648273,70.78300675101902,575.0985763209131,16697.744140625,3.55,3.825,1.35,0.35294117647058826,16341.71484375,356.029296875,3.55,0.0,3.825,0.0,1.35,0.0,0.35294117647058826,0.0
898,4922,1719,1679-2092,358.2704672775051,159.5323791158925,0.9997650018335772,176.62605855097036,97.16732124660327,976.7946909999366,161051.375,3.55,3.775,0.4500000000000002,0.11920529801324509,161100.453125,49.078125,3.55,0.0,3.775,0.0,0.4500000000000002,0.0,0.11920529801324509,0.0
899,5726,720,428-848,530.6552635764448,200.01170028222126,0.996278482917774,696.2603395964678,270.9979407269022,1551.3510212989524,55472.59375,3.55,3.575,0.8500000000000001,0.2377622377622378,58211.171875,2738.578125,3.55,0.0,3.575,0.0,0.8500000000000001,0.0,0.2377622377622378,0.0
900,3249,1062,849-1267,492.32825338264723,187.44681126337466,0.9988223443848026,341.95374436946435,163.95096488620925,1408.2737927269397,95001.4921875,3.55,3.775,0.4500000000000002,0.11920529801324509,93771.546875,1229.9453125,3.55,0.0,3.775,0.0,0.4500000000000002,0.0,0.11920529801324509,0.0
901,8244,1984,1679-2092,1103.464159200943,326.25059241512133,0.9983177899584839,2027.159053981088,600.8346318783967,3377.1610256749677,186735.921875,3.55,3.775,0.4500000000000002,0.11920529801324509,183376.296875,3359.625,3.55,0.0,3.775,0.0,0.4500000000000002,0.0,0.11920529801324509,0.0
902,1674,520,428-848,317.3214287531036,130.23250664128844,0.9974501493266867,379.48727836320654,129.34656027088994,869.4181962077641,40983.046875,3.55,3.575,0.8500000000000001,0.2377622377622378,39217.37890625,1765.66796875,3.55,0.0,3.575,0.0,0.8500000000000001,0.0,0.2377622377622378,0.0
903,8462,782,428-848,307.8136546396613,139.40463938864002,0.9989839702541105,320.0107779108943,148.09513523267663,781.0114348605263,61951.07421875,3.55,3.575,0.8500000000000001,0.2377622377622378,63214.15625,1263.08203125,3.55,0.0,3.575,0.0,0.8500000000000001,0.0,0.2377622377622378,0.0
904,2560,830,428-848,662.5792750507032,256.8665670492421,0.9963359602745967,925.1073302141441,376.7114363960598,1971.6352949001516,69525.3359375,4.0,3.575,0.8500000000000001,0.2377622377622378,69668.2734375,142.9375,3.55,0.4500000000000002,3.775,0.19999999999999973,0.4500000000000002,0.3999999999999999,0.11920529801324509,0.1185569397489927
905,7927,1775,1679-2092,535.1961361524349,207.74672474524456,0.999511305016017,629.3032754687857,265.26079526154894,1528.162558087805,169102.421875,3.55,3.775,0.4500000000000002,0.11920529801324509,166398.8125,2703.609375,3.55,0.0,3.775,0.0,0.4500000000000002,0.0,0.11920529801324509,0.0
906,6812,517,428-848,292.39253632467023,127.51492035044795,0.9976546969219104,325.58920299542683,137.96590788468072,776.6213055553468,38329.37890625,4.0,3.825,1.35,0.35294117647058826,38267.796875,61.58203125,4.0,0.0,3.825,0.0,1.35,0.0,0.35294117647058826,0.0
907,2588,1829,1679-2092,939.7234482081341,295.2162435010827,0.9984802024105253,1375.9401380014756,389.9292098335598,2687.2394837899574,170396.015625,3.55,3.775,0.4500000000000002,0.11920529801324509,169812.484375,583.53125,3.55,0.0,3.775,0.0,0.4500000000000002,0.0,0.11920529801324509,0.0
908,5096,1018,849-1267,590.8627096180973,221.96258064615,0.9980232754639455,797.6782858660092,262.898633873981,1669.7262499281583,84401.1015625,3.55,3.775,0.4500000000000002,0.11920529801324509,88148.671875,3747.5703125,3.55,0.0,3.775,0.0,0.4500000000000002,0.0,0.11920529801324509,0.0
909,4336,509,428-848,362.8337798951047,138.91225085362973,0.9966640452000403,465.10589507753974,159.9039067807405,955.5376495723668,40126.60546875,3.55,3.575,0.8500000000000001,0.2377622377622378,38370.20703125,1756.3984375,4.0,0.4500000000000002,3.575,0.0,0.8500000000000001,0.0,0.2377622377622378,0.0
910,8266,304,280-427,223.1909267755295,100.10148583903106,0.9956060795407459,107.6113209029661,60.644734258237094,547.2733651984548,20809.57421875,4.0,3.825,1.35,0.35294117647058826,21003.814453125,194.240234375,4.0,0.0,3.825,0.0,1.35,0.0,0.35294117647058826,0.0
911,6736,2354,2093-2500,199.24151812884529,83.99107923849354,0.9999544850544408,330.54580130317885,117.32588527513587,537.3046474264976,210256.296875,3.55,3.775,0.4500000000000002,0.11920529801324509,211737.625,1481.328125,3.55,0.0,3.775,0.0,0.4500000000000002,0.0,0.11920529801324509,0.0
912,1410,2415,2093-2500,371.427125991087,125.1751761824898,0.9998456162433298,453.5299302735283,162.32370923913044,972.9711162975483,213914.6875,3.55,3.775,0.4500000000000002,0.11920529801324509,214613.90625,699.21875,3.55,0.0,3.775,0.0,0.4500000000000002,0.0,0.11920529801324509,0.0
913,1298,1130,849-1267,508.2064594421848,213.35019115998642,0.9988715947766078,672.7226503760871,305.9103420091712,1466.6980071511227,97628.328125,3.55,3.775,0.4500000000000002,0.11920529801324509,99955.5,2327.171875,3.55,0.0,3.775,0.0,0.4500000000000002,0.0,0.11920529801324509,0.0
914,2066,1909,1679-2092,661.2487583316648,240.01418384107507,0.9993417992023123,1022.5286478000112,368.1732973845109,1953.9457967211995,180898.796875,3.55,3.775,0.4500000000000002,0.11920529801324509,177048.515625,3850.28125,3.55,0.0,3.775,0.0,0.4500000000000002,0.0,0.11920529801324509,0.0
915,6757,71,0-100,103.19249583195212,51.879323521886704,0.9780429149788132,54.35336147094465,30.159250342327617,200.0732795604464,4501.9091796875,3.55,3.825,1.35,0.35294117647058826,4484.744140625,17.1650390625,3.55,0.0,3.825,0.0,1.35,0.0,0.35294117647058826,0.0
916,2450,700,428-848,499.51769614516115,182.64477393559994,0.996843870417479,353.2499174766921,163.05756942085597,1401.5639446174018,57182.5234375,3.55,3.575,0.8500000000000001,0.2377622377622378,56445.09375,737.4296875,3.55,0.0,3.575,0.0,0.8500000000000001,0.0,0.2377622377622378,0.0
917,8296,1185,849-1267,525.3878432976096,218.48031067902937,0.9989598275518294,536.2840982030929,251.50190535835597,1491.0603134278806,107259.6875,3.55,3.775,0.4500000000000002,0.11920529801324509,106296.5,963.1875,3.55,0.0,3.775,0.0,0.4500000000000002,0.0,0.11920529801324509,0.0
918,589,1839,1679-2092,354.91546068489646,152.39071758396315,0.9997962095960895,207.76540087925824,114.7816745923913,990.4265354238227,172319.0625,3.55,3.775,0.4500000000000002,0.11920529801324509,171977.203125,341.859375,3.55,0.0,3.775,0.0,0.4500000000000002,0.0,0.11920529801324509,0.0
919,1002,229,160-279,174.91910687153458,79.90470652071082,0.9945527796125607,144.09023965116538,66.31426869268003,393.3169560212549,14710.8447265625,3.55,3.825,1.35,0.35294117647058826,14994.41796875,283.5732421875,3.55,0.0,3.825,0.0,1.35,0.0,0.35294117647058826,0.0
920,5000,1441,1268-1678,482.5773382408854,195.2534028644064,0.999421224237439,515.8131556011983,217.8353961447011,1412.4272038938188,133944.984375,3.55,3.775,0.4500000000000002,0.11920529801324509,132758.015625,1186.96875,3.55,0.0,3.775,0.0,0.4500000000000002,0.0,0.11920529801324509,0.0
921,6105,944,849-1267,377.112976176745,154.72256971820335,0.9990513041059131,506.26389150716636,185.94375212296197,1039.036178627803,80511.328125,3.55,3.775,0.4500000000000002,0.11920529801324509,81648.71875,1137.390625,3.55,0.0,3.775,0.0,0.4500000000000002,0.0,0.11920529801324509,0.0
922,9564,1740,1679-2092,532.7501060024205,198.79266514892578,0.999479895763885,879.936637326772,320.2698921535326,1566.5896406135291,160829.59375,3.55,3.775,0.4500000000000002,0.11920529801324509,163719.359375,2889.765625,3.55,0.0,3.775,0.0,0.4500000000000002,0.0,0.11920529801324509,0.0
923,204,50,0-100,94.94021061658816,50.087567940118,0.954391483921313,33.05792127914441,24.70993937616763,193.68379469389612,2889.2529296875,3.55,3.825,1.35,0.35294117647058826,2952.002197265625,62.749267578125,3.55,0.0,3.825,0.0,1.35,0.0,0.35294117647058826,0.0
924,1484,2240,2093-2500,503.75369950858993,161.597432390694,0.9996914862204722,290.86788600732433,132.50003184442934,1303.2366443939097,203393.015625,3.55,3.775,0.4500000000000002,0.11920529801324509,204569.703125,1176.6875,3.55,0.0,3.775,0.0,0.4500000000000002,0.0,0.11920529801324509,0.0
925,646,1942,1679-2092,882.8362309631365,278.6469110910167,0.9987618121930022,976.6355664076219,346.5557702105978,2491.4213173732796,177452.546875,3.55,3.775,0.4500000000000002,0.11920529801324509,180091.265625,2638.71875,3.55,0.0,3.775,0.0,0.4500000000000002,0.0,0.11920529801324509,0.0
926,9829,622,428-848,399.7706042709451,152.7410950361169,0.9973315617513072,499.9542314139245,207.56666100543478,1147.6053462449258,49127.05859375,3.55,3.575,0.8500000000000001,0.2377622377622378,47741.11328125,1385.9453125,3.55,0.0,3.575,0.0,0.8500000000000001,0.0,0.2377622377622378,0.0
927,1596,66,0-100,92.97151181925,49.58087951571009,0.9766529060176696,84.98619578607557,38.403599614682406,192.77237276812969,3707.561767578125,4.0,3.825,1.35,0.35294117647058826,4041.950927734375,334.38916015625,3.55,0.4500000000000002,3.825,0.0,1.35,0.0,0.35294117647058826,0.0
928,3528,1614,1268-1678,513.1835305981022,208.1042667326554,0.9994611338091318,599.7586152947156,257.4217582370924,1415.2226384547196,152093.765625,3.55,3.775,0.4500000000000002,0.11920529801324509,150863.265625,1230.5,3.55,0.0,3.775,0.0,0.4500000000000002,0.0,0.11920529801324509,0.0
929,1795,512,428-848,335.63874395029,141.26159565167634,0.9970116820683909,202.95734923095117,109.45794677734375,793.6733216104568,39088.34375,3.55,3.575,0.8500000000000001,0.2377622377622378,38595.765625,492.578125,3.55,0.0,3.575,0.0,0.8500000000000001,0.0,0.2377622377622378,0.0
930,3076,615,428-848,372.619932094689,153.57911168186354,0.9976369220085755,444.16549817275546,172.07408871858016,1001.2892749490416,49182.11328125,4.0,3.575,0.8500000000000001,0.2377622377622378,48635.21484375,546.8984375,3.55,0.4500000000000002,3.575,0.0,0.8500000000000001,0.0,0.2377622377622378,0.0
931,4260,1157,849-1267,650.7769450298463,242.4134165633492,0.9983457385983523,954.4555585269676,265.7982655400815,1892.7250497882517,107975.2578125,3.55,3.775,0.4500000000000002,0.11920529801324509,103437.2890625,4537.96875,3.55,0.0,3.775,0.0,0.4500000000000002,0.0,0.11920529801324509,0.0
932,6589,1317,1268-1678,657.8498983716507,254.67199002871305,0.9986444088195401,966.2494941522763,377.5622452445652,1943.5971968577926,118617.109375,3.55,3.775,0.4500000000000002,0.11920529801324509,120617.203125,2000.09375,3.55,0.0,3.775,0.0,0.4500000000000002,0.0,0.11920529801324509,0.0
933,7924,2120,2093-2500,746.9884230153248,206.77005473977795,0.9992645810141167,549.4377803302682,162.19992994225544,1781.3907008215863,195682.953125,3.55,3.775,0.4500000000000002,0.11920529801324509,195623.015625,59.9375,3.55,0.0,3.775,0.0,0.4500000000000002,0.0,0.11920529801324509,0.0
934,8214,1121,849-1267,423.99715990314763,182.01493622356912,0.999239700228944,404.08835868390656,176.3518013332201,1219.644651081255,101587.3515625,3.55,3.775,0.4500000000000002,0.11920529801324509,99834.3828125,1752.96875,3.55,0.0,3.775,0.0,0.4500000000000002,0.0,0.11920529801324509,0.0
935,9852,1076,849-1267,429.57413345202866,187.4113613031802,0.9991429955885526,320.0276871780643,166.5314251443614,1166.5254901082628,95274.1796875,3.55,3.775,0.4500000000000002,0.11920529801324509,95306.1875,32.0078125,3.55,0.0,3.775,0.0,0.4500000000000002,0.0,0.11920529801324509,0.0
936,8238,773,428-848,337.57731774726716,130.75941133449388,0.9988120578516583,169.36230466589612,90.91465162194294,754.6763119621692,63364.09375,3.55,3.575,0.8500000000000001,0.2377622377622378,63956.015625,591.921875,3.55,0.0,3.575,0.0,0.8500000000000001,0.0,0.2377622377622378,0.0
937,2608,1589,1268-1678,398.72593259260094,164.7983380421514,0.9996594008404156,622.4890803514332,263.2578125,1138.5297982461734,148653.796875,3.55,3.775,0.4500000000000002,0.11920529801324509,147846.984375,806.8125,3.55,0.0,3.775,0.0,0.4500000000000002,0.0,0.11920529801324509,0.0
938,7985,1757,1679-2092,473.740848972539,197.69385282791802,0.9996104638980527,535.5235487088975,255.5762886379076,1329.8241017921105,167675.328125,3.55,3.775,0.4500000000000002,0.11920529801324509,165694.890625,1980.4375,3.55,0.0,3.775,0.0,0.4500000000000002,0.0,0.11920529801324509,0.0
939,2276,534,428-848,257.9306224438851,111.72036187724238,0.9983094864033029,231.20479229800054,94.5302442467731,627.3028412853247,39171.87890625,3.55,3.575,0.8500000000000001,0.2377622377622378,40188.11328125,1016.234375,3.55,0.0,3.575,0.0,0.8500000000000001,0.0,0.2377622377622378,0.0
940,3134,2212,2093-2500,826.3920588758459,230.04028709106444,0.9991317035475901,1417.544644231641,412.3642578125,2391.709278782471,200273.28125,3.55,3.775,0.4500000000000002,0.11920529801324509,202450.359375,2177.078125,3.55,0.0,3.775,0.0,0.4500000000000002,0.0,0.11920529801324509,0.0
941,6399,1397,1268-1678,772.5369035571724,263.56119193645975,0.9983991231488609,1117.7340297837902,348.4653638756794,2325.7123220209937,133164.484375,3.55,3.775,0.4500000000000002,0.11920529801324509,128284.6796875,4879.8046875,3.55,0.0,3.775,0.0,0.4500000000000002,0.0,0.11920529801324509,0.0
942,8386,2347,2093-2500,370.47159680934345,121.01084072477921,0.999841556617861,309.1084585530889,124.7859417459239,964.9924477406539,209914.203125,3.55,3.775,0.4500000000000002,0.11920529801324509,211041.296875,1127.09375,3.55,0.0,3.775,0.0,0.4500000000000002,0.0,0.11920529801324509,0.0
943,2964,2001,1679-2092,449.9276543820855,171.04924758645762,0.9997118598408276,419.0006214074386,161.42488960597825,1138.005178986,187376.796875,3.55,3.775,0.4500000000000002,0.11920529801324509,185601.59375,1775.203125,3.55,0.0,3.775,0.0,0.4500000000000002,0.0,0.11920529801324509,0.0
944,2762,698,428-848,437.4226203009414,170.64555559997558,0.9976738817016304,156.33989648560768,96.52965247112772,1225.361142509329,56422.98046875,3.55,3.575,0.8500000000000001,0.2377622377622378,56156.51953125,266.4609375,3.55,0.0,3.575,0.0,0.8500000000000001,0.0,0.2377622377622378,0.0
945,9459,198,160-279,235.13247915259083,95.78291254739347,0.987942839629871,301.6088560524175,111.4429931640625,627.03745899741,13298.13671875,4.0,3.825,1.35,0.35294117647058826,12015.982421875,1282.154296875,3.55,0.4500000000000002,3.825,0.0,1.35,0.0,0.35294117647058826,0.0
946,2457,1245,849-1267,445.4760598224464,180.0094554061226,0.9993029311696864,428.9569148999112,182.77670155400816,1275.0351510161481,111099.3125,3.55,3.775,0.4500000000000002,0.11920529801324509,112533.3984375,1434.0859375,3.55,0.0,3.775,0.0,0.4500000000000002,0.0,0.11920529801324509,0.0
947,1068,2483,2093-2500,157.113876828761,70.44011880519702,0.999973425282893,256.9949711787207,111.51499872622283,422.7567833382506,217688.4375,3.55,3.775,0.4500000000000002,0.11920529801324509,218269.765625,581.328125,3.55,0.0,3.775,0.0,0.4500000000000002,0.0,0.11920529801324509,0.0
948,2671,1162,849-1267,755.093625142991,246.13982717922045,0.9978531363668726,1095.3417202714782,328.52810270889944,2294.282231688725,109286.828125,3.55,3.775,0.4500000000000002,0.11920529801324509,104156.3515625,5130.4765625,3.55,0.0,3.775,0.0,0.4500000000000002,0.0,0.11920529801324509,0.0
949,9495,450,428-848,237.382822061379,104.39243996900476,0.9980868766766449,240.27817170562568,99.22687298318614,625.3469664859809,34182.1953125,3.55,3.825,1.35,0.35294117647058826,34020.95703125,161.23828125,4.0,0.4500000000000002,3.825,0.0,1.35,0.0,0.35294117647058826,0.0
950,417,1919,1679-2092,889.2806840429113,302.4258985115383,0.9987906315211086,932.22621393915,363.2122218919837,2527.2751272828596,178130.5625,3.55,3.775,0.4500000000000002,0.11920529801324509,180961.71875,2831.15625,3.55,0.0,3.775,0.0,0.4500000000000002,0.0,0.11920529801324509,0.0
951,1902,1274,1268-1678,504.6415551846057,201.82851427585769,0.9991541560646514,416.7469794764599,181.58248237941575,1398.5099726044532,114759.046875,3.55,3.775,0.4500000000000002,0.11920529801324509,116469.3515625,1710.3046875,3.55,0.0,3.775,0.0,0.4500000000000002,0.0,0.11920529801324509,0.0
952,8837,338,280-427,309.0188099327043,135.93385934708635,0.9938148662658528,371.1198246202389,140.80223282523778,842.3123070797142,24551.560546875,3.55,3.825,1.35,0.35294117647058826,23256.32421875,1295.236328125,4.0,0.4500000000000002,3.825,0.0,1.35,0.0,0.35294117647058826,0.0
953,4013,1256,849-1267,434.710179934377,178.2720497261379,0.9993847580457064,315.23333646690156,153.60102645210597,1230.2503589092216,115489.859375,3.55,3.775,0.4500000000000002,0.11920529801324509,114365.140625,1124.71875,3.55,0.0,3.775,0.0,0.4500000000000002,0.0,0.11920529801324509,0.0
954,2207,1803,1679-2092,429.29309411476197,180.7709939890986,0.999685529091379,575.0306316566426,246.1401897927989,1216.1513244694781,167008.046875,3.55,3.775,0.4500000000000002,0.11920529801324509,168889.0625,1881.015625,3.55,0.0,3.775,0.0,0.4500000000000002,0.0,0.11920529801324509,0.0
955,3910,1248,849-1267,786.5279378823825,263.5552192207668,0.9978148660814778,1218.8880359629454,396.90328316066575,2363.9629213840067,107153.953125,3.55,3.775,0.4500000000000002,0.11920529801324509,112775.6484375,5621.6953125,3.55,0.0,3.775,0.0,0.4500000000000002,0.0,0.11920529801324509,0.0
956,9754,1469,1268-1678,520.4345714967042,200.084275131889,0.9993320315165282,623.9022267848749,237.10434358016303,1520.8658190410233,134444.265625,3.55,3.775,0.4500000000000002,0.11920529801324509,135955.953125,1511.6875,3.55,0.0,3.775,0.0,0.4500000000000002,0.0,0.11920529801324509,0.0
957,7456,1257,849-1267,636.532958635337,220.5941003417969,0.9985981687189797,924.7546397039469,263.9733302904212,1913.67551145975,110197.0234375,3.55,3.775,0.4500000000000002,0.11920529801324509,114588.4296875,4391.40625,3.55,0.0,3.775,0.0,0.4500000000000002,0.0,0.11920529801324509,0.0
958,6982,1104,849-1267,613.1497013122413,227.84357081511124,0.998300274725436,800.7378440173583,287.58217985733694,1813.3212006258552,94783.578125,3.55,3.775,0.4500000000000002,0.11920529801324509,98339.5,3555.921875,3.55,0.0,3.775,0.0,0.4500000000000002,0.0,0.11920529801324509,0.0
959,9441,147,101-159,113.03046862507912,53.37009215767902,0.9941898153769627,76.5155110750444,45.874627818232,240.36144878582613,8940.9169921875,3.55,3.825,1.35,0.35294117647058826,9158.65234375,217.7353515625,3.55,0.0,3.825,0.0,1.35,0.0,0.35294117647058826,0.0
960,8083,2328,2093-2500,407.90934939043734,139.32530889945653,0.9998086126444905,347.4269583169168,143.80453889266303,1033.9866526643564,208785.921875,3.55,3.775,0.4500000000000002,0.11920529801324509,209852.9375,1067.015625,3.55,0.0,3.775,0.0,0.4500000000000002,0.0,0.11920529801324509,0.0
961,1956,1096,849-1267,312.966207878873,152.6354905492368,0.9995604123286355,314.8582719075907,145.79306959069294,809.221674608928,98459.2578125,3.55,3.775,0.4500000000000002,0.11920529801324509,97241.96875,1217.2890625,3.55,0.0,3.775,0.0,0.4500000000000002,0.0,0.11920529801324509,0.0
962,7208,1268,1268-1678,361.55331842899795,169.43344826235563,0.9995709306278655,426.4997474688877,200.32994543987772,894.9503103704263,114815.1328125,3.55,3.775,0.4500000000000002,0.11920529801324509,115398.3125,583.1796875,3.55,0.0,3.775,0.0,0.4500000000000002,0.0,0.11920529801324509,0.0
963,7979,879,849-1267,508.9447729599239,218.4557385192871,0.9980447240847283,649.0113619107716,319.69499936311144,1437.7820294609326,76214.265625,3.55,3.775,0.4500000000000002,0.11920529801324509,74441.53125,1772.734375,3.55,0.0,3.775,0.0,0.4500000000000002,0.0,0.11920529801324509,0.0
964,386,437,428-848,305.803467487184,132.35429856726606,0.9964441794658332,220.54557856439152,120.22597072435462,780.4452633471857,31666.3359375,3.55,3.825,1.35,0.35294117647058826,30900.849609375,765.486328125,3.55,0.0,3.825,0.0,1.35,0.0,0.35294117647058826,0.0
965,2754,1149,849-1267,990.4643395019485,318.55638751008405,0.99627114588896,1475.244471561505,446.90572456691575,3022.1542480697403,109055.46875,3.55,3.775,0.4500000000000002,0.11920529801324509,102294.34375,6761.125,3.55,0.0,3.775,0.0,0.4500000000000002,0.0,0.11920529801324509,0.0
966,4210,1311,1268-1678,593.6682817342518,227.40160080592943,0.9989608342243285,976.427069453839,346.92790951936144,1729.64049345674,124988.6484375,3.55,3.775,0.4500000000000002,0.11920529801324509,120636.1328125,4352.515625,3.55,0.0,3.775,0.0,0.4500000000000002,0.0,0.11920529801324509,0.0
967,9848,2083,1679-2092,813.0786797684166,260.9590256869109,0.9990852030485861,1224.9913851166054,414.15793775475544,2327.515624509404,190329.5625,3.55,3.775,0.4500000000000002,0.11920529801324509,193178.234375,2848.671875,3.55,0.0,3.775,0.0,0.4500000000000002,0.0,0.11920529801324509,0.0
968,7054,706,428-848,404.3605416827177,177.96563565896076,0.9978762571632208,425.3407329300416,191.24190620754075,1084.8800684868877,55071.65625,3.55,3.575,0.8500000000000001,0.2377622377622378,56791.37890625,1719.72265625,3.55,0.0,3.575,0.0,0.8500000000000001,0.0,0.2377622377622378,0.0
969,8380,863,849-1267,505.0058718330459,214.77763552869715,0.9981501952241667,442.185684506017,205.24354088824728,1429.025051387582,74146.765625,3.55,3.775,0.4500000000000002,0.11920529801324509,73190.7421875,956.0234375,3.55,0.0,3.775,0.0,0.4500000000000002,0.0,0.11920529801324509,0.0
970,2966,315,280-427,162.02426556148524,81.9352035178143,0.997876381696309,160.0669460475902,97.21742845618206,355.6105926987858,21944.4140625,3.55,3.825,1.35,0.35294117647058826,22186.9375,242.5234375,3.55,0.0,3.825,0.0,1.35,0.0,0.35294117647058826,0.0
971,2534,264,160-279,189.76682412904512,92.31120494174128,0.9949678962305271,144.82570177836598,74.65865425441577,397.10649281541066,17164.328125,3.55,3.825,1.35,0.35294117647058826,16810.998046875,353.330078125,3.55,0.0,3.825,0.0,1.35,0.0,0.35294117647058826,0.0
972,3044,987,849-1267,596.3316765538744,236.42935250748343,0.9979572564623669,736.8897136703886,319.2496762483016,1685.7673621422464,88406.6328125,3.55,3.775,0.4500000000000002,0.11920529801324509,86117.328125,2289.3046875,3.55,0.0,3.775,0.0,0.4500000000000002,0.0,0.11920529801324509,0.0
973,1753,1301,1268-1678,455.19773466479415,206.02660035347316,0.9993623176455041,359.4986565118889,183.00373641304347,1139.477672646856,119762.6875,3.55,3.775,0.4500000000000002,0.11920529801324509,118830.90625,931.78125,3.55,0.0,3.775,0.0,0.4500000000000002,0.0,0.11920529801324509,0.0
974,7789,1151,849-1267,398.86106494792955,159.90371713548743,0.9993638181713596,448.8956961000599,160.69312584918478,1101.3199435725846,104367.359375,3.55,3.775,0.4500000000000002,0.11920529801324509,102358.703125,2008.65625,3.55,0.0,3.775,0.0,0.4500000000000002,0.0,0.11920529801324509,0.0
975,6640,153,101-159,119.6480292211061,56.95340447242571,0.9947619190946966,87.44086422961462,45.55821095342221,263.4922443726396,9590.41796875,4.0,3.825,1.35,0.35294117647058826,9586.302734375,4.115234375,3.55,0.4500000000000002,3.825,0.0,1.35,0.0,0.35294117647058826,0.0
976,7915,1063,849-1267,435.6953676504854,190.28433707885742,0.9990675516507295,458.8530064409825,183.0883099099864,1174.9017097852222,91356.046875,3.55,3.775,0.4500000000000002,0.11920529801324509,93003.296875,1647.25,3.55,0.0,3.775,0.0,0.4500000000000002,0.0,0.11920529801324509,0.0
977,6918,2150,2093-2500,1091.1909906919752,278.5082936251267,0.9985003395649172,1499.4190738003292,465.4623280400815,3086.8244202822384,195660.578125,3.55,3.775,0.4500000000000002,0.11920529801324509,197795.40625,2134.828125,3.55,0.0,3.775,0.0,0.4500000000000002,0.0,0.11920529801324509,0.0
978,7425,1330,1268-1678,523.2703798842194,216.35726680894933,0.9991673884287283,562.1310648237011,251.7347359035326,1496.3326977943138,120674.890625,3.55,3.775,0.4500000000000002,0.11920529801324509,122149.9375,1475.046875,3.55,0.0,3.775,0.0,0.4500000000000002,0.0,0.11920529801324509,0.0
979,7969,486,428-848,244.7494838445463,112.56568103876529,0.9981368303872311,120.15255097645199,61.86855150305706,573.6785254897377,35836.94140625,3.55,3.575,0.8500000000000001,0.2377622377622378,35504.7421875,332.19921875,3.55,0.0,3.575,0.0,0.8500000000000001,0.0,0.2377622377622378,0.0
980,9392,2419,2093-2500,219.9801813551484,89.45586974460768,0.9999460426559291,246.46311301167958,101.16711956521739,584.8286650325955,213930.21875,3.55,3.775,0.4500000000000002,0.11920529801324509,214651.734375,721.515625,3.55,0.0,3.775,0.0,0.4500000000000002,0.0,0.11920529801324509,0.0
981,2863,249,160-279,161.6023096050557,74.3900377708435,0.9961852886524104,101.09613641912792,55.36528479534647,323.06322800104886,15968.2890625,3.55,3.825,1.35,0.35294117647058826,16377.66796875,409.37890625,3.55,0.0,3.825,0.0,1.35,0.0,0.35294117647058826,0.0
982,5805,1730,1679-2092,456.93963464850435,188.48291776786473,0.9996206522010858,454.6258619201395,201.7130710767663,1168.4633110235895,163472.84375,3.55,3.775,0.4500000000000002,0.11920529801324509,161982.265625,1490.578125,3.55,0.0,3.775,0.0,0.4500000000000002,0.0,0.11920529801324509,0.0
983,85,1714,1679-2092,611.6992279705713,232.96422634648863,0.9993241304617385,678.8241384580916,279.1948666779891,1784.0585104553545,162505.75,3.55,3.775,0.4500000000000002,0.11920529801324509,160313.265625,2192.484375,3.55,0.0,3.775,0.0,0.4500000000000002,0.0,0.11920529801324509,0.0
984,7338,1712,1679-2092,513.0121794006773,184.94361523596723,0.9995182791521715,323.5679501938014,153.92549465013587,1308.9823019445541,161370.546875,3.55,3.775,0.4500000000000002,0.11920529801324509,160347.328125,1023.21875,3.55,0.0,3.775,0.0,0.4500000000000002,0.0,0.11920529801324509,0.0
985,159,2049,1679-2092,671.6551069630231,207.24905261469303,0.999376853395147,817.2687421694541,245.24265455163044,1951.6242457377623,190441.4375,3.55,3.775,0.4500000000000002,0.11920529801324509,189885.6875,555.75,3.55,0.0,3.775,0.0,0.4500000000000002,0.0,0.11920529801324509,0.0
986,9080,1883,1679-2092,615.5245110865773,183.8670318332838,0.999404812143841,576.1279165328244,193.7158733865489,1794.3542956293848,176612.515625,3.55,3.775,0.4500000000000002,0.11920529801324509,176170.515625,442.0,3.55,0.0,3.775,0.0,0.4500000000000002,0.0,0.11920529801324509,0.0
987,7073,1105,849-1267,578.7327972553035,217.67178996104366,0.9985203375342069,762.2405471609407,259.4920070482337,1694.046999902156,96292.9765625,3.55,3.775,0.4500000000000002,0.11920529801324509,97853.1875,1560.2109375,3.55,0.0,3.775,0.0,0.4500000000000002,0.0,0.11920529801324509,0.0
988,3122,873,849-1267,371.1577951754239,168.5558261193317,0.9989834872477079,380.111141231794,168.48054305366847,911.3140177039012,75741.796875,3.55,3.775,0.4500000000000002,0.11920529801324509,74365.3671875,1376.4296875,3.55,0.0,3.775,0.0,0.4500000000000002,0.0,0.11920529801324509,0.0
989,6139,304,280-427,245.89810163191282,110.09753318192855,0.9947237248359965,271.9067197963934,111.18448804772419,599.5937664124922,21124.240234375,3.55,3.825,1.35,0.35294117647058826,20150.85546875,973.384765625,3.55,0.0,3.825,0.0,1.35,0.0,0.35294117647058826,0.0
990,989,71,0-100,100.63279262361603,52.44608143305157,0.9798322490336603,77.76113126737397,36.37638490096383,210.22951453384766,4167.611328125,3.55,3.825,1.35,0.35294117647058826,4488.52880859375,320.91748046875,3.55,0.0,3.825,0.0,1.35,0.0,0.35294117647058826,0.0
991,6528,2328,2093-2500,505.17583767828694,167.56695904806386,0.9997046811996688,296.6336507018811,155.4019722316576,1342.6243362713994,209920.625,3.55,3.775,0.4500000000000002,0.11920529801324509,210617.375,696.75,3.55,0.0,3.775,0.0,0.4500000000000002,0.0,0.11920529801324509,0.0
992,5418,2184,2093-2500,683.8211572910828,210.01714041031548,0.9994064532563751,899.8793940545174,331.55023989470106,1931.981577760934,198469.421875,3.55,3.775,0.4500000000000002,0.11920529801324509,201564.734375,3095.3125,3.55,0.0,3.775,0.0,0.4500000000000002,0.0,0.11920529801324509,0.0
993,5692,80,0-100,107.17696478372396,54.094804454944445,0.9806588706958514,55.80891264377111,38.89757040272588,201.21065359529686,5018.3408203125,3.55,3.825,1.35,0.35294117647058826,5094.05419921875,75.71337890625,3.55,0.0,3.825,0.0,1.35,0.0,0.35294117647058826,0.0
994,1897,621,428-848,509.80326212880686,187.4609455144136,0.9961667873483054,691.1184120586533,260.70905337126356,1485.214962619575,51149.453125,3.55,3.575,0.8500000000000001,0.2377622377622378,48911.94921875,2237.50390625,3.55,0.0,3.575,0.0,0.8500000000000001,0.0,0.2377622377622378,0.0
995,801,1158,849-1267,491.48030324002514,196.38559157874067,0.9990275195695764,411.4079225579831,174.4962211277174,1281.9556489129538,105419.3828125,3.55,3.775,0.4500000000000002,0.11920529801324509,103923.578125,1495.8046875,3.55,0.0,3.775,0.0,0.4500000000000002,0.0,0.11920529801324509,0.0
996,620,1966,1679-2092,1288.748854158351,321.36074067437545,0.997487995961078,1796.479119010491,439.3552352241848,3748.0776746873785,183190.09375,3.55,3.775,0.4500000000000002,0.11920529801324509,183164.3125,25.78125,3.55,0.0,3.775,0.0,0.4500000000000002,0.0,0.11920529801324509,0.0
997,901,1535,1268-1678,514.5267813810485,221.5442033293351,0.9994181578781843,500.48172340698187,230.1434379245924,1458.8987678490948,144276.828125,3.55,3.775,0.4500000000000002,0.11920529801324509,142836.265625,1440.5625,3.55,0.0,3.775,0.0,0.4500000000000002,0.0,0.11920529801324509,0.0
998,5348,917,849-1267,488.2539519566205,201.07231065156355,0.9983890046897906,539.4448978672298,233.94987686820653,1325.637041932365,77513.4765625,3.55,3.775,0.4500000000000002,0.11920529801324509,79010.8984375,1497.421875,3.55,0.0,3.775,0.0,0.4500000000000002,0.0,0.11920529801324509,0.0
999,8986,1256,849-1267,397.8825339594378,178.72063996953548,0.9994837846479665,444.81742192843825,219.83579420006794,1063.7680875843505,114019.1171875,3.55,3.775,0.4500000000000002,0.11920529801324509,114819.296875,800.1796875,3.55,0.0,3.775,0.0,0.4500000000000002,0.0,0.11920529801324509,0.0
1000,749,811,428-848,642.5842858392707,214.0124360756252,0.9965783355991872,845.0276359158858,251.00377356487772,1921.9017108699989,71126.3125,3.55,3.775,0.4500000000000002,0.11920529801324509,67123.8828125,4002.4296875,3.55,0.0,3.575,0.19999999999999973,0.8500000000000001,0.3999999999999999,0.2377622377622378,0.1185569397489927
1001,9432,1946,1679-2092,527.2013140606342,184.32389928509255,0.9995855772751715,414.03897861605884,189.7308508831522,1378.5638905621277,179816.046875,3.55,3.775,0.4500000000000002,0.11920529801324509,180863.359375,1047.3125,3.55,0.0,3.775,0.0,0.4500000000000002,0.0,0.11920529801324509,0.0
1002,8092,2284,2093-2500,424.3732963151619,147.22317545139478,0.9997844991431141,722.0642141559317,250.47163722826087,1155.2090749690637,205523.28125,3.55,3.775,0.4500000000000002,0.11920529801324509,207529.234375,2005.953125,3.55,0.0,3.775,0.0,0.4500000000000002,0.0,0.11920529801324509,0.0
1003,4154,237,160-279,215.78990574305334,92.92052777985282,0.9922685982405729,215.53285889592473,85.98444797681725,487.84949109377266,16035.4248046875,3.55,3.825,1.35,0.35294117647058826,15613.1884765625,422.236328125,3.55,0.0,3.825,0.0,1.35,0.0,0.35294117647058826,0.0
1004,6096,1190,849-1267,467.78528340125524,183.8293884774913,0.9991680556788402,371.98521180163453,193.62779700237772,1296.7560003973651,107779.46875,3.55,3.775,0.4500000000000002,0.11920529801324509,106877.421875,902.046875,3.55,0.0,3.775,0.0,0.4500000000000002,0.0,0.11920529801324509,0.0
1005,1556,2162,2093-2500,727.8102752158926,204.08981986548383,0.9993282770160309,263.4583372290576,120.13880986752717,2063.6257919382997,197985.578125,3.55,3.775,0.4500000000000002,0.11920529801324509,198544.71875,559.140625,3.55,0.0,3.775,0.0,0.4500000000000002,0.0,0.11920529801324509,0.0
1006,4251,1427,1268-1678,424.30882525697297,192.5869227072011,0.99953526865486,330.1761154372514,130.61447010869566,1166.931805366254,131331.625,3.55,3.775,0.4500000000000002,0.11920529801324509,131384.21875,52.59375,3.55,0.0,3.775,0.0,0.4500000000000002,0.0,0.11920529801324509,0.0
1007,5086,875,849-1267,542.5292465538105,219.37033420861286,0.9978202359428111,662.1174405676736,279.7305271314538,1564.2687752283566,73039.1015625,3.55,3.775,0.4500000000000002,0.11920529801324509,74979.40625,1940.3046875,3.55,0.0,3.775,0.0,0.4500000000000002,0.0,0.11920529801324509,0.0
1008,4367,1510,1268-1678,334.1475942090415,151.10463150528616,0.9997409935307832,433.93593129255186,171.9144977072011,841.3700468037506,141034.0,3.55,3.775,0.4500000000000002,0.11920529801324509,141787.9375,753.9375,3.55,0.0,3.775,0.0,0.4500000000000002,0.0,0.11920529801324509,0.0
1009,3961,227,160-279,169.13412570306906,75.26177868944251,0.9947320091950915,80.83542644430915,46.78248131793478,372.16797685799247,14579.23046875,4.0,3.825,1.35,0.35294117647058826,14829.787109375,250.556640625,3.55,0.4500000000000002,3.825,0.0,1.35,0.0,0.35294117647058826,0.0
1010,6831,1112,849-1267,451.60628139262064,180.80831318677818,0.9991282529344825,390.55144850887217,157.9116741677989,1262.3840763900607,100487.8828125,3.55,3.775,0.4500000000000002,0.11920529801324509,99525.9609375,961.921875,3.55,0.0,3.775,0.0,0.4500000000000002,0.0,0.11920529801324509,0.0
1011,1042,2382,2093-2500,215.1242826940187,90.57376344047215,0.9999482263538859,163.69096938103178,74.23819633152173,535.6518873308848,212962.546875,3.55,3.775,0.4500000000000002,0.11920529801324509,213213.59375,251.046875,3.55,0.0,3.775,0.0,0.4500000000000002,0.0,0.11920529801324509,0.0
1012,7069,1442,1268-1678,510.09816467412026,201.30504711993675,0.999336879792293,645.1853872659566,244.81210725203803,1288.0314712450509,135615.9375,3.55,3.775,0.4500000000000002,0.11920529801324509,133806.34375,1809.59375,3.55,0.0,3.775,0.0,0.4500000000000002,0.0,0.11920529801324509,0.0
1013,183,107,101-159,131.283885867773,62.13219341824988,0.9859084666840138,88.79679251952797,39.100495048191235,322.79494766167187,7214.578125,3.55,3.825,1.35,0.35294117647058826,6831.1591796875,383.4189453125,3.55,0.0,3.825,0.0,1.35,0.0,0.35294117647058826,0.0
1014,2700,1342,1268-1678,499.0372616677065,188.83726814031186,0.999285743563612,858.9646320148669,297.6325789741848,1448.5948410057451,124965.5,3.55,3.775,0.4500000000000002,0.11920529801324509,122948.46875,2017.03125,3.55,0.0,3.775,0.0,0.4500000000000002,0.0,0.11920529801324509,0.0
1015,478,1634,1268-1678,397.29021250450415,169.78059988164486,0.9996887318722869,363.0266266112872,183.94460130774456,1092.9625690878888,153513.3125,3.55,3.775,0.4500000000000002,0.11920529801324509,153092.359375,420.953125,3.55,0.0,3.775,0.0,0.4500000000000002,0.0,0.11920529801324509,0.0
1016,1448,989,849-1267,617.5901112113413,232.65301233255138,0.9979731282803115,941.4086995355404,327.42990510360056,1801.7011697888463,90661.8203125,3.55,3.775,0.4500000000000002,0.11920529801324509,86395.4765625,4266.34375,3.55,0.0,3.775,0.0,0.4500000000000002,0.0,0.11920529801324509,0.0
1017,8906,315,280-427,218.85090323250725,99.46778245461505,0.9960406148414243,146.9778583653537,60.37919284986413,529.8171546878494,21372.890625,3.55,3.825,1.35,0.35294117647058826,21028.869140625,344.021484375,3.55,0.0,3.825,0.0,1.35,0.0,0.35294117647058826,0.0
1018,8769,2303,2093-2500,858.0253465212481,221.1222243535581,0.99915084773707,845.3983986024998,277.9365658967391,2381.2793773533494,207671.359375,3.55,3.775,0.4500000000000002,0.11920529801324509,208838.65625,1167.296875,3.55,0.0,3.775,0.0,0.4500000000000002,0.0,0.11920529801324509,0.0
1019,9971,1124,849-1267,378.540005420785,161.51096117155654,0.9994014486095508,347.34765539746815,141.647216796875,1019.5003655350306,101141.1484375,3.55,3.775,0.4500000000000002,0.11920529801324509,101054.8984375,86.25,3.55,0.0,3.775,0.0,0.4500000000000002,0.0,0.11920529801324509,0.0
1020,8316,1306,1268-1678,509.42739841328336,204.7465295732581,0.9991844185940492,769.8505222776187,293.3769106657609,1485.3145171800063,117014.5234375,3.55,3.775,0.4500000000000002,0.11920529801324509,119637.0078125,2622.484375,3.55,0.0,3.775,0.0,0.4500000000000002,0.0,0.11920529801324509,0.0
1021,7440,1467,1268-1678,566.6925227585466,216.07089787703805,0.9991866740805064,794.6855290776656,322.3886400305706,1662.0648019854862,132088.1875,3.55,3.775,0.4500000000000002,0.11920529801324509,135093.0625,3004.875,3.55,0.0,3.775,0.0,0.4500000000000002,0.0,0.11920529801324509,0.0
1022,8567,2349,2093-2500,227.2408248212162,97.09895654296875,0.9999407964092067,81.58077865701387,47.22704016644022,573.0155677901291,210697.640625,3.55,3.775,0.4500000000000002,0.11920529801324509,210375.1875,322.453125,3.55,0.0,3.775,0.0,0.4500000000000002,0.0,0.11920529801324509,0.0
1023,2046,581,428-848,407.18432982031067,173.09182871558147,0.9964257481211553,484.81288297987925,180.3740818189538,1088.1797375009842,43095.5859375,4.0,3.575,0.8500000000000001,0.2377622377622378,44071.0546875,975.46875,3.55,0.4500000000000002,3.575,0.0,0.8500000000000001,0.0,0.2377622377622378,0.0
1024,8674,287,280-427,259.3371833389266,108.50847893504267,0.9937357123237301,303.4057419194783,126.01037863026495,685.3473283147008,20618.529296875,4.0,3.825,1.35,0.35294117647058826,19286.109375,1332.419921875,4.0,0.0,3.825,0.0,1.35,0.0,0.35294117647058826,0.0
1025,7150,2105,2093-2500,1802.1128352482965,466.8759663383152,0.9955031329548211,2323.0073526457786,627.5098505434783,4905.865570138281,192756.4375,3.55,3.775,0.4500000000000002,0.11920529801324509,195062.921875,2306.484375,3.55,0.0,3.775,0.0,0.4500000000000002,0.0,0.11920529801324509,0.0
1026,4804,2374,2093-2500,289.3928830980506,116.63084632302989,0.9999052626977616,273.9962000797595,117.25830078125,790.7469821659854,211502.453125,3.55,3.775,0.4500000000000002,0.11920529801324509,212441.546875,939.09375,3.55,0.0,3.775,0.0,0.4500000000000002,0.0,0.11920529801324509,0.0
1027,1233,1523,1268-1678,673.5895351791239,253.68924109629756,0.9989813120244023,1102.7779751643195,430.88251528532606,2003.4878403050593,138469.703125,3.55,3.775,0.4500000000000002,0.11920529801324509,141330.0,2860.296875,3.55,0.0,3.775,0.0,0.4500000000000002,0.0,0.11920529801324509,0.0
1028,576,1147,849-1267,984.9427874344333,333.70195446140457,0.9958330817489214,1418.2734476986839,438.62489915930706,2966.3308202842068,96963.8828125,3.55,3.775,0.4500000000000002,0.11920529801324509,103520.53125,6556.6484375,3.55,0.0,3.775,0.0,0.4500000000000002,0.0,0.11920529801324509,0.0
1029,746,421,280-427,266.1267290994695,114.18084499254641,0.9970928646540854,205.4846233276413,90.93417225713316,668.1001223306617,30338.962890625,3.55,3.825,1.35,0.35294117647058826,30187.078125,151.884765625,4.0,0.4500000000000002,3.825,0.0,1.35,0.0,0.35294117647058826,0.0
1030,4999,371,280-427,232.09417582803974,104.77126836305806,0.9968678194915813,165.12725902525528,74.08207636294158,541.1140917575738,26111.142578125,4.0,3.825,1.35,0.35294117647058826,25634.658203125,476.484375,3.55,0.4500000000000002,3.825,0.0,1.35,0.0,0.35294117647058826,0.0
1031,597,2178,2093-2500,1011.5945110809563,292.94525708857,0.9986804561053624,1180.3334759567617,318.8820163892663,2644.5197182594866,199994.3125,3.55,3.775,0.4500000000000002,0.11920529801324509,199581.6875,412.625,3.55,0.0,3.775,0.0,0.4500000000000002,0.0,0.11920529801324509,0.0
1032,1576,1360,1268-1678,405.38161943831346,186.89646430027173,0.9995295490999773,298.73416194459634,132.11061693274456,1107.212063651851,123314.578125,3.55,3.775,0.4500000000000002,0.11920529801324509,124613.6796875,1299.1015625,3.55,0.0,3.775,0.0,0.4500000000000002,0.0,0.11920529801324509,0.0
1033,9977,1412,1268-1678,683.8338979499895,228.40476918202276,0.9988224579039606,1033.0994763064848,277.09879203464675,2073.4545082145823,135783.6875,3.55,3.775,0.4500000000000002,0.11920529801324509,130854.390625,4929.296875,3.55,0.0,3.775,0.0,0.4500000000000002,0.0,0.11920529801324509,0.0
1034,4928,1328,1268-1678,550.1108408829186,223.9712861131751,0.9990697128839682,568.4768934066607,188.28146229619566,1574.321537772228,120620.5625,3.55,3.775,0.4500000000000002,0.11920529801324509,120764.8125,144.25,3.55,0.0,3.775,0.0,0.4500000000000002,0.0,0.11920529801324509,0.0
1035,6902,701,428-848,273.7497031072719,132.5281120690387,0.9990344780057068,302.20247268192054,146.04335619055706,679.1272181456802,56333.89453125,3.55,3.575,0.8500000000000001,0.2377622377622378,56561.69921875,227.8046875,3.55,0.0,3.575,0.0,0.8500000000000001,0.0,0.2377622377622378,0.0
1036,7342,46,0-100,98.04222752029018,48.16235639582147,0.95497144040309,38.72861954654367,21.017262666121773,219.85455345826014,3040.93994140625,3.55,3.825,1.35,0.35294117647058826,3190.429931640625,149.489990234375,3.55,0.0,3.825,0.0,1.35,0.0,0.35294117647058826,0.0
1037,2153,177,160-279,151.69003750147314,71.22999284308061,0.9935626211835119,134.3072070235984,58.64476477581522,368.30261452268286,11778.20703125,3.55,3.825,1.35,0.35294117647058826,11198.5234375,579.68359375,3.55,0.0,3.825,0.0,1.35,0.0,0.35294117647058826,0.0
1038,8836,1763,1679-2092,609.9063304566145,204.22109179262907,0.999339141373369,890.2684771143483,290.50405485733694,1798.0634378709738,164464.921875,3.55,3.775,0.4500000000000002,0.11920529801324509,165165.0625,700.140625,3.55,0.0,3.775,0.0,0.4500000000000002,0.0,0.11920529801324509,0.0
1039,584,1859,1679-2092,1435.815123628665,385.6931858888046,0.9966244944081396,2193.4636631492003,670.9402280061141,4254.026704385051,173238.453125,3.55,3.775,0.4500000000000002,0.11920529801324509,175716.375,2477.921875,3.55,0.0,3.775,0.0,0.4500000000000002,0.0,0.11920529801324509,0.0
1040,8842,2228,2093-2500,378.69347974307664,135.31103020682957,0.9998234778613603,699.2726529970363,236.1508152173913,1084.4264968893983,202450.234375,3.55,3.775,0.4500000000000002,0.11920529801324509,203805.203125,1354.96875,3.55,0.0,3.775,0.0,0.4500000000000002,0.0,0.11920529801324509,0.0
1041,6777,602,428-848,294.3160830986485,131.36871574302342,0.9985326472614915,164.62365864068246,98.34030549422555,759.1523094133596,46429.171875,3.55,3.575,0.8500000000000001,0.2377622377622378,46199.484375,229.6875,4.0,0.4500000000000002,3.575,0.0,0.8500000000000001,0.0,0.2377622377622378,0.0
1042,6190,883,849-1267,334.8562787871186,153.19743863200313,0.9991508022470692,483.75408411867693,200.52115000849184,894.415138336671,73757.7578125,3.55,3.775,0.4500000000000002,0.11920529801324509,74389.96875,632.2109375,3.55,0.0,3.775,0.0,0.4500000000000002,0.0,0.11920529801324509,0.0
1043,5178,95,0-100,117.53399329381466,59.17927737436709,0.983788218374302,75.58406054987344,36.42692798116933,239.0960061590328,5793.0087890625,3.55,3.825,1.35,0.35294117647058826,6036.40576171875,243.39697265625,3.55,0.0,3.825,0.0,1.35,0.0,0.35294117647058826,0.0
1044,4661,1094,849-1267,516.8793937429784,198.0143219304624,0.9987655062290057,293.0894937544243,147.80837083899456,1420.1561337846858,95883.84375,3.55,3.775,0.4500000000000002,0.11920529801324509,96507.7734375,623.9296875,3.55,0.0,3.775,0.0,0.4500000000000002,0.0,0.11920529801324509,0.0
1045,5813,1307,1268-1678,451.6636026942857,182.0807338461171,0.9993674517820685,599.920442021329,224.6763226052989,1252.1595428500123,116997.3828125,3.55,3.775,0.4500000000000002,0.11920529801324509,119602.9375,2605.5546875,3.55,0.0,3.775,0.0,0.4500000000000002,0.0,0.11920529801324509,0.0
1046,1569,310,280-427,213.1688407220123,98.30751502977454,0.9965192572812105,109.23407458625303,51.199376645295516,529.338324812302,22309.3046875,4.0,3.825,1.35,0.35294117647058826,21867.9375,441.3671875,4.0,0.0,3.825,0.0,1.35,0.0,0.35294117647058826,0.0
1047,7875,2178,2093-2500,665.2534970517312,195.0206048684825,0.9994422542952929,510.6402257918941,153.48330290421197,1863.0768974931136,199058.921875,3.55,3.775,0.4500000000000002,0.11920529801324509,198953.453125,105.46875,3.55,0.0,3.775,0.0,0.4500000000000002,0.0,0.11920529801324509,0.0
1048,3487,1124,849-1267,739.4153899177817,245.53175252977454,0.9978056227153466,1183.4519460103584,320.4482315726902,2233.942178986966,105705.0234375,3.55,3.775,0.4500000000000002,0.11920529801324509,100065.2578125,5639.765625,3.55,0.0,3.775,0.0,0.4500000000000002,0.0,0.11920529801324509,0.0
1049,9924,194,160-279,192.70510560328148,82.19090781455662,0.9912929648560034,118.61106638290848,61.99722024668818,486.7060156126494,12842.1337890625,4.0,3.825,1.35,0.35294117647058826,12431.1025390625,411.03125,4.0,0.0,3.825,0.0,1.35,0.0,0.35294117647058826,0.0
1050,3240,1727,1679-2092,534.1054028134705,189.02678501029638,0.999481123815279,160.3527584707561,101.87106190557066,1433.4492590570012,160654.953125,3.55,3.775,0.4500000000000002,0.11920529801324509,161051.25,396.296875,3.55,0.0,3.775,0.0,0.4500000000000002,0.0,0.11920529801324509,0.0
1051,3778,2055,1679-2092,1459.6944901926506,338.445214236218,0.997017561844084,1780.808166564497,502.30588697350544,4136.6262225840555,190007.796875,3.55,3.775,0.4500000000000002,0.11920529801324509,191142.15625,1134.359375,3.55,0.0,3.775,0.0,0.4500000000000002,0.0,0.11920529801324509,0.0
1052,8591,1549,1268-1678,422.0844149452957,180.7624361585534,0.9996057776013584,253.38015873660524,123.52147376019022,1143.8063589273713,142884.625,3.55,3.775,0.4500000000000002,0.11920529801324509,143842.9375,958.3125,3.55,0.0,3.775,0.0,0.4500000000000002,0.0,0.11920529801324509,0.0
1053,6856,237,160-279,221.69247188954094,94.11721313315682,0.9930237533376305,246.1256071212922,88.42953225840692,619.7950624406885,16518.306640625,3.55,3.825,1.35,0.35294117647058826,15726.8828125,791.423828125,4.0,0.4500000000000002,3.825,0.0,1.35,0.0,0.35294117647058826,0.0
1054,8973,919,849-1267,514.6144852852268,201.00088194633153,0.99817168039388,607.3150322461895,217.7528713060462,1447.079661663043,76162.3984375,3.55,3.775,0.4500000000000002,0.11920529801324509,78938.046875,2775.6484375,3.55,0.0,3.775,0.0,0.4500000000000002,0.0,0.11920529801324509,0.0
1055,9079,1610,1268-1678,504.2758811692743,194.06682629527216,0.9994621950697798,779.5628268084147,303.37871518342394,1396.7171971989217,148690.59375,3.55,3.775,0.4500000000000002,0.11920529801324509,150477.234375,1786.640625,3.55,0.0,3.775,0.0,0.4500000000000002,0.0,0.11920529801324509,0.0
1056,3330,2130,2093-2500,1300.9763549979828,323.15747150374705,0.9978665351654603,1958.3102284710908,452.15048615828806,3972.6047759877893,195854.625,3.55,3.775,0.4500000000000002,0.11920529801324509,196183.15625,328.53125,3.55,0.0,3.775,0.0,0.4500000000000002,0.0,0.11920529801324509,0.0
1057,1827,23,0-100,95.77971329999328,50.16130971590851,0.8603750939326069,41.70679491286523,26.811307492463484,226.47653242062023,1567.4119873046875,3.55,3.825,1.35,0.35294117647058826,1699.32080078125,131.9088134765625,3.55,0.0,3.825,0.0,1.35,0.0,0.35294117647058826,0.0
1058,3721,1604,1268-1678,340.0583313158542,158.24396074908714,0.9997606679620255,440.20896673428695,201.4782077955163,926.0756006250393,150725.4375,3.55,3.775,0.4500000000000002,0.11920529801324509,149451.625,1273.8125,3.55,0.0,3.775,0.0,0.4500000000000002,0.0,0.11920529801324509,0.0
1059,6556,1541,1268-1678,492.97838781673875,196.4812670136825,0.9994445554762719,660.1184743775939,231.7571862262228,1376.6701863194064,142881.984375,3.55,3.775,0.4500000000000002,0.11920529801324509,143839.15625,957.171875,3.55,0.0,3.775,0.0,0.4500000000000002,0.0,0.11920529801324509,0.0
1060,2236,942,849-1267,464.7212210601666,196.03322695803436,0.9985830421669915,651.9529819128776,271.25240425441575,1289.187186566224,78195.6328125,3.55,3.775,0.4500000000000002,0.11920529801324509,80837.8828125,2642.25,3.55,0.0,3.775,0.0,0.4500000000000002,0.0,0.11920529801324509,0.0
1061,4233,2385,2093-2500,299.59426804897083,110.07572098654042,0.9998989387894448,243.49283739995187,93.15439240828805,812.4955379542736,213331.90625,3.55,3.775,0.4500000000000002,0.11920529801324509,213130.34375,201.5625,3.55,0.0,3.775,0.0,0.4500000000000002,0.0,0.11920529801324509,0.0
1062,4712,339,280-427,199.09579334839916,92.28387887027574,0.9971854084317275,129.92045320314315,68.46602199388587,430.2672556796106,23563.2109375,4.0,3.825,1.35,0.35294117647058826,23127.234375,435.9765625,4.0,0.0,3.825,0.0,1.35,0.0,0.35294117647058826,0.0
1063,5841,2,0-100,123.43705994911888,61.15543311316063,-9.533245406766001,59.70720832142132,39.0281749698131,325.4455744251349,134.52593994140625,4.0,4.075,1.85,0.4539877300613497,249.83843994140625,115.3125,3.55,0.4500000000000002,4.075,0.0,1.85,0.0,0.4539877300613497,0.0
1064,1015,1917,1679-2092,1307.1158071305113,332.33217443927265,0.9973296946789564,1033.7005717480954,349.50737729279894,2865.2364170710853,179198.625,3.55,3.775,0.4500000000000002,0.11920529801324509,178933.21875,265.40625,3.55,0.0,3.775,0.0,0.4500000000000002,0.0,0.11920529801324509,0.0
1065,6370,272,160-279,168.41209813638076,79.297828469774,0.9966980640036804,84.6856654227703,51.46089371390965,354.0919060011873,18423.537109375,3.55,3.825,1.35,0.35294117647058826,18351.3046875,72.232421875,3.55,0.0,3.825,0.0,1.35,0.0,0.35294117647058826,0.0
1066,6409,1913,1679-2092,1309.453465706268,381.09996802076256,0.997389230310124,1418.6543106961626,490.44589631453806,3620.1603604501897,182412.6875,3.55,3.775,0.4500000000000002,0.11920529801324509,178706.140625,3706.546875,3.55,0.0,3.775,0.0,0.4500000000000002,0.0,0.11920529801324509,0.0
1067,7238,2295,2093-2500,1038.0949917138382,251.27251852815047,0.998709548433495,1552.6294968272082,412.0722231657609,2939.108773513836,207522.203125,3.55,3.775,0.4500000000000002,0.11920529801324509,208339.09375,816.890625,3.55,0.0,3.775,0.0,0.4500000000000002,0.0,0.11920529801324509,0.0
1068,4623,1367,1268-1678,369.04706811581093,168.8445397723654,0.999621966510852,239.11108133824024,109.1526409646739,972.2976758119661,125692.4765625,3.55,3.775,0.4500000000000002,0.11920529801324509,125624.15625,68.3203125,3.55,0.0,3.775,0.0,0.4500000000000002,0.0,0.11920529801324509,0.0
1069,8543,1690,1679-2092,421.763996228984,190.91721644419795,0.9996689480403711,462.119141431247,220.77090056046197,1092.6187894074492,159481.46875,3.55,3.775,0.4500000000000002,0.11920529801324509,158008.484375,1472.984375,3.55,0.0,3.775,0.0,0.4500000000000002,0.0,0.11920529801324509,0.0
1070,205,1223,849-1267,441.5027003331353,182.2513463559358,0.9993284772435903,608.5732320817699,203.54569144870925,1196.8989237689682,113755.84375,3.55,3.775,0.4500000000000002,0.11920529801324509,110932.5703125,2823.2734375,3.55,0.0,3.775,0.0,0.4500000000000002,0.0,0.11920529801324509,0.0
1071,9371,373,280-427,476.4095370042061,166.7711958658633,0.9889092702950261,658.7017645113044,201.40740966796875,1400.5617186396955,29020.46484375,3.55,3.575,0.8500000000000001,0.2377622377622378,26225.421875,2795.04296875,4.0,0.4500000000000002,3.825,0.25,1.35,0.5,0.35294117647058826,0.11517893870835047
1072,3390,1498,1268-1678,580.7042094855543,228.80492291949727,0.9992396669465021,911.6504509691364,366.1224949048913,1720.022602378967,142941.265625,3.55,3.775,0.4500000000000002,0.11920529801324509,139271.203125,3670.0625,3.55,0.0,3.775,0.0,0.4500000000000002,0.0,0.11920529801324509,0.0
1073,5690,583,428-848,373.66026155684744,155.25627115723984,0.9973290039103475,461.6679971129168,172.26224418308425,993.1475306734726,46975.5859375,3.55,3.575,0.8500000000000001,0.2377622377622378,44866.75390625,2108.83203125,3.55,0.0,3.575,0.0,0.8500000000000001,0.0,0.2377622377622378,0.0
1074,3221,573,428-848,301.80023661860815,127.86448676399563,0.9981271822245273,380.70860050837774,155.5017620584239,774.1505072229149,43811.1953125,4.0,3.575,0.8500000000000001,0.2377622377622378,43730.4453125,80.75,3.55,0.4500000000000002,3.575,0.0,0.8500000000000001,0.0,0.2377622377622378,0.0
1075,3472,1213,849-1267,370.5092210922346,159.28136775751528,0.9995030507061962,562.130369026491,206.34541652513587,986.7589301517773,107082.0,3.55,3.775,0.4500000000000002,0.11920529801324509,108518.03125,1436.03125,3.55,0.0,3.775,0.0,0.4500000000000002,0.0,0.11920529801324509,0.0
1076,3681,2351,2093-2500,789.171249570424,180.66584620308254,0.9992721283324439,661.2270887933931,205.4303562330163,1864.7064261356045,209808.015625,3.55,3.775,0.4500000000000002,0.11920529801324509,210768.78125,960.765625,3.55,0.0,3.775,0.0,0.4500000000000002,0.0,0.11920529801324509,0.0
1077,6768,900,849-1267,499.8186740563281,214.17312066066577,0.9981418050445122,707.7832992675013,288.6022843070652,1401.442165124426,72669.8671875,3.55,3.575,0.8500000000000001,0.2377622377622378,75619.9453125,2950.078125,3.55,0.0,3.775,0.19999999999999973,0.4500000000000002,0.3999999999999999,0.11920529801324509,0.1185569397489927
1078,2314,631,428-848,418.11745646586724,159.01300634871774,0.9970161510142668,278.82625494505123,125.54042384935462,1009.8874297800696,49928.73046875,3.55,3.575,0.8500000000000001,0.2377622377622378,49441.3203125,487.41015625,3.55,0.0,3.575,0.0,0.8500000000000001,0.0,0.2377622377622378,0.0
1079,6147,934,849-1267,364.389020496185,152.79061332636294,0.9991930627981309,170.75882365111198,107.1060260275136,855.4396181416395,79656.09375,3.55,3.775,0.4500000000000002,0.11920529801324509,79869.984375,213.890625,3.55,0.0,3.775,0.0,0.4500000000000002,0.0,0.11920529801324509,0.0
1080,9451,2157,2093-2500,872.7586769456552,252.90986389067277,0.9990212814326874,1009.3052510170469,310.2918860394022,2364.9156769332153,199530.015625,3.55,3.775,0.4500000000000002,0.11920529801324509,198090.5625,1439.453125,3.55,0.0,3.775,0.0,0.4500000000000002,0.0,0.11920529801324509,0.0
1081,8486,1405,1268-1678,508.85820355116056,213.13557921354874,0.9993142460288291,752.2513944183029,301.40862240998644,1451.3319438197814,126932.9296875,3.55,3.775,0.4500000000000002,0.11920529801324509,128818.3203125,1885.390625,3.55,0.0,3.775,0.0,0.4500000000000002,0.0,0.11920529801324509,0.0
1082,6038,1190,849-1267,723.7175459575512,261.59616912257985,0.9980602134413992,1062.1488492678823,332.4226392663044,2135.5120954568624,111121.078125,3.55,3.775,0.4500000000000002,0.11920529801324509,106305.9609375,4815.1171875,3.55,0.0,3.775,0.0,0.4500000000000002,0.0,0.11920529801324509,0.0
1083,5215,1195,849-1267,622.6594335714874,251.7669404786483,0.9985919651447367,831.5010016615336,325.2468686311141,1808.128602269839,109673.0703125,3.55,3.775,0.4500000000000002,0.11920529801324509,108283.390625,1389.6796875,3.55,0.0,3.775,0.0,0.4500000000000002,0.0,0.11920529801324509,0.0
1084,7075,1121,849-1267,482.7399680215042,210.2726110123344,0.9990250140871907,635.726711641915,259.5604088824728,1340.4353333205563,102694.921875,3.55,3.775,0.4500000000000002,0.11920529801324509,100019.828125,2675.09375,3.55,0.0,3.775,0.0,0.4500000000000002,0.0,0.11920529801324509,0.0
1085,9573,306,280-427,182.45999146571296,90.0026607796752,0.9972309639070477,170.90546173567577,80.49890932829484,428.30711488783953,21119.23046875,4.0,3.825,1.35,0.35294117647058826,21256.73046875,137.5,4.0,0.0,3.825,0.0,1.35,0.0,0.35294117647058826,0.0
1086,6582,373,280-427,247.85297561801332,103.2651542199508,0.9963132343838423,140.54752050182069,62.40907088569973,588.6516876452511,25257.953125,4.0,3.825,1.35,0.35294117647058826,25354.716796875,96.763671875,4.0,0.0,3.825,0.0,1.35,0.0,0.35294117647058826,0.0
1087,3494,1607,1268-1678,504.9484956979728,204.8944778904127,0.9994492828161723,659.755871004255,271.4824324898098,1416.9487884727673,147413.15625,3.55,3.775,0.4500000000000002,0.11920529801324509,149398.65625,1985.5,3.55,0.0,3.775,0.0,0.4500000000000002,0.0,0.11920529801324509,0.0
1088,2873,2452,2093-2500,158.82588336744567,70.32053487283459,0.9999724814832376,90.4641532973654,48.31874150815217,391.7123869508165,216134.5,3.55,3.775,0.4500000000000002,0.11920529801324509,216498.578125,364.078125,3.55,0.0,3.775,0.0,0.4500000000000002,0.0,0.11920529801324509,0.0
1089,7359,2383,2093-2500,597.6710174491185,165.8960152619735,0.9996010601811711,444.9554557991871,155.82987644361413,1663.06133652704,212258.15625,3.55,3.775,0.4500000000000002,0.11920529801324509,213334.703125,1076.546875,3.55,0.0,3.775,0.0,0.4500000000000002,0.0,0.11920529801324509,0.0
1090,345,1800,1679-2092,410.0252822895546,155.68314496778405,0.9997136648950335,192.11658007448426,97.66726817255434,1150.1771579160395,168407.5625,3.55,3.775,0.4500000000000002,0.11920529801324509,168427.34375,19.78125,3.55,0.0,3.775,0.0,0.4500000000000002,0.0,0.11920529801324509,0.0
1091,1950,65,0-100,107.33651232150945,53.87702890906956,0.970383091567349,86.55834190480577,51.23560897163723,219.9085572911989,3902.970947265625,4.0,3.825,1.35,0.35294117647058826,3951.12255859375,48.151611328125,3.55,0.4500000000000002,3.825,0.0,1.35,0.0,0.35294117647058826,0.0
1092,4883,2251,2093-2500,459.74700578729073,139.0998493286133,0.9997436388422397,477.6031644696521,152.54970915421197,909.7443597302796,204381.6875,3.55,3.775,0.4500000000000002,0.11920529801324509,204933.015625,551.328125,3.55,0.0,3.775,0.0,0.4500000000000002,0.0,0.11920529801324509,0.0
1093,145,1010,849-1267,535.2491737853668,206.72267313816238,0.9985065398843502,575.310561312847,216.66981041949728,1518.1701478946152,87763.703125,3.55,3.775,0.4500000000000002,0.11920529801324509,87593.28125,170.421875,3.55,0.0,3.775,0.0,0.4500000000000002,0.0,0.11920529801324509,0.0
1094,6395,2222,2093-2500,9034.495317073675,1558.5940910440527,0.8905691425567542,16835.71785382378,3588.2422193444295,16418.071929598118,203521.5625,3.55,3.55,0.0,0.0,202647.15625,874.40625,3.55,0.0,3.775,0.2250000000000001,0.4500000000000002,0.4500000000000002,0.11920529801324509,0.11920529801324509
1095,562,326,280-427,251.63966445113118,109.46442913698942,0.9948940856176537,364.1707551101162,139.3762843919837,672.7345719061175,23563.4921875,4.0,3.825,1.35,0.35294117647058826,22179.373046875,1384.119140625,3.55,0.4500000000000002,3.825,0.0,1.35,0.0,0.35294117647058826,0.0
1096,1114,118,101-159,115.58603985544283,60.390311884987874,0.990148508365191,75.227868774548,37.57381007982337,232.2825867505598,6878.25732421875,3.55,3.825,1.35,0.35294117647058826,7031.740234375,153.48291015625,3.55,0.0,3.825,0.0,1.35,0.0,0.35294117647058826,0.0
1097,5561,2114,2093-2500,579.397227037311,182.59716105167556,0.9995581008474941,410.0712526370635,170.57837975543478,1649.4355881129022,193702.9375,3.55,3.775,0.4500000000000002,0.11920529801324509,193791.359375,88.421875,3.55,0.0,3.775,0.0,0.4500000000000002,0.0,0.11920529801324509,0.0
1098,5889,2314,2093-2500,1856.3622964302792,411.9923146930197,0.9957622939880636,3006.9401497048866,735.79833984375,5068.153093470989,206975.859375,3.55,3.775,0.4500000000000002,0.11920529801324509,208853.8125,1877.953125,3.55,0.0,3.775,0.0,0.4500000000000002,0.0,0.11920529801324509,0.0
1099,2632,2068,1679-2092,1026.1742964272655,288.555782915729,0.9985368672939772,362.33189756923184,149.8497367527174,2443.576823740058,189599.359375,3.55,3.775,0.4500000000000002,0.11920529801324509,191104.3125,1504.953125,3.55,0.0,3.775,0.0,0.4500000000000002,0.0,0.11920529801324509,0.0
1100,2452,765,428-848,860.7906701754416,293.9021393559995,0.9927451882531009,1265.2039286499205,423.46805472995925,2587.712898925932,68587.4921875,3.55,3.775,0.4500000000000002,0.11920529801324509,63120.83984375,5466.65234375,3.55,0.0,3.575,0.19999999999999973,0.8500000000000001,0.3999999999999999,0.2377622377622378,0.1185569397489927
1101,4347,372,280-427,198.36213251767566,98.85409105669105,0.9978521704235754,168.41926844882445,99.63739544412364,450.68927473179,27216.205078125,3.55,3.575,0.8500000000000001,0.2377622377622378,26692.4375,523.767578125,3.55,0.0,3.825,0.25,1.35,0.5,0.35294117647058826,0.11517893870835047
1102,9158,2072,1679-2092,1389.4213355522952,353.90160853211773,0.9973867641143299,1221.4091164480676,426.9261633831522,4099.755726146713,192054.859375,3.55,3.775,0.4500000000000002,0.11920529801324509,193753.484375,1698.625,3.55,0.0,3.775,0.0,0.4500000000000002,0.0,0.11920529801324509,0.0
1103,9619,2055,1679-2092,1707.389771951567,389.3577467776091,0.9961140243264225,1201.5264632270055,304.3736094599185,4993.28477930161,190178.984375,3.55,3.775,0.4500000000000002,0.11920529801324509,190211.15625,32.171875,3.55,0.0,3.775,0.0,0.4500000000000002,0.0,0.11920529801324509,0.0
1104,8050,1395,1268-1678,619.0077481467954,247.18118433904232,0.9989444247206459,625.0777325315656,246.14517875339675,1804.7551376449246,125602.3828125,3.55,3.775,0.4500000000000002,0.11920529801324509,128345.2421875,2742.859375,3.55,0.0,3.775,0.0,0.4500000000000002,0.0,0.11920529801324509,0.0
1105,8882,1759,1679-2092,852.0263410410919,253.83487660761296,0.9987508151752926,1187.3215491380065,349.1442234205163,2573.620023760681,163794.5625,3.55,3.775,0.4500000000000002,0.11920529801324509,164673.0625,878.5,3.55,0.0,3.775,0.0,0.4500000000000002,0.0,0.11920529801324509,0.0
1106,667,10,0-100,94.92047769734808,48.05345621810115,0.04872221031501722,37.778809710168765,22.383002944614578,198.8029835768188,630.7301025390625,3.55,3.825,1.35,0.35294117647058826,772.1076049804688,141.37750244140625,3.55,0.0,3.825,0.0,1.35,0.0,0.35294117647058826,0.0
1107,7890,534,428-848,283.5683333017508,128.62000733834972,0.9979969564988754,243.77671370845388,121.79158086362092,672.0551626938005,39869.44140625,3.55,3.825,1.35,0.35294117647058826,40043.3515625,173.91015625,3.55,0.0,3.575,0.25,0.8500000000000001,0.5,0.2377622377622378,0.11517893870835047
1108,287,1646,1268-1678,437.9248000107392,180.7705514072584,0.9996179968355628,595.6936762378442,190.84104322350544,1219.8993298900298,154218.90625,3.55,3.775,0.4500000000000002,0.11920529801324509,154159.59375,59.3125,3.55,0.0,3.775,0.0,0.4500000000000002,0.0,0.11920529801324509,0.0
1109,9875,375,280-427,220.82126708935317,104.87091034950588,0.9974341225274307,127.21283093895711,73.3234332540761,501.3382514933816,27230.150390625,3.55,3.825,1.35,0.35294117647058826,26944.109375,286.041015625,3.55,0.0,3.825,0.0,1.35,0.0,0.35294117647058826,0.0
1110,2215,1451,1268-1678,740.6350025709079,257.04930565450917,0.9986866317936687,1241.5849910243828,369.3130201256794,2231.9130109725684,140378.078125,3.55,3.775,0.4500000000000002,0.11920529801324509,134510.265625,5867.8125,3.55,0.0,3.775,0.0,0.4500000000000002,0.0,0.11920529801324509,0.0
1111,8352,1941,1679-2092,500.2113531865798,181.28300051083772,0.9996221942187056,483.04431731611174,201.35598887567934,1277.4887485447728,180183.953125,3.55,3.775,0.4500000000000002,0.11920529801324509,180802.78125,618.828125,3.55,0.0,3.775,0.0,0.4500000000000002,0.0,0.11920529801324509,0.0
1112,6755,918,849-1267,447.46377960339885,167.33803052739682,0.9985890415898894,578.116968367678,216.717529296875,1262.4549490492582,76507.421875,3.55,3.575,0.8500000000000001,0.2377622377622378,78826.3984375,2318.9765625,3.55,0.0,3.775,0.19999999999999973,0.4500000000000002,0.3999999999999999,0.11920529801324509,0.1185569397489927
1113,9750,1832,1679-2092,596.0148293777764,202.39204158696714,0.9994022651841865,734.0034039724037,275.21144701086956,1756.7899802355955,169561.5,3.55,3.775,0.4500000000000002,0.11920529801324509,171023.546875,1462.046875,3.55,0.0,3.775,0.0,0.4500000000000002,0.0,0.11920529801324509,0.0
1114,6333,2280,2093-2500,380.16038604686383,140.26779175667141,0.9998290742669332,399.29675572785965,158.02431852921197,1005.7013586298458,205687.5625,3.55,3.775,0.4500000000000002,0.11920529801324509,206325.734375,638.171875,3.55,0.0,3.775,0.0,0.4500000000000002,0.0,0.11920529801324509,0.0
1115,8250,2422,2093-2500,559.2315240710518,146.72981128991168,0.9996510273662823,510.81592938217835,157.00163468070653,1470.489903175988,214344.875,3.55,3.775,0.4500000000000002,0.11920529801324509,214939.34375,594.46875,3.55,0.0,3.775,0.0,0.4500000000000002,0.0,0.11920529801324509,0.0
1116,4558,1615,1268-1678,345.90653711420003,162.02276104736328,0.9997555139538281,332.6314696661137,177.8240276834239,891.0643341511479,151508.859375,3.55,3.775,0.4500000000000002,0.11920529801324509,150265.296875,1243.5625,3.55,0.0,3.775,0.0,0.4500000000000002,0.0,0.11920529801324509,0.0
1117,3796,900,849-1267,672.8423172139228,258.4760793165124,0.996746058382695,765.9359641756155,311.83489194123644,1928.0019747845613,74988.1640625,4.0,3.775,0.4500000000000002,0.11920529801324509,76813.96875,1825.8046875,3.55,0.4500000000000002,3.775,0.0,0.4500000000000002,0.0,0.11920529801324509,0.0
1118,7066,273,160-279,188.54687840179332,82.90314767386396,0.9960216372931593,235.05037844577103,88.45010110606317,470.9791260493687,18633.728515625,4.0,3.825,1.35,0.35294117647058826,17855.53125,778.197265625,3.55,0.4500000000000002,3.825,0.0,1.35,0.0,0.35294117647058826,0.0
1119,9541,184,160-279,155.1857022334922,67.60626123518736,0.9937214992133145,110.3595255864756,46.27065774668818,354.5502232670523,12014.3037109375,4.0,3.825,1.35,0.35294117647058826,11951.646484375,62.6572265625,3.55,0.4500000000000002,3.825,0.0,1.35,0.0,0.35294117647058826,0.0
1120,261,1599,1268-1678,538.8318131391025,220.44192818231997,0.9993830516313131,792.3076945138172,272.2811226222826,1537.657539242576,149677.59375,3.55,3.775,0.4500000000000002,0.11920529801324509,149512.1875,165.40625,3.55,0.0,3.775,0.0,0.4500000000000002,0.0,0.11920529801324509,0.0
1121,8382,201,160-279,164.69515246300324,71.22319008956578,0.9940848677467702,125.40919163361636,57.83617500636888,380.47675791392226,12919.9462890625,4.0,3.825,1.35,0.35294117647058826,12981.0400390625,61.09375,3.55,0.4500000000000002,3.825,0.0,1.35,0.0,0.35294117647058826,0.0
1122,764,132,101-159,131.3686445475547,67.5446531400183,0.9904559296571653,74.9107173998379,44.660486635954484,235.45499137897963,8286.744140625,3.55,3.825,1.35,0.35294117647058826,8151.962890625,134.78125,3.55,0.0,3.825,0.0,1.35,0.0,0.35294117647058826,0.0
1123,6705,2208,2093-2500,828.2353851591022,238.19140919156283,0.9991440382893724,1049.6357775006675,297.3570078974185,2288.524079508044,199936.515625,3.55,3.775,0.4500000000000002,0.11920529801324509,199687.65625,248.859375,3.55,0.0,3.775,0.0,0.4500000000000002,0.0,0.11920529801324509,0.0
1124,8651,795,428-848,644.7564448111505,233.33395588810134,0.9958358321527541,951.2202471685498,319.3890805451766,1914.9187080834288,61889.78125,4.0,3.575,0.8500000000000001,0.2377622377622378,66211.6875,4321.90625,3.55,0.4500000000000002,3.575,0.0,0.8500000000000001,0.0,0.2377622377622378,0.0
1125,7378,1350,1268-1678,423.11959219088465,179.13341951506243,0.9994971010873782,541.5193193194297,213.47536302649456,1169.3344829927007,123604.671875,3.55,3.775,0.4500000000000002,0.11920529801324509,124049.796875,445.125,3.55,0.0,3.775,0.0,0.4500000000000002,0.0,0.11920529801324509,0.0
1126,3797,938,849-1267,651.0609984705324,243.45143961022418,0.9973571316835783,833.1990470024576,315.4074600883152,1875.3447352687976,84497.703125,3.55,3.775,0.4500000000000002,0.11920529801324509,81363.9375,3133.765625,3.55,0.0,3.775,0.0,0.4500000000000002,0.0,0.11920529801324509,0.0
1127,2685,2488,2093-2500,163.9190384053383,72.54051422066067,0.9999711478566717,265.5724418010224,115.35722019361413,443.0979510256062,218065.0625,3.55,3.775,0.4500000000000002,0.11920529801324509,218428.65625,363.59375,3.55,0.0,3.775,0.0,0.4500000000000002,0.0,0.11920529801324509,0.0
1128,503,633,428-848,562.3386981399391,213.3579776804385,0.9950043691052551,721.4407629116575,279.20704451851225,1633.0888432394715,51658.38671875,4.0,3.775,0.4500000000000002,0.11920529801324509,49943.24609375,1715.140625,3.55,0.4500000000000002,3.575,0.19999999999999973,0.8500000000000001,0.3999999999999999,0.2377622377622378,0.1185569397489927
1129,1259,496,428-848,287.92274336541084,121.8119192660456,0.9976986000030746,233.30853104887117,113.57383927055027,752.2900267760202,38559.984375,4.0,3.575,0.8500000000000001,0.2377622377622378,37743.85546875,816.12890625,4.0,0.0,3.575,0.0,0.8500000000000001,0.0,0.2377622377622378,0.0
1130,1023,1908,1679-2092,408.64060280259184,159.90345736641262,0.9997380658868162,180.52299881112612,97.61867357336956,1031.205471880705,176779.984375,3.55,3.775,0.4500000000000002,0.11920529801324509,177495.09375,715.109375,3.55,0.0,3.775,0.0,0.4500000000000002,0.0,0.11920529801324509,0.0
1131,6424,279,160-279,263.9523386410802,111.10638184015025,0.9918321267988712,280.96528797622665,126.38881915548573,629.1941716595028,18107.650390625,3.55,3.825,1.35,0.35294117647058826,18568.916015625,461.265625,3.55,0.0,3.825,0.0,1.35,0.0,0.35294117647058826,0.0
1132,7210,2132,2093-2500,859.2754943334998,242.0483036382924,0.9990735636274475,1491.9747606031483,407.7382069463315,2566.9383692343554,197607.21875,3.55,3.775,0.4500000000000002,0.11920529801324509,196084.78125,1522.4375,3.55,0.0,3.775,0.0,0.4500000000000002,0.0,0.11920529801324509,0.0
1133,6243,1079,849-1267,436.25709453952845,198.29157248243249,0.9991251891973051,588.5803242587988,246.1693645974864,1199.455630021012,91378.203125,3.55,3.575,0.8500000000000001,0.2377622377622378,93432.828125,2054.625,3.55,0.0,3.775,0.19999999999999973,0.4500000000000002,0.3999999999999999,0.11920529801324509,0.1185569397489927
1134,314,618,428-848,445.53169398016087,171.75507195036516,0.9965107322830407,742.124880748033,289.3354147206182,1312.827715395843,48677.78515625,4.0,3.575,0.8500000000000001,0.2377622377622378,47251.9609375,1425.82421875,3.55,0.4500000000000002,3.575,0.0,0.8500000000000001,0.0,0.2377622377622378,0.0
1135,5413,879,849-1267,813.4605607281661,292.0467898521755,0.9950201118303947,1217.6049363886393,423.9514266304348,2428.54517205401,72891.6640625,4.0,3.575,0.8500000000000001,0.2377622377622378,74561.2265625,1669.5625,3.55,0.4500000000000002,3.775,0.19999999999999973,0.4500000000000002,0.3999999999999999,0.11920529801324509,0.1185569397489927
1136,886,650,428-848,405.04856752988024,171.4302085483717,0.9973581222455626,406.1719343948117,147.68778659986413,1046.415318677999,49311.41015625,3.55,3.575,0.8500000000000001,0.2377622377622378,51132.06640625,1820.65625,3.55,0.0,3.575,0.0,0.8500000000000001,0.0,0.2377622377622378,0.0
1137,3610,2244,2093-2500,1834.245950699769,422.1860226206904,0.9961410220454201,3192.076529616561,760.7966733186141,5672.058762771056,204859.875,3.55,3.775,0.4500000000000002,0.11920529801324509,203888.453125,971.421875,3.55,0.0,3.775,0.0,0.4500000000000002,0.0,0.11920529801324509,0.0
1138,2903,1844,1679-2092,927.0302618172906,279.79618097401493,0.9986489199371532,1436.779597684832,403.3182319972826,2816.7249186897247,172114.84375,3.55,3.775,0.4500000000000002,0.11920529801324509,173059.59375,944.75,3.55,0.0,3.775,0.0,0.4500000000000002,0.0,0.11920529801324509,0.0
1139,2226,1118,849-1267,563.0116055331046,238.38724214888862,0.9985539129921854,561.2522745416915,235.45824133831522,1578.9089343478333,96490.3515625,3.55,3.775,0.4500000000000002,0.11920529801324509,98901.5,2411.1484375,3.55,0.0,3.775,0.0,0.4500000000000002,0.0,0.11920529801324509,0.0
1140,1540,1022,849-1267,548.7818657149119,203.34128993158754,0.9983199659721498,699.6488608722477,228.55546238111413,1591.553921102499,86273.9296875,3.55,3.775,0.4500000000000002,0.11920529801324509,89536.640625,3262.7109375,3.55,0.0,3.775,0.0,0.4500000000000002,0.0,0.11920529801324509,0.0
1141,5905,1173,849-1267,626.5401768355271,249.06495270889945,0.9984254541518611,1033.1480562837671,420.00383725373644,1875.3843395472077,101053.8984375,3.55,3.775,0.4500000000000002,0.11920529801324509,104646.4375,3592.5390625,3.55,0.0,3.775,0.0,0.4500000000000002,0.0,0.11920529801324509,0.0
1142,4462,528,428-848,306.63509007511664,129.49514395526387,0.9977922282908558,321.5039062805959,139.07886803668478,833.815987284903,41385.36328125,3.55,3.575,0.8500000000000001,0.2377622377622378,40053.76171875,1331.6015625,3.55,0.0,3.575,0.0,0.8500000000000001,0.0,0.2377622377622378,0.0
1143,9445,166,160-279,174.57892609511327,77.5749959184232,0.990959628402973,210.48438894059836,81.20313296110734,456.7850710575015,10680.6328125,4.0,3.825,1.35,0.35294117647058826,9934.482421875,746.150390625,3.55,0.4500000000000002,3.825,0.0,1.35,0.0,0.35294117647058826,0.0
1144,9569,1550,1268-1678,460.573911031629,191.44330040336277,0.999539939784296,530.649280801122,206.4075980808424,1266.6636535216705,145913.5625,3.55,3.775,0.4500000000000002,0.11920529801324509,143638.5625,2275.0,3.55,0.0,3.775,0.0,0.4500000000000002,0.0,0.11920529801324509,0.0
1145,1732,1610,1268-1678,577.0916300707703,222.09581177633535,0.9993263455162843,287.85371464844627,140.31880519701087,1555.5458270983852,151551.84375,3.55,3.775,0.4500000000000002,0.11920529801324509,151290.921875,260.921875,3.55,0.0,3.775,0.0,0.4500000000000002,0.0,0.11920529801324509,0.0
1146,1836,1427,1268-1678,645.0793122532859,250.30263830407185,0.9989273426732864,1062.6450562850082,384.27864937160325,1927.0945967676216,127243.6796875,3.55,3.775,0.4500000000000002,0.11920529801324509,131297.1875,4053.5078125,3.55,0.0,3.775,0.0,0.4500000000000002,0.0,0.11920529801324509,0.0
1147,7759,1398,1268-1678,541.6243921307852,224.00803211696459,0.9992039355556612,529.6625498035966,187.02177097486413,1484.568189501163,126142.1484375,3.55,3.775,0.4500000000000002,0.11920529801324509,128572.296875,2430.1484375,3.55,0.0,3.775,0.0,0.4500000000000002,0.0,0.11920529801324509,0.0
1148,8053,801,428-848,723.3415551098908,247.75474788891336,0.9955951044011685,861.7536690795458,272.5243556810462,2135.064691719678,69915.3046875,3.55,3.775,0.4500000000000002,0.11920529801324509,65971.1875,3944.1171875,3.55,0.0,3.575,0.19999999999999973,0.8500000000000001,0.3999999999999999,0.2377622377622378,0.1185569397489927
1149,2607,935,849-1267,553.320291558595,214.77082770080565,0.9980208066472185,829.7021190716234,299.09971021569294,1627.153051282316,82883.203125,3.55,3.775,0.4500000000000002,0.11920529801324509,81050.7578125,1832.4453125,3.55,0.0,3.775,0.0,0.4500000000000002,0.0,0.11920529801324509,0.0
1150,8867,1686,1679-2092,432.94068081930436,184.30301161844005,0.9996440821826743,376.35403982718003,176.96541694972825,1167.4013096520755,158046.21875,3.55,3.775,0.4500000000000002,0.11920529801324509,157236.40625,809.8125,3.55,0.0,3.775,0.0,0.4500000000000002,0.0,0.11920529801324509,0.0
1151,2407,175,160-279,129.48819269752818,60.60353060526641,0.9947205908049843,59.75813227519126,34.078245743461274,228.90152292185857,10978.3359375,4.0,3.825,1.35,0.35294117647058826,11103.9091796875,125.5732421875,3.55,0.4500000000000002,3.825,0.0,1.35,0.0,0.35294117647058826,0.0
1152,7784,458,428-848,305.439720878096,123.42364768265433,0.9965742177717392,375.24478183253075,144.08975352411684,778.4062218827814,32579.009765625,4.0,3.825,1.35,0.35294117647058826,33476.23046875,897.220703125,3.55,0.4500000000000002,3.575,0.25,0.8500000000000001,0.5,0.2377622377622378,0.11517893870835047
1153,8630,1431,1268-1678,374.9503022179943,175.20718425982932,0.9996476045846765,403.8548094542391,209.62283457880434,1009.25837070762,132715.796875,3.55,3.775,0.4500000000000002,0.11920529801324509,133170.546875,454.75,3.55,0.0,3.775,0.0,0.4500000000000002,0.0,0.11920529801324509,0.0
1154,9789,524,428-848,261.1925902937462,119.91174403938625,0.9982711105342685,367.263216471664,132.24338166610053,669.7405873283524,40213.36328125,3.55,3.575,0.8500000000000001,0.2377622377622378,38543.73046875,1669.6328125,3.55,0.0,3.575,0.0,0.8500000000000001,0.0,0.2377622377622378,0.0
1155,7482,443,428-848,256.87731264655395,111.97557240520975,0.9974028084312161,113.35076286020107,63.25166121773098,512.7984921033565,31713.982421875,3.55,3.575,0.8500000000000001,0.2377622377622378,31784.5390625,70.556640625,3.55,0.0,3.825,0.25,1.35,0.5,0.35294117647058826,0.11517893870835047
1156,2248,1177,849-1267,635.3765772805151,250.0225843179454,0.9984634789348023,900.6433251226447,338.01052458389944,1864.9623747467667,107697.640625,3.55,3.775,0.4500000000000002,0.11920529801324509,103919.8203125,3777.8203125,3.55,0.0,3.775,0.0,0.4500000000000002,0.0,0.11920529801324509,0.0
1157,4054,187,160-279,176.20585340904498,77.65520983746156,0.9901790562394339,293.28020776966224,115.08820774244225,465.0781135312745,10689.2451171875,4.0,3.825,1.35,0.35294117647058826,11815.40234375,1126.1572265625,3.55,0.4500000000000002,3.825,0.0,1.35,0.0,0.35294117647058826,0.0
1158,9467,366,280-427,233.71081046545888,101.02712716910321,0.9967185258208577,284.5416440039818,105.70350978685462,518.8426277182202,26344.380859375,3.55,3.825,1.35,0.35294117647058826,25216.46484375,1127.916015625,3.55,0.0,3.825,0.0,1.35,0.0,0.35294117647058826,0.0
1159,805,547,428-848,325.48892702062466,140.1598140966001,0.997590479450973,129.4197614486423,70.75174613620923,763.7963244176037,41230.0703125,3.55,3.575,0.8500000000000001,0.2377622377622378,41427.5546875,197.484375,3.55,0.0,3.575,0.0,0.8500000000000001,0.0,0.2377622377622378,0.0
1160,4842,1994,1679-2092,3789.7271489535733,867.8449993061895,0.9816454030742005,3542.6731024818046,810.9049019191576,11719.249409537957,185042.59375,3.55,3.775,0.4500000000000002,0.11920529801324509,185026.3125,16.28125,3.55,0.0,3.775,0.0,0.4500000000000002,0.0,0.11920529801324509,0.0
1161,7883,274,160-279,172.2739052626695,82.11158229267286,0.9962564420075751,153.3044097511577,69.64312611455503,317.7345435944467,17720.310546875,4.0,3.825,1.35,0.35294117647058826,17779.83984375,59.529296875,3.55,0.4500000000000002,3.825,0.0,1.35,0.0,0.35294117647058826,0.0
1162,8615,1369,1268-1678,1047.2961514882688,313.23989853489087,0.9970884602261719,1734.2827437911606,446.4285411005435,3224.065554073324,133572.1875,3.55,3.775,0.4500000000000002,0.11920529801324509,125283.546875,8288.640625,3.55,0.0,3.775,0.0,0.4500000000000002,0.0,0.11920529801324509,0.0
1163,8310,562,428-848,309.04113670729066,131.35103544828996,0.9978602910057786,235.42053865462344,107.22389552904212,709.7247688380692,42091.50390625,3.55,3.575,0.8500000000000001,0.2377622377622378,42404.91015625,313.40625,3.55,0.0,3.575,0.0,0.8500000000000001,0.0,0.2377622377622378,0.0
1164,7505,274,160-279,203.7959150624392,87.51022739828359,0.9956771135489231,204.24775783566264,77.44420590608016,524.924611821773,19268.47265625,3.55,3.825,1.35,0.35294117647058826,18465.4609375,803.01171875,4.0,0.4500000000000002,3.825,0.0,1.35,0.0,0.35294117647058826,0.0
1165,5649,1492,1268-1678,435.0223618337504,180.61033715143617,0.9995469418031098,461.69434615010766,185.12143342391303,1188.7397911183577,139444.15625,3.55,3.775,0.4500000000000002,0.11920529801324509,138718.65625,725.5,3.55,0.0,3.775,0.0,0.4500000000000002,0.0,0.11920529801324509,0.0
1166,3129,1498,1268-1678,576.325009055202,242.75514796222188,0.9992382958447756,746.1807419803796,342.37152895720106,1644.0666942213404,142441.734375,3.55,3.775,0.4500000000000002,0.11920529801324509,139687.515625,2754.21875,3.55,0.0,3.775,0.0,0.4500000000000002,0.0,0.11920529801324509,0.0
1167,3750,2025,1679-2092,449.49870997405804,158.8411581057341,0.9997167930102246,513.5914097482346,187.9669879415761,1177.5895320049656,187388.953125,3.55,3.775,0.4500000000000002,0.11920529801324509,187743.640625,354.6875,3.55,0.0,3.775,0.0,0.4500000000000002,0.0,0.11920529801324509,0.0
1168,2263,1034,849-1267,396.4453505560161,171.27088775793987,0.9991734764428393,387.2249282898375,170.95126210088316,1086.9274516720304,90618.859375,3.55,3.775,0.4500000000000002,0.11920529801324509,91462.9765625,844.1171875,3.55,0.0,3.775,0.0,0.4500000000000002,0.0,0.11920529801324509,0.0
1169,1885,665,428-848,371.6667012150361,160.8787517967224,0.9979600428775669,614.0319236118767,258.70366635529894,1024.2119323322133,52067.23046875,4.0,3.575,0.8500000000000001,0.2377622377622378,50532.21484375,1535.015625,3.55,0.4500000000000002,3.575,0.0,0.8500000000000001,0.0,0.2377622377622378,0.0
1170,3502,2186,2093-2500,607.0977584869942,196.53167369835896,0.9995467924353446,758.0481670013259,230.1629691745924,1764.6949168568199,200598.015625,3.55,3.775,0.4500000000000002,0.11920529801324509,200338.578125,259.4375,3.55,0.0,3.775,0.0,0.4500000000000002,0.0,0.11920529801324509,0.0
1171,6157,1778,1679-2092,348.4942323130746,150.10973948994513,0.99978840446728,358.8044408113737,137.98922596807066,925.9793237802357,167000.265625,3.55,3.775,0.4500000000000002,0.11920529801324509,167163.296875,163.03125,3.55,0.0,3.775,0.0,0.4500000000000002,0.0,0.11920529801324509,0.0
1172,9406,2117,2093-2500,488.5535017044092,172.7675578302798,0.9996878111292832,286.5188796887899,128.14310886548913,1255.7525154110647,194857.6875,3.55,3.775,0.4500000000000002,0.11920529801324509,195146.203125,288.515625,3.55,0.0,3.775,0.0,0.4500000000000002,0.0,0.11920529801324509,0.0
1173,9486,1824,1679-2092,477.3338755671346,186.96128661897077,0.9996168417808542,525.6745315223418,219.60472571331522,1165.0954563116466,168525.203125,3.55,3.775,0.4500000000000002,0.11920529801324509,170531.546875,2006.34375,3.55,0.0,3.775,0.0,0.4500000000000002,0.0,0.11920529801324509,0.0
1174,3949,1919,1679-2092,319.89927115993174,135.32741638103982,0.9998434856676174,176.00138336552246,99.37561565896739,772.9277984508611,178577.8125,3.55,3.775,0.4500000000000002,0.11920529801324509,178698.5625,120.75,3.55,0.0,3.775,0.0,0.4500000000000002,0.0,0.11920529801324509,0.0
1175,446,940,849-1267,472.8383098692391,191.40430871422808,0.9986448149484758,626.4195875999103,236.78580375339675,1250.534722868318,84557.7890625,3.55,3.775,0.4500000000000002,0.11920529801324509,81752.796875,2804.9921875,3.55,0.0,3.775,0.0,0.4500000000000002,0.0,0.11920529801324509,0.0
1176,781,422,280-427,255.4580153296038,114.91908044811747,0.9973232954108252,224.8830775412756,105.4667039954144,561.2936462761339,31015.45703125,3.55,3.825,1.35,0.35294117647058826,30615.845703125,399.611328125,4.0,0.4500000000000002,3.825,0.0,1.35,0.0,0.35294117647058826,0.0
1177,2423,2104,2093-2500,399.2587834716326,148.32034166949728,0.9997868480993412,374.2789321042894,149.94826341711956,884.2665128968124,194152.625,3.55,3.775,0.4500000000000002,0.11920529801324509,192693.84375,1458.78125,3.55,0.0,3.775,0.0,0.4500000000000002,0.0,0.11920529801324509,0.0
1178,2686,1658,1268-1678,454.48607840767744,173.605827015487,0.9995901353780441,405.38694224065097,175.06033457880434,1189.3128205361952,153663.9375,3.55,3.775,0.4500000000000002,0.11920529801324509,154795.40625,1131.46875,3.55,0.0,3.775,0.0,0.4500000000000002,0.0,0.11920529801324509,0.0
1179,6107,173,160-279,137.2495073631035,65.70013381666101,0.9941558007529441,134.7437285703075,65.55287104067595,291.07621268462975,10923.79296875,4.0,3.825,1.35,0.35294117647058826,11285.568359375,361.775390625,3.55,0.4500000000000002,3.825,0.0,1.35,0.0,0.35294117647058826,0.0
1180,9154,2311,2093-2500,473.61188104269365,154.47336689453124,0.9997345166138859,730.9766072641871,203.49495796535325,1299.788702428125,208431.59375,3.55,3.775,0.4500000000000002,0.11920529801324509,208089.34375,342.25,3.55,0.0,3.775,0.0,0.4500000000000002,0.0,0.11920529801324509,0.0
1181,7191,497,428-848,387.408222971243,154.53309117322175,0.9958507030131691,379.0957103330909,144.4505615234375,1058.8048256990885,37224.125,3.55,3.575,0.8500000000000001,0.2377622377622378,36054.140625,1169.984375,4.0,0.4500000000000002,3.825,0.25,1.35,0.5,0.35294117647058826,0.11517893870835047
1182,2239,1651,1268-1678,417.3829864690705,184.75851057288128,0.9996514253461253,415.68774880016537,180.71891983695653,1135.5002383791045,153560.625,3.55,3.775,0.4500000000000002,0.11920529801324509,154068.78125,508.15625,3.55,0.0,3.775,0.0,0.4500000000000002,0.0,0.11920529801324509,0.0
1183,3577,2330,2093-2500,267.0051726585187,107.37443930027175,0.9999175066436454,255.27011537806519,74.61686905570652,666.2794645326386,209472.1875,3.55,3.775,0.4500000000000002,0.11920529801324509,209383.640625,88.546875,3.55,0.0,3.775,0.0,0.4500000000000002,0.0,0.11920529801324509,0.0
1184,9877,266,160-279,226.5777210245838,100.84114609968766,0.9939206072030211,328.05242401186365,111.06101658033288,584.9132642725082,18512.541015625,3.55,3.825,1.35,0.35294117647058826,17020.4296875,1492.111328125,4.0,0.4500000000000002,3.825,0.0,1.35,0.0,0.35294117647058826,0.0
1185,277,1017,849-1267,485.9412290498099,187.11163839031718,0.9987123678466556,705.4632580237991,263.5756782863451,1434.5627774988347,84968.75,3.55,3.775,0.4500000000000002,0.11920529801324509,87707.7734375,2739.0234375,3.55,0.0,3.775,0.0,0.4500000000000002,0.0,0.11920529801324509,0.0
1186,7422,1072,849-1267,548.007788298971,212.73089761737327,0.9986397669359189,806.9051848985683,271.14238705842394,1619.2289179277275,98501.46875,3.55,3.775,0.4500000000000002,0.11920529801324509,94757.4296875,3744.0390625,3.55,0.0,3.775,0.0,0.4500000000000002,0.0,0.11920529801324509,0.0
1187,2743,711,428-848,582.0076414313121,227.53117201007345,0.9959419253177866,998.0334771714482,415.5680833899456,1700.171654466816,60122.34375,3.55,3.575,0.8500000000000001,0.2377622377622378,56827.08984375,3295.25390625,3.55,0.0,3.575,0.0,0.8500000000000001,0.0,0.2377622377622378,0.0
1188,8517,1939,1679-2092,859.6475762380181,248.79567936839229,0.9989315787367143,1512.050688448771,427.0049252717391,2608.091949687578,181971.8125,3.55,3.775,0.4500000000000002,0.11920529801324509,180515.15625,1456.65625,3.55,0.0,3.775,0.0,0.4500000000000002,0.0,0.11920529801324509,0.0
1189,5640,991,849-1267,998.7739196800906,335.5330251088018,0.993987000597934,1537.7850538774476,458.56826384171194,2983.3499600032674,81422.0,4.0,3.575,0.8500000000000001,0.2377622377622378,86390.75,4968.75,3.55,0.4500000000000002,3.775,0.19999999999999973,0.4500000000000002,0.3999999999999999,0.11920529801324509,0.1185569397489927
1190,8155,2160,2093-2500,710.0062396292819,228.56183725161344,0.999359042602129,424.73086942919025,175.72603175951087,1904.9134243912488,198087.640625,3.55,3.775,0.4500000000000002,0.11920529801324509,199687.65625,1600.015625,3.55,0.0,3.775,0.0,0.4500000000000002,0.0,0.11920529801324509,0.0
1191,7604,117,101-159,112.37583530258844,58.13616271289328,0.9912004418005476,79.51025401698517,39.81340358568274,239.82744000730534,6901.17919921875,4.0,3.825,1.35,0.35294117647058826,7092.2939453125,191.11474609375,3.55,0.4500000000000002,3.825,0.0,1.35,0.0,0.35294117647058826,0.0
1192,5382,870,849-1267,411.2640375289421,182.6446133144213,0.998764810209618,684.5132069246375,292.7219079059103,1150.1219849563424,75051.5078125,3.55,3.775,0.4500000000000002,0.11920529801324509,73685.578125,1365.9296875,3.55,0.0,3.775,0.0,0.4500000000000002,0.0,0.11920529801324509,0.0
1193,7104,1135,849-1267,308.5368696871898,143.97758350325876,0.9995974201117018,252.51259686094417,120.17346722146739,791.2363168321879,101798.2109375,3.55,3.775,0.4500000000000002,0.11920529801324509,100947.046875,851.1640625,3.55,0.0,3.775,0.0,0.4500000000000002,0.0,0.11920529801324509,0.0
1194,2290,80,0-100,100.02117412061517,51.32605794552513,0.9858903994324205,40.83044587139818,31.14966152025306,218.54636533165686,4786.95947265625,3.55,3.825,1.35,0.35294117647058826,4715.60107421875,71.3583984375,3.55,0.0,3.825,0.0,1.35,0.0,0.35294117647058826,0.0
1195,1669,2499,2093-2500,152.87258390315728,69.70021840501869,0.999975030262131,215.1021634857366,87.15804390285327,394.2464354797131,218726.5625,3.55,3.775,0.4500000000000002,0.11920529801324509,219011.5,284.9375,3.55,0.0,3.775,0.0,0.4500000000000002,0.0,0.11920529801324509,0.0
1196,6950,580,428-848,371.8776449059722,155.63577193683128,0.9970618159720583,556.2000701508709,207.4130036727242,1022.3579209514137,43725.07421875,4.0,3.575,0.8500000000000001,0.2377622377622378,43862.90625,137.83203125,3.55,0.4500000000000002,3.575,0.0,0.8500000000000001,0.0,0.2377622377622378,0.0
1197,2645,3,0-100,103.8891309225846,52.2711822659959,-5.039192687564698,48.57645182860759,24.105504637179166,237.11000177443242,175.54183959960938,3.55,3.825,1.35,0.35294117647058826,189.20297241210938,13.6611328125,5.0,1.4500000000000002,4.075,0.25,1.85,0.5,0.4539877300613497,0.10104655359076142
1198,1775,1680,1679-2092,522.0310049941716,206.7439414659583,0.9994903674237654,707.472846874122,253.68288255774456,1497.3680030585826,160139.265625,3.55,3.775,0.4500000000000002,0.11920529801324509,157016.9375,3122.328125,3.55,0.0,3.775,0.0,0.4500000000000002,0.0,0.11920529801324509,0.0
1199,9179,560,428-848,283.65213398592687,131.98001520312766,0.9982541298884435,323.5046141343363,155.28715183423913,743.0073027532485,42774.2109375,4.0,3.575,0.8500000000000001,0.2377622377622378,41905.34765625,868.86328125,3.55,0.4500000000000002,3.575,0.0,0.8500000000000001,0.0,0.2377622377622378,0.0
1200,515,1214,849-1267,465.55110170389173,196.83861417050568,0.999213108551654,375.04126721936944,151.7998046875,1231.928433734717,108639.78125,3.55,3.775,0.4500000000000002,0.11920529801324509,109545.5234375,905.7421875,3.55,0.0,3.775,0.0,0.4500000000000002,0.0,0.11920529801324509,0.0
1201,6738,2359,2093-2500,363.82112424696476,139.25717554507048,0.999847761145454,524.8343923969094,205.2561672044837,977.3584784238535,210232.515625,3.55,3.775,0.4500000000000002,0.11920529801324509,212169.0625,1936.546875,3.55,0.0,3.775,0.0,0.4500000000000002,0.0,0.11920529801324509,0.0
1202,1041,225,160-279,171.3318252385365,75.36545219973688,0.9947050649013656,57.67453445259176,38.92519743546195,317.36661755833217,14198.9716796875,3.55,3.825,1.35,0.35294117647058826,14254.1875,55.2158203125,4.0,0.4500000000000002,3.825,0.0,1.35,0.0,0.35294117647058826,0.0
1203,1810,374,280-427,304.8918413115211,115.77112488416589,0.9943246685033641,449.55676266763925,146.0189845872962,851.8557715670978,25578.61328125,4.0,3.825,1.35,0.35294117647058826,25937.421875,358.80859375,3.55,0.4500000000000002,3.825,0.0,1.35,0.0,0.35294117647058826,0.0
1204,6138,937,849-1267,732.7918246020969,253.4154823611052,0.9964813426931663,1085.895429250312,346.6497484290081,2184.3094270267547,78503.2578125,4.0,3.575,0.8500000000000001,0.2377622377622378,81481.2578125,2978.0,3.55,0.4500000000000002,3.775,0.19999999999999973,0.4500000000000002,0.3999999999999999,0.11920529801324509,0.1185569397489927
1205,8606,778,428-848,305.1173557308345,135.48328573528786,0.9991093114454589,260.89894926566456,114.03386124320652,706.4453467238706,64452.5234375,3.55,3.775,0.4500000000000002,0.11920529801324509,63533.5,919.0234375,3.55,0.0,3.575,0.19999999999999973,0.8500000000000001,0.3999999999999999,0.2377622377622378,0.1185569397489927
1206,9543,662,428-848,356.569666798926,145.58549937876825,0.9981814396262524,159.23842896329367,91.37104598335598,867.7762323722764,53024.1640625,3.55,3.575,0.8500000000000001,0.2377622377622378,52843.1484375,181.015625,3.55,0.0,3.575,0.0,0.8500000000000001,0.0,0.2377622377622378,0.0
1207,7272,1635,1268-1678,518.5105469648867,200.56723588734502,0.9994375084253331,732.9362135539794,272.0430005944294,1498.5307273230262,149047.453125,3.55,3.775,0.4500000000000002,0.11920529801324509,151968.34375,2920.890625,3.55,0.0,3.775,0.0,0.4500000000000002,0.0,0.11920529801324509,0.0
1208,485,1563,1268-1678,397.0135344509324,176.3316964084791,0.9996632764245605,668.1894895535329,237.9383597995924,1109.6242432027661,145419.5,3.55,3.775,0.4500000000000002,0.11920529801324509,145909.3125,489.8125,3.55,0.0,3.775,0.0,0.4500000000000002,0.0,0.11920529801324509,0.0
1209,4042,500,428-848,278.27022443299774,120.54817866174449,0.9979758447987037,293.33336362937445,121.38361126443614,676.6559792402293,38061.25,4.0,3.575,0.8500000000000001,0.2377622377622378,36758.54296875,1302.70703125,4.0,0.0,3.575,0.0,0.8500000000000001,0.0,0.2377622377622378,0.0
1210,9892,2110,2093-2500,859.9202156637064,233.22522181290336,0.999021376444664,288.58122427099534,146.55135444972825,2256.5763020029904,195548.625,3.55,3.775,0.4500000000000002,0.11920529801324509,194881.28125,667.34375,3.55,0.0,3.775,0.0,0.4500000000000002,0.0,0.11920529801324509,0.0
1211,2491,1578,1268-1678,290.3077987968916,146.9951940952467,0.999816904386213,234.89646797420946,143.0408988620924,674.1224007488618,146412.765625,3.55,3.775,0.4500000000000002,0.11920529801324509,146870.5625,457.796875,3.55,0.0,3.775,0.0,0.4500000000000002,0.0,0.11920529801324509,0.0
1212,6354,274,160-279,237.4045697075671,95.00863973547894,0.9938928657074982,374.4720656532536,153.6734154742697,676.665593930462,20507.943359375,4.0,3.575,0.8500000000000001,0.2377622377622378,18977.873046875,1530.0703125,4.0,0.0,3.825,0.25,1.35,0.5,0.35294117647058826,0.11517893870835047
1213,7199,2382,2093-2500,312.4062619143647,111.5881758409583,0.9998896855540264,448.3619151186381,140.98453422214675,882.1849412991481,212518.234375,3.55,3.775,0.4500000000000002,0.11920529801324509,213001.65625,483.421875,3.55,0.0,3.775,0.0,0.4500000000000002,0.0,0.11920529801324509,0.0
1214,2275,998,849-1267,436.16604683912817,174.9611578767196,0.9989917571819096,377.7591993576069,172.7092125934103,1198.617752184141,89638.78125,3.55,3.775,0.4500000000000002,0.11920529801324509,88108.9375,1529.84375,3.55,0.0,3.775,0.0,0.4500000000000002,0.0,0.11920529801324509,0.0
1215,4982,2117,2093-2500,486.0675875284282,165.2992624312691,0.9996903184030212,609.169161786132,195.06367824388587,1349.0994552404236,195167.484375,3.55,3.775,0.4500000000000002,0.11920529801324509,194525.515625,641.96875,3.55,0.0,3.775,0.0,0.4500000000000002,0.0,0.11920529801324509,0.0
1216,5137,2341,2093-2500,335.2802918803163,117.1640803403108,0.9998719659074502,268.76031062244255,97.3455226732337,927.259365987415,210520.796875,3.55,3.775,0.4500000000000002,0.11920529801324509,210238.9375,281.859375,3.55,0.0,3.775,0.0,0.4500000000000002,0.0,0.11920529801324509,0.0
1217,3003,2448,2093-2500,166.49421790804215,74.70894407269022,0.9999696521345133,180.78633058948438,79.33155358355978,454.76218746371626,215644.515625,3.55,3.775,0.4500000000000002,0.11920529801324509,216377.484375,732.96875,3.55,0.0,3.775,0.0,0.4500000000000002,0.0,0.11920529801324509,0.0
1218,6045,2475,2093-2500,167.29047736504748,71.33926746242358,0.9999697994644949,272.96233869736955,89.06551460597827,445.2975803266127,217613.78125,3.55,3.775,0.4500000000000002,0.11920529801324509,217671.796875,58.015625,3.55,0.0,3.775,0.0,0.4500000000000002,0.0,0.11920529801324509,0.0
1219,3595,1622,1268-1678,776.6975206918339,246.22243909965184,0.9988271096879497,1030.1026307484117,297.6684994904891,2371.7899492261326,156383.6875,3.55,3.775,0.4500000000000002,0.11920529801324509,151521.78125,4861.90625,3.55,0.0,3.775,0.0,0.4500000000000002,0.0,0.11920529801324509,0.0
1220,836,1712,1679-2092,380.40629366884025,154.9434817841903,0.9997372455896982,340.7259604596605,163.529052734375,1064.7725437361237,160399.953125,3.55,3.775,0.4500000000000002,0.11920529801324509,159855.34375,544.609375,3.55,0.0,3.775,0.0,0.4500000000000002,0.0,0.11920529801324509,0.0
1221,2616,238,160-279,148.83922563907805,71.25375788048869,0.9967354535508538,144.03107420003553,66.92787104067595,319.957318528478,16093.3271484375,4.0,3.825,1.35,0.35294117647058826,16084.3662109375,8.9609375,3.55,0.4500000000000002,3.825,0.0,1.35,0.0,0.35294117647058826,0.0
1222,6853,1258,849-1267,440.98569522173824,200.46298634617017,0.9993427978105557,524.7314628575147,237.0706256368886,1221.2456725541188,114608.9296875,3.55,3.775,0.4500000000000002,0.11920529801324509,114145.640625,463.2890625,3.55,0.0,3.775,0.0,0.4500000000000002,0.0,0.11920529801324509,0.0
1223,6160,92,0-100,100.65058923184374,51.178821053965194,0.9887286192786334,60.964211354609965,43.96441584048064,201.6472942013857,5941.0654296875,3.55,3.825,1.35,0.35294117647058826,5794.19384765625,146.87158203125,3.55,0.0,3.825,0.0,1.35,0.0,0.35294117647058826,0.0
1224,7663,2141,2093-2500,462.73944636170415,172.2997763218092,0.9997213897975425,571.1424686825709,262.0046705163044,1235.7174537109647,195034.984375,3.55,3.775,0.4500000000000002,0.11920529801324509,196538.90625,1503.921875,3.55,0.0,3.775,0.0,0.4500000000000002,0.0,0.11920529801324509,0.0
1225,5195,1640,1268-1678,404.8697897045445,179.53229637185802,0.9996740111096912,339.50511579990814,166.936767578125,1080.7252686741356,153989.65625,3.55,3.775,0.4500000000000002,0.11920529801324509,153308.078125,681.578125,3.55,0.0,3.775,0.0,0.4500000000000002,0.0,0.11920529801324509,0.0
1226,7683,2016,1679-2092,606.8609711202088,173.57235969530188,0.9994772820615395,262.1837163622707,140.7171577785326,1540.4323797960342,186786.984375,3.55,3.775,0.4500000000000002,0.11920529801324509,187448.4375,661.453125,3.55,0.0,3.775,0.0,0.4500000000000002,0.0,0.11920529801324509,0.0
1227,52,1458,1268-1678,433.72372117624775,185.04342079454506,0.9995302070900282,542.4326384163762,220.40787406589675,1126.6864248963968,133262.515625,3.55,3.775,0.4500000000000002,0.11920529801324509,135558.5625,2296.046875,3.55,0.0,3.775,0.0,0.4500000000000002,0.0,0.11920529801324509,0.0
1228,3649,792,428-848,369.5699905710786,153.27580903506072,0.9987649568269829,620.0713625268718,244.09912109375,1048.88445104565,68494.328125,3.55,3.775,0.4500000000000002,0.11920529801324509,66114.8984375,2379.4296875,3.55,0.0,3.775,0.0,0.4500000000000002,0.0,0.11920529801324509,0.0
1229,9774,810,428-848,539.3434091745227,207.8514861141039,0.9974222935590049,706.5445964643491,294.81705375339675,1558.2050625457675,70374.0546875,3.55,3.775,0.4500000000000002,0.11920529801324509,67484.3671875,2889.6875,3.55,0.0,3.775,0.0,0.4500000000000002,0.0,0.11920529801324509,0.0
1230,6877,1283,1268-1678,443.706446971269,171.69793632387908,0.9993871083430766,553.2770193560963,190.32553498641303,1259.1007770699016,117163.546875,3.55,3.775,0.4500000000000002,0.11920529801324509,116984.0625,179.484375,3.55,0.0,3.775,0.0,0.4500000000000002,0.0,0.11920529801324509,0.0
1231,7030,113,101-159,122.50125637688518,59.44593119011755,0.989074177985939,161.2828133534542,76.37072223165761,266.1169149995244,7217.92822265625,4.0,3.825,1.35,0.35294117647058826,7141.49267578125,76.435546875,3.55,0.4500000000000002,3.825,0.0,1.35,0.0,0.35294117647058826,0.0
1232,3807,94,0-100,129.3984172968267,66.2549013057377,0.9805539404002304,106.57752305126773,57.14470971148947,262.74498500322954,5515.259765625,4.0,4.075,1.85,0.4539877300613497,5782.8408203125,267.5810546875,3.55,0.4500000000000002,3.825,0.25,1.35,0.5,0.35294117647058826,0.10104655359076142
1233,2942,742,428-848,508.28182605094884,190.24785352172853,0.9971190593121182,495.7117788676363,196.03066087805706,1381.5379626092256,61726.69921875,3.55,3.775,0.4500000000000002,0.11920529801324509,59600.5703125,2126.12890625,3.55,0.0,3.575,0.19999999999999973,0.8500000000000001,0.3999999999999999,0.2377622377622378,0.1185569397489927
1234,5793,2209,2093-2500,579.3789871874902,172.3993356806216,0.9995847640281561,196.34938010050232,86.42928413722827,1304.3051592654012,201942.34375,3.55,3.775,0.4500000000000002,0.11920529801324509,201859.953125,82.390625,3.55,0.0,3.775,0.0,0.4500000000000002,0.0,0.11920529801324509,0.0
1235,2545,47,0-100,104.71471259444257,50.57289806181451,0.955198743786673,71.76456584865613,30.67110940684443,260.35705805842423,2792.032470703125,3.55,3.825,1.35,0.35294117647058826,2740.0673828125,51.965087890625,3.55,0.0,3.825,0.0,1.35,0.0,0.35294117647058826,0.0
1236,7807,1624,1268-1678,446.7565401793341,171.71005581240448,0.9995966431263424,564.8520412935978,207.56856105638587,1258.2535714091794,150371.765625,3.55,3.775,0.4500000000000002,0.11920529801324509,151449.875,1078.109375,3.55,0.0,3.775,0.0,0.4500000000000002,0.0,0.11920529801324509,0.0
1237,6610,276,160-279,156.407795100993,75.59669246625485,0.9973584640713358,95.96946632306849,52.050517206606656,361.4895195883256,18376.98828125,4.0,3.825,1.35,0.35294117647058826,18146.94140625,230.046875,3.55,0.4500000000000002,3.825,0.0,1.35,0.0,0.35294117647058826,0.0
1238,2706,2248,2093-2500,911.1516698926392,244.32457045367698,0.9989747380150374,975.1122145196583,264.3016516644022,2169.8089999702997,203758.15625,3.55,3.775,0.4500000000000002,0.11920529801324509,204418.3125,660.15625,3.55,0.0,3.775,0.0,0.4500000000000002,0.0,0.11920529801324509,0.0
1239,1173,1916,1679-2092,705.9358175481308,229.11690202849016,0.999233682981213,938.0093417835143,258.6908755095109,1965.1575024651002,179062.515625,3.55,3.775,0.4500000000000002,0.11920529801324509,178933.234375,129.28125,3.55,0.0,3.775,0.0,0.4500000000000002,0.0,0.11920529801324509,0.0
1240,5147,1950,1679-2092,469.0523925830929,185.11474594122845,0.9996744938882267,354.28412284847,139.43357252038044,1293.9604386689607,181141.0625,3.55,3.775,0.4500000000000002,0.11920529801324509,181158.515625,17.453125,3.55,0.0,3.775,0.0,0.4500000000000002,0.0,0.11920529801324509,0.0
1241,2297,305,280-427,203.62089172558385,91.36635871322466,0.9964638241674487,163.27403136738803,78.32151860776155,491.3348930979264,21051.45703125,4.0,3.825,1.35,0.35294117647058826,20565.16796875,486.2890625,4.0,0.0,3.825,0.0,1.35,0.0,0.35294117647058826,0.0
1242,9022,221,160-279,157.24838967089073,73.32623117402947,0.9955043238493133,137.77126393692015,72.70846026876698,364.50779009741154,14777.791015625,3.55,3.825,1.35,0.35294117647058826,14388.888671875,388.90234375,3.55,0.0,3.825,0.0,1.35,0.0,0.35294117647058826,0.0
1243,4874,321,280-427,299.7688212310428,120.89117135324892,0.9931313306506456,340.03249513813273,138.75248386548913,832.0527508856682,23323.27734375,3.55,3.575,0.8500000000000001,0.2377622377622378,21899.318359375,1423.958984375,3.55,0.0,3.825,0.25,1.35,0.5,0.35294117647058826,0.11517893870835047
1244,5412,826,428-848,391.73123311205245,173.1433771370266,0.9987003801928247,256.61314221090606,122.50265370244566,867.4102071043997,70110.8671875,3.55,3.775,0.4500000000000002,0.11920529801324509,69554.5078125,556.359375,3.55,0.0,3.775,0.0,0.4500000000000002,0.0,0.11920529801324509,0.0
1245,7645,348,280-427,247.93873803353543,106.7696820794147,0.9959091310546497,96.54191235399179,62.15437648607337,535.8009532260086,23721.119140625,3.55,3.825,1.35,0.35294117647058826,23969.4609375,248.341796875,3.55,0.0,3.825,0.0,1.35,0.0,0.35294117647058826,0.0
1246,7433,2431,2093-2500,296.1789245134883,120.40601660686991,0.999903006965454,357.73878109795646,154.96572477921197,822.5568832547971,214942.21875,3.55,3.775,0.4500000000000002,0.11920529801324509,216036.875,1094.65625,3.55,0.0,3.775,0.0,0.4500000000000002,0.0,0.11920529801324509,0.0
1247,227,1540,1268-1678,805.9841102308309,262.32827858196754,0.9985848149774633,1182.7958281186336,420.7216903023098,2394.5823836740847,144290.015625,3.55,3.775,0.4500000000000002,0.11920529801324509,142295.046875,1994.96875,3.55,0.0,3.775,0.0,0.4500000000000002,0.0,0.11920529801324509,0.0
1248,247,1487,1268-1678,532.9372714743041,214.63478488451088,0.9993352865424247,715.2848012671104,268.73065981657606,1560.1818556114872,141580.6875,3.55,3.775,0.4500000000000002,0.11920529801324509,138472.671875,3108.015625,3.55,0.0,3.775,0.0,0.4500000000000002,0.0,0.11920529801324509,0.0
1249,8010,1350,1268-1678,564.9190871392185,207.57228842441725,0.9990752659272173,690.8366081858769,234.0389245074728,1653.813659061679,124947.0625,3.55,3.775,0.4500000000000002,0.11920529801324509,123523.7265625,1423.3359375,3.55,0.0,3.775,0.0,0.4500000000000002,0.0,0.11920529801324509,0.0
1250,2769,665,428-848,388.99864615468766,152.19136577599568,0.9977099027687479,587.3331093775986,202.4306799847147,1080.9505937540225,51054.15625,4.0,3.575,0.8500000000000001,0.2377622377622378,53390.96484375,2336.80859375,3.55,0.4500000000000002,3.575,0.0,0.8500000000000001,0.0,0.2377622377622378,0.0
1251,1252,672,428-848,273.239041439147,126.03719891148442,0.998971817526658,223.12624075234731,108.4243694802989,567.7129538936283,52581.48046875,3.55,3.575,0.8500000000000001,0.2377622377622378,53080.640625,499.16015625,3.55,0.0,3.575,0.0,0.8500000000000001,0.0,0.2377622377622378,0.0
1252,3139,735,428-848,900.3140962653465,275.4866422639266,0.9918694890807915,1291.676138619422,341.22537894870925,2745.5329168764565,66329.1171875,3.55,3.775,0.4500000000000002,0.11920529801324509,60191.51953125,6137.59765625,3.55,0.0,3.575,0.19999999999999973,0.8500000000000001,0.3999999999999999,0.2377622377622378,0.1185569397489927
1253,8002,2319,2093-2500,360.5022546161261,125.53914590480639,0.9998482585656225,333.1189393904555,134.6649753736413,888.6232222779544,208068.875,3.55,3.775,0.4500000000000002,0.11920529801324509,208929.5,860.625,3.55,0.0,3.775,0.0,0.4500000000000002,0.0,0.11920529801324509,0.0
1254,1824,748,428-848,374.0740275574091,158.2391707745096,0.9984866159209845,257.34675545263696,108.8084079908288,959.3876845035564,61341.328125,4.0,3.575,0.8500000000000001,0.2377622377622378,61436.60546875,95.27734375,3.55,0.4500000000000002,3.575,0.0,0.8500000000000001,0.0,0.2377622377622378,0.0
1255,4390,200,160-279,150.27167923555905,72.35851153945923,0.9950426372981075,99.89114098612582,57.67112930961277,321.4123173919652,12476.2490234375,3.55,3.825,1.35,0.35294117647058826,12515.541015625,39.2919921875,3.55,0.0,3.825,0.0,1.35,0.0,0.35294117647058826,0.0
1256,9238,1239,849-1267,459.28130898266454,190.27144431125808,0.9992613229127665,516.8014819454361,208.67965565557066,1293.3410478862831,111171.1875,3.55,3.775,0.4500000000000002,0.11920529801324509,112951.6171875,1780.4296875,3.55,0.0,3.775,0.0,0.4500000000000002,0.0,0.11920529801324509,0.0
1257,3869,217,160-279,218.62905393352116,94.58917314922499,0.9908611847091997,258.3939297419729,101.33312192170516,566.3945415924873,15091.9833984375,3.55,3.825,1.35,0.35294117647058826,14468.365234375,623.6181640625,3.55,0.0,3.825,0.0,1.35,0.0,0.35294117647058826,0.0
1258,3282,837,428-848,377.41436314636456,170.21411095766814,0.998771507444036,257.3695863196622,137.77072010869566,969.7386115597383,70334.7265625,3.55,3.775,0.4500000000000002,0.11920529801324509,69861.296875,473.4296875,3.55,0.0,3.775,0.0,0.4500000000000002,0.0,0.11920529801324509,0.0
1259,2798,666,428-848,483.9768996686671,189.74161275926673,0.996557864919806,562.3938718843448,174.72110118036684,1383.1943099800474,52890.265625,4.0,3.575,0.8500000000000001,0.2377622377622378,52840.4453125,49.8203125,4.0,0.0,3.575,0.0,0.8500000000000001,0.0,0.2377622377622378,0.0
1260,4185,249,160-279,144.62298651757905,70.3514766504039,0.9970512364676878,58.52419910606664,36.32958453634511,266.9231253042744,16457.8828125,3.55,3.825,1.35,0.35294117647058826,16428.7578125,29.125,3.55,0.0,3.825,0.0,1.35,0.0,0.35294117647058826,0.0
1261,4757,424,280-427,226.8839904070557,105.4839181048186,0.9976649953749045,297.10581012819955,123.78773034137228,560.7709891159335,28940.529296875,3.55,3.825,1.35,0.35294117647058826,29457.046875,516.517578125,3.55,0.0,3.825,0.0,1.35,0.0,0.35294117647058826,0.0
1262,1911,629,428-848,516.5972601354468,201.78790509594626,0.9955716007749642,790.2160765383687,303.690697711447,1498.5936501743838,50755.12890625,3.55,3.575,0.8500000000000001,0.2377622377622378,49436.3203125,1318.80859375,4.0,0.4500000000000002,3.575,0.0,0.8500000000000001,0.0,0.2377622377622378,0.0
1263,3557,849,849-1267,375.8666614788038,170.0768152853261,0.9988053219997365,508.8940140237268,213.1116359544837,913.7511388973438,69505.6015625,3.55,3.775,0.4500000000000002,0.11920529801324509,71103.09375,1597.4921875,3.55,0.0,3.775,0.0,0.4500000000000002,0.0,0.11920529801324509,0.0
1264,7364,1706,1679-2092,502.9986677513126,194.56755660746202,0.9995105375540618,842.3191437811237,296.2433657438859,1383.159856903663,156224.15625,3.55,3.775,0.4500000000000002,0.11920529801324509,159090.84375,2866.6875,3.55,0.0,3.775,0.0,0.4500000000000002,0.0,0.11920529801324509,0.0
1265,7850,2320,2093-2500,353.47154489728166,129.00117749341882,0.9998546216346421,144.508383965064,77.76037066915761,930.8802473360892,208541.9375,3.55,3.775,0.4500000000000002,0.11920529801324509,208793.265625,251.328125,3.55,0.0,3.775,0.0,0.4500000000000002,0.0,0.11920529801324509,0.0
1266,6813,220,160-279,167.67105016600567,77.69831834767383,0.9948665536655925,222.18196057153398,93.59518830672555,397.0946382702828,14999.8916015625,4.0,3.825,1.35,0.35294117647058826,14326.4462890625,673.4453125,3.55,0.4500000000000002,3.825,0.0,1.35,0.0,0.35294117647058826,0.0
1267,2572,1829,1679-2092,544.2996763777267,216.12657782101837,0.9994979570475897,436.643921083247,208.9058997112772,1436.2059527091906,169699.84375,3.55,3.775,0.4500000000000002,0.11920529801324509,170720.78125,1020.9375,3.55,0.0,3.775,0.0,0.4500000000000002,0.0,0.11920529801324509,0.0
1268,2157,2352,2093-2500,328.8127693313433,110.42555182999321,0.9998758837920507,239.1494543410778,96.43526027513587,788.4699585407745,210806.125,3.55,3.775,0.4500000000000002,0.11920529801324509,211525.703125,719.578125,3.55,0.0,3.775,0.0,0.4500000000000002,0.0,0.11920529801324509,0.0
1269,8686,2076,1679-2092,555.179932986219,192.6616188572096,0.9995876427941455,418.9060890641162,164.44871985394022,1562.3691951697,193318.625,3.55,3.775,0.4500000000000002,0.11920529801324509,191475.1875,1843.4375,3.55,0.0,3.775,0.0,0.4500000000000002,0.0,0.11920529801324509,0.0
1270,3948,916,849-1267,858.3542899634054,303.58402047583536,0.9948079236625758,1126.8095992470192,382.2752632472826,2519.7437732936546,76085.609375,4.0,3.575,0.8500000000000001,0.2377622377622378,78717.59375,2631.984375,3.55,0.4500000000000002,3.775,0.19999999999999973,0.4500000000000002,0.3999999999999999,0.11920529801324509,0.1185569397489927
1271,6996,6,0-100,90.55955899234519,45.061402073759744,-0.7438229135157681,33.210737932007824,18.293713901353918,207.9103885177652,354.2920227050781,3.55,3.825,1.35,0.35294117647058826,268.8633117675781,85.4287109375,4.0,0.4500000000000002,3.9,0.07499999999999973,2.2,0.8500000000000001,0.5641025641025642,0.21116138763197595
1272,9903,665,428-848,567.2199837538144,207.00513230365254,0.9953196829327211,961.5095248805346,323.0860754925272,1695.6839302616588,53719.6015625,4.0,3.575,0.8500000000000001,0.2377622377622378,52517.67578125,1201.92578125,3.55,0.4500000000000002,3.575,0.0,0.8500000000000001,0.0,0.2377622377622378,0.0
1273,7909,2400,2093-2500,210.72036342078027,88.53525565557065,0.9999501959741629,189.92260082627354,75.28355341372283,534.4172388682421,213346.640625,3.55,3.775,0.4500000000000002,0.11920529801324509,213773.71875,427.078125,3.55,0.0,3.775,0.0,0.4500000000000002,0.0,0.11920529801324509,0.0
1274,2648,2201,2093-2500,1065.8952333455077,254.6580881108823,0.9986287499222429,2076.699659961592,512.7525687839674,3244.9116174411565,201781.453125,3.55,3.775,0.4500000000000002,0.11920529801324509,200898.703125,882.75,3.55,0.0,3.775,0.0,0.4500000000000002,0.0,0.11920529801324509,0.0
1275,1649,832,428-848,372.1805548474276,163.44181283768364,0.9988529436717318,147.27416809169637,85.5769573709239,909.5476327219995,70714.2578125,3.55,3.775,0.4500000000000002,0.11920529801324509,70490.4765625,223.78125,3.55,0.0,3.775,0.0,0.4500000000000002,0.0,0.11920529801324509,0.0
1276,7305,1832,1679-2092,731.6853712348079,265.5714391845703,0.9991342857616049,1048.7440627214314,374.98966117527175,2141.227606030212,175798.484375,3.55,3.775,0.4500000000000002,0.11920529801324509,172257.28125,3541.203125,3.55,0.0,3.775,0.0,0.4500000000000002,0.0,0.11920529801324509,0.0
1277,4700,1513,1268-1678,520.9357089229426,205.14810460152003,0.9993875857834574,468.8490423376338,163.86909816576087,1438.2765991977958,142173.90625,3.55,3.775,0.4500000000000002,0.11920529801324509,140141.6875,2032.21875,3.55,0.0,3.775,0.0,0.4500000000000002,0.0,0.11920529801324509,0.0
1278,4912,2077,1679-2092,524.8874660836194,189.14707401866085,0.999623457278627,632.3917532682713,254.7208305027174,1406.6327497984598,190275.796875,3.55,3.775,0.4500000000000002,0.11920529801324509,192663.546875,2387.75,3.55,0.0,3.775,0.0,0.4500000000000002,0.0,0.11920529801324509,0.0
1279,6502,170,160-279,136.39593361168102,66.57080344981318,0.9932968583738382,136.2845883744113,65.84064782184103,313.2742611513724,10363.7265625,3.55,3.825,1.35,0.35294117647058826,10922.25,558.5234375,3.55,0.0,3.825,0.0,1.35,0.0,0.35294117647058826,0.0
1280,1371,1510,1268-1678,396.96491041003395,169.9840633909806,0.9996271049975076,495.63538017550235,220.4657141644022,1121.3070399177418,138354.796875,3.55,3.775,0.4500000000000002,0.11920529801324509,139956.234375,1601.4375,3.55,0.0,3.775,0.0,0.4500000000000002,0.0,0.11920529801324509,0.0
1281,1513,937,849-1267,334.289659113346,149.22954296211574,0.9992946393275646,222.02210234579124,122.22318699048913,883.7387514598198,79631.1171875,3.55,3.775,0.4500000000000002,0.11920529801324509,80355.3515625,724.234375,3.55,0.0,3.775,0.0,0.4500000000000002,0.0,0.11920529801324509,0.0
1282,809,1952,1679-2092,438.43086524312145,173.39276999538257,0.9997103269269791,577.8857051649157,216.15913722826087,1232.177861970997,179174.28125,3.55,3.775,0.4500000000000002,0.11920529801324509,181771.625,2597.34375,3.55,0.0,3.775,0.0,0.4500000000000002,0.0,0.11920529801324509,0.0
1283,3368,2490,2093-2500,156.60073829305506,70.80323156844429,0.9999736880173318,230.39395310577643,96.9625827955163,416.2994313989831,218201.5,3.55,3.775,0.4500000000000002,0.11920529801324509,218489.234375,287.734375,3.55,0.0,3.775,0.0,0.4500000000000002,0.0,0.11920529801324509,0.0
1284,867,517,428-848,333.6466039118974,139.10020359974737,0.9969724489796947,396.57687456469193,171.35862400220788,881.3710156426209,38089.88671875,4.0,3.825,1.35,0.35294117647058826,38746.203125,656.31640625,3.55,0.4500000000000002,3.575,0.25,0.8500000000000001,0.5,0.2377622377622378,0.11517893870835047
1285,2229,1837,1679-2092,512.7867719780794,203.15989240205184,0.999578222264153,688.8501657307057,268.1352857506794,1472.9970490782275,173911.125,3.55,3.775,0.4500000000000002,0.11920529801324509,171265.71875,2645.40625,3.55,0.0,3.775,0.0,0.4500000000000002,0.0,0.11920529801324509,0.0
1286,5992,550,428-848,375.5245228926288,154.838374003004,0.9962761616864948,540.1764621906678,215.23891813858697,1019.571091290096,39196.71484375,3.55,3.825,1.35,0.35294117647058826,40677.265625,1480.55078125,3.55,0.0,3.575,0.25,0.8500000000000001,0.5,0.2377622377622378,0.11517893870835047
1287,2635,2497,2093-2500,152.65869552998947,69.13570093622623,0.9999750828235701,212.59688888468912,87.0104343580163,396.8428504490277,218626.6875,3.55,3.775,0.4500000000000002,0.11920529801324509,218928.21875,301.53125,3.55,0.0,3.775,0.0,0.4500000000000002,0.0,0.11920529801324509,0.0
1288,948,31,0-100,87.58626000069684,46.52231771811195,0.92346337326311,74.95150272452429,39.780035433561906,197.10238190963966,1787.1890869140625,3.55,3.825,1.35,0.35294117647058826,2024.7913818359375,237.602294921875,3.55,0.0,3.825,0.0,1.35,0.0,0.35294117647058826,0.0
1289,3477,2388,2093-2500,641.0179304033375,168.34133778129245,0.9995317120696423,925.109964075569,251.8257366677989,1919.62451965617,212510.4375,3.55,3.775,0.4500000000000002,0.11920529801324509,213024.375,513.9375,3.55,0.0,3.775,0.0,0.4500000000000002,0.0,0.11920529801324509,0.0
1290,4487,1440,1268-1678,673.2237206428296,244.0022895460046,0.9988956889425092,897.2593086834071,296.04459281589675,1926.9224100484114,137946.328125,3.55,3.775,0.4500000000000002,0.11920529801324509,133829.046875,4117.28125,3.55,0.0,3.775,0.0,0.4500000000000002,0.0,0.11920529801324509,0.0
1291,2213,1113,849-1267,509.742651057345,197.23117358252483,0.998868416093035,736.7527731524536,255.09782077955163,1500.5723892654403,96094.078125,3.55,3.775,0.4500000000000002,0.11920529801324509,99471.0703125,3376.9921875,3.55,0.0,3.775,0.0,0.4500000000000002,0.0,0.11920529801324509,0.0
1292,6593,1408,1268-1678,521.4217848783597,201.9881882090693,0.9993006596543691,780.1243911498019,273.54741635529894,1518.3455385740922,133832.703125,3.55,3.775,0.4500000000000002,0.11920529801324509,130256.4296875,3576.2734375,3.55,0.0,3.775,0.0,0.4500000000000002,0.0,0.11920529801324509,0.0
1293,838,2241,2093-2500,1865.8742499979223,403.0096527847953,0.9957654536420286,312.7954194788583,124.68851902173913,4507.065350429871,204376.375,3.55,3.775,0.4500000000000002,0.11920529801324509,203608.421875,767.953125,3.55,0.0,3.775,0.0,0.4500000000000002,0.0,0.11920529801324509,0.0
1294,3281,293,280-427,189.01029212051847,87.023079345388,0.9966741175847333,141.4160148372727,66.66737564750339,391.8183352008014,19724.205078125,3.55,3.825,1.35,0.35294117647058826,19974.875,250.669921875,3.55,0.0,3.825,0.0,1.35,0.0,0.35294117647058826,0.0
1295,4026,2147,2093-2500,754.6338658990566,239.1126901924465,0.9992697419704939,528.812536195902,211.8662640115489,2077.1605344730415,198324.84375,3.55,3.775,0.4500000000000002,0.11920529801324509,195993.90625,2330.9375,3.55,0.0,3.775,0.0,0.4500000000000002,0.0,0.11920529801324509,0.0
1296,401,549,428-848,251.8205315273726,107.57637328305452,0.9985822544094969,158.13659306865856,84.53073518172555,592.4715484169733,41689.08984375,3.55,3.575,0.8500000000000001,0.2377622377622378,42272.44921875,583.359375,3.55,0.0,3.575,0.0,0.8500000000000001,0.0,0.2377622377622378,0.0
1297,7817,428,428-848,273.4496631188789,118.10517029966272,0.9967895003909236,268.60479711357766,126.06337837550952,695.6403099130778,31024.97265625,3.55,3.825,1.35,0.35294117647058826,30798.943359375,226.029296875,4.0,0.4500000000000002,3.825,0.0,1.35,0.0,0.35294117647058826,0.0
1298,6140,508,428-848,364.2699951575369,149.0483295367697,0.9965419832603913,384.8774492947829,151.6494724439538,1035.5669658130012,39646.82421875,4.0,3.575,0.8500000000000001,0.2377622377622378,37959.88671875,1686.9375,4.0,0.0,3.575,0.0,0.8500000000000001,0.0,0.2377622377622378,0.0
1299,3545,1205,849-1267,361.70041476131087,153.6581396627675,0.9995296561111842,486.45857547526987,191.05428944463316,1001.0589074339518,110961.1171875,3.55,3.775,0.4500000000000002,0.11920529801324509,108964.6015625,1996.515625,3.55,0.0,3.775,0.0,0.4500000000000002,0.0,0.11920529801324509,0.0
1300,1901,2306,2093-2500,405.51788400666527,131.51960058991804,0.9998082041145042,402.6540800343293,121.00087041440217,1119.8342267715573,207857.5625,3.55,3.775,0.4500000000000002,0.11920529801324509,207907.6875,50.125,3.55,0.0,3.775,0.0,0.4500000000000002,0.0,0.11920529801324509,0.0
1301,149,831,428-848,412.2400018521003,163.48308404992144,0.9985590411177634,479.03136074506995,190.66035793138587,1167.6297375768977,70631.484375,3.55,3.775,0.4500000000000002,0.11920529801324509,68581.171875,2050.3125,3.55,0.0,3.575,0.19999999999999973,0.8500000000000001,0.3999999999999999,0.2377622377622378,0.1185569397489927
1302,3142,1751,1679-2092,515.8213074292239,201.81806215621285,0.9995293377357393,907.925457316424,341.5665760869565,1436.4696751223282,161839.625,3.55,3.775,0.4500000000000002,0.11920529801324509,164071.3125,2231.6875,3.55,0.0,3.775,0.0,0.4500000000000002,0.0,0.11920529801324509,0.0
1303,5375,726,428-848,561.1882078676477,220.75122564458434,0.9959148301194848,823.1967370489857,285.6818741508152,1632.1122563599279,55079.78515625,4.0,3.575,0.8500000000000001,0.2377622377622378,58066.5234375,2986.73828125,3.55,0.4500000000000002,3.575,0.0,0.8500000000000001,0.0,0.2377622377622378,0.0
1304,4524,1289,1268-1678,430.21463924979633,182.1072827206819,0.9994259876043519,575.8605429807764,228.10527237601903,1200.39954524891,118933.1015625,3.55,3.775,0.4500000000000002,0.11920529801324509,117778.796875,1154.3046875,3.55,0.0,3.775,0.0,0.4500000000000002,0.0,0.11920529801324509,0.0
1305,2817,229,160-279,188.3489627551234,84.54121277119181,0.9940258211878267,61.54367066170664,35.58244920813519,453.4771287404602,14916.22265625,4.0,3.825,1.35,0.35294117647058826,14962.2470703125,46.0244140625,3.55,0.4500000000000002,3.825,0.0,1.35,0.0,0.35294117647058826,0.0
1306,7849,298,280-427,188.57960247999995,87.49676619455089,0.9967914359198179,237.19842405343496,85.71809984290081,475.56671015656536,20712.111328125,4.0,3.825,1.35,0.35294117647058826,19627.283203125,1084.828125,4.0,0.0,3.825,0.0,1.35,0.0,0.35294117647058826,0.0
1307,4109,386,280-427,286.5893357505905,116.52694891314299,0.9955775419289107,433.46169993792734,139.4583740234375,799.8567165116251,27588.189453125,4.0,3.575,0.8500000000000001,0.2377622377622378,26243.970703125,1344.21875,3.55,0.4500000000000002,3.825,0.25,1.35,0.5,0.35294117647058826,0.11517893870835047
1308,8160,1691,1679-2092,449.27344458532497,181.66752200025476,0.9996069687912256,709.7762621779608,276.7345023777174,1313.4100481344326,155319.40625,3.55,3.775,0.4500000000000002,0.11920529801324509,158356.65625,3037.25,3.55,0.0,3.775,0.0,0.4500000000000002,0.0,0.11920529801324509,0.0
1309,7490,860,849-1267,351.71792866070984,156.10803646956734,0.9990377426414133,171.27473553887282,78.94282332710598,887.453513886014,73732.4921875,3.55,3.775,0.4500000000000002,0.11920529801324509,73045.03125,687.4609375,3.55,0.0,3.775,0.0,0.4500000000000002,0.0,0.11920529801324509,0.0
1310,2775,250,160-279,207.61100860116898,81.77474227454144,0.9939189011009537,152.90738902465574,74.80651988153872,506.0181172792909,17211.359375,3.55,3.825,1.35,0.35294117647058826,16705.029296875,506.330078125,3.55,0.0,3.825,0.0,1.35,0.0,0.35294117647058826,0.0
1311,7723,2440,2093-2500,261.3448905524791,98.61045257727582,0.9999245668156734,439.3811923281651,167.43849779211956,746.294571676481,214845.6875,3.55,3.775,0.4500000000000002,0.11920529801324509,215999.015625,1153.328125,3.55,0.0,3.775,0.0,0.4500000000000002,0.0,0.11920529801324509,0.0
1312,7703,1379,1268-1678,649.4134870941901,230.67775106784987,0.9988448470072148,1023.8463255314855,302.91739555027175,1866.7247153923456,131534.765625,3.55,3.775,0.4500000000000002,0.11920529801324509,126683.8203125,4850.9453125,3.55,0.0,3.775,0.0,0.4500000000000002,0.0,0.11920529801324509,0.0
1313,1182,964,849-1267,439.31113677149887,188.6550778681216,0.9988366463278633,630.0671741788154,260.71383003566575,1209.9136414806164,85348.5625,3.55,3.775,0.4500000000000002,0.11920529801324509,83051.84375,2296.71875,3.55,0.0,3.775,0.0,0.4500000000000002,0.0,0.11920529801324509,0.0
1314,7816,1459,1268-1678,445.6896973428379,181.6522246353813,0.9994997844217742,588.4598024957653,271.18953804347825,1256.8210894203812,133411.15625,3.55,3.775,0.4500000000000002,0.11920529801324509,135649.40625,2238.25,3.55,0.0,3.775,0.0,0.4500000000000002,0.0,0.11920529801324509,0.0
1315,6943,1918,1679-2092,481.872899798944,175.02234207896356,0.999651065766618,243.46763433482326,151.1255944293478,1261.48867957818,179793.5,3.55,3.775,0.4500000000000002,0.11920529801324509,180121.59375,328.09375,3.55,0.0,3.775,0.0,0.4500000000000002,0.0,0.11920529801324509,0.0
1316,95,622,428-848,379.93660538749214,154.11613449172972,0.9972441426255524,541.1910534593734,205.16179358440897,1054.5049882922006,45912.21875,3.55,3.575,0.8500000000000001,0.2377622377622378,48345.6953125,2433.4765625,3.55,0.0,3.575,0.0,0.8500000000000001,0.0,0.2377622377622378,0.0
1317,2894,2257,2093-2500,379.3973339488686,142.26892056194802,0.9998268504260721,311.17592222757736,121.46143639605978,1072.1639525628805,204252.765625,3.55,3.775,0.4500000000000002,0.11920529801324509,204478.875,226.109375,3.55,0.0,3.775,0.0,0.4500000000000002,0.0,0.11920529801324509,0.0
1318,2396,1117,849-1267,375.215735050349,162.87927818285073,0.9993951991288892,388.93351020665654,159.63883109714675,984.7869640166763,98476.8671875,3.55,3.775,0.4500000000000002,0.11920529801324509,98803.1015625,326.234375,3.55,0.0,3.775,0.0,0.4500000000000002,0.0,0.11920529801324509,0.0
1319,1117,1320,1268-1678,480.86354153072614,198.69731553105893,0.9992944695950048,256.4848365917621,125.77210534137228,1293.2812967432842,120571.0390625,3.55,3.775,0.4500000000000002,0.11920529801324509,121067.5625,496.5234375,3.55,0.0,3.775,0.0,0.4500000000000002,0.0,0.11920529801324509,0.0
1320,6644,136,101-159,138.2229357753081,68.30710416404061,0.990672669185618,130.08192152981303,67.20034989066745,305.89799182790125,8696.8095703125,4.0,3.825,1.35,0.35294117647058826,8352.544921875,344.2646484375,3.55,0.4500000000000002,3.825,0.0,1.35,0.0,0.35294117647058826,0.0
1321,3056,135,101-159,127.76731497001308,59.34760878868725,0.9917708295604639,111.2573524366193,44.90000053074049,279.7345284308652,8567.658203125,4.0,3.825,1.35,0.35294117647058826,8511.4951171875,56.1630859375,3.55,0.4500000000000002,3.825,0.0,1.35,0.0,0.35294117647058826,0.0
1322,1287,1159,849-1267,508.264916384176,209.47725812484077,0.9989307774880893,736.6047889608035,247.69125764266303,1425.3870502216582,100756.71875,3.55,3.775,0.4500000000000002,0.11920529801324509,104090.109375,3333.390625,3.55,0.0,3.775,0.0,0.4500000000000002,0.0,0.11920529801324509,0.0
1323,2459,1498,1268-1678,692.5380082316356,243.9162558147928,0.998836235196057,737.1911549681041,251.85499108355978,2072.6469983200886,136008.546875,3.55,3.775,0.4500000000000002,0.11920529801324509,139339.328125,3330.78125,3.55,0.0,3.775,0.0,0.4500000000000002,0.0,0.11920529801324509,0.0
1324,9473,964,849-1267,394.87994771666973,178.89714486455503,0.9990516624496435,329.7988091489199,167.10647715692934,988.7963785824602,84114.2578125,3.55,3.775,0.4500000000000002,0.11920529801324509,83320.546875,793.7109375,3.55,0.0,3.775,0.0,0.4500000000000002,0.0,0.11920529801324509,0.0
1325,9248,346,280-427,368.74188565277376,146.16111176625128,0.9903537499435232,522.4594080306103,193.2266155740489,1025.3513537708882,25057.7265625,3.55,3.575,0.8500000000000001,0.2377622377622378,22943.84765625,2113.87890625,3.55,0.0,3.825,0.25,1.35,0.5,0.35294117647058826,0.11517893870835047
1326,2299,1041,849-1267,868.3292686265729,283.45101943890114,0.9964139959860294,1122.0770020894527,371.7971934442935,2591.2976937418134,89304.703125,3.55,3.775,0.4500000000000002,0.11920529801324509,91894.4296875,2589.7265625,3.55,0.0,3.775,0.0,0.4500000000000002,0.0,0.11920529801324509,0.0
1327,9199,208,160-279,191.53393744033605,87.2609987548828,0.9930361551154326,188.73901479031076,77.49111673106317,448.91192580396694,14031.27734375,4.0,3.825,1.35,0.35294117647058826,13261.0966796875,770.1806640625,3.55,0.4500000000000002,3.825,0.0,1.35,0.0,0.35294117647058826,0.0
1328,2836,2148,2093-2500,717.9569853368474,225.28337679721997,0.9993271869457521,636.1321987190825,221.3815281080163,1971.960067111516,196475.953125,3.55,3.775,0.4500000000000002,0.11920529801324509,196781.140625,305.1875,3.55,0.0,3.775,0.0,0.4500000000000002,0.0,0.11920529801324509,0.0
1329,5626,116,101-159,116.65015481475587,56.87694627701303,0.989454890852337,73.6896259756728,32.48236083984375,222.73425571849822,7043.0224609375,4.0,3.825,1.35,0.35294117647058826,7266.38232421875,223.35986328125,3.55,0.4500000000000002,3.825,0.0,1.35,0.0,0.35294117647058826,0.0
1330,7246,581,428-848,335.89445886359823,142.27155123125158,0.9975918737463702,225.43762598965503,105.64108143682066,862.9591313455431,42613.55859375,4.0,3.575,0.8500000000000001,0.2377622377622378,43390.78125,777.22265625,3.55,0.4500000000000002,3.575,0.0,0.8500000000000001,0.0,0.2377622377622378,0.0
1331,8952,1655,1268-1678,1046.485870702916,285.6041294200068,0.9977809938263509,1701.5450681444456,436.94972826086956,3029.2140173105886,154816.9375,3.55,3.775,0.4500000000000002,0.11920529801324509,154405.59375,411.34375,3.55,0.0,3.775,0.0,0.4500000000000002,0.0,0.11920529801324509,0.0
1332,6097,1826,1679-2092,592.2065110744297,202.90206283012057,0.9994051784149092,820.215866975194,254.59316618546197,1591.2353369647244,171367.265625,3.55,3.775,0.4500000000000002,0.11920529801324509,170788.90625,578.359375,3.55,0.0,3.775,0.0,0.4500000000000002,0.0,0.11920529801324509,0.0
1333,9765,1472,1268-1678,749.6603663898485,252.20912080343496,0.9985966315855546,1085.5819313723282,322.1124214504076,2189.595144053845,131611.3125,3.55,3.775,0.4500000000000002,0.11920529801324509,136739.34375,5128.03125,3.55,0.0,3.775,0.0,0.4500000000000002,0.0,0.11920529801324509,0.0
1334,6050,514,428-848,375.49171401188784,154.89313138175632,0.9959632473700538,455.9413854213763,196.13689124065897,953.8127284290701,38636.68359375,3.55,3.575,0.8500000000000001,0.2377622377622378,37541.7734375,1094.91015625,3.55,0.0,3.825,0.25,1.35,0.5,0.35294117647058826,0.11517893870835047
1335,5082,531,428-848,333.26061294163105,144.481304258529,0.9970692731576274,385.0604687599417,145.42464546535325,816.0128492326864,38981.25390625,3.55,3.575,0.8500000000000001,0.2377622377622378,39401.875,420.62109375,3.55,0.0,3.575,0.0,0.8500000000000001,0.0,0.2377622377622378,0.0
1336,8171,0,0-100,146.69159912030432,77.17334719981318,nan,82.99545928499917,49.02659327050914,146.69159912030432,0.0,1.0,6.75,11.5,1.7037037037037037,18.858423233032227,18.858423233032227,12.5,11.5,8.25,1.5,8.5,3.0,1.0303030303030303,0.6734006734006734
1337,7660,1691,1679-2092,370.647610684658,153.10507284413214,0.9997381635904915,264.70226759204655,134.28441321331522,1010.6850736445033,157548.125,3.55,3.775,0.4500000000000002,0.11920529801324509,157425.65625,122.46875,3.55,0.0,3.775,0.0,0.4500000000000002,0.0,0.11920529801324509,0.0
1338,2440,1989,1679-2092,1514.9093764207712,378.81161265019955,0.9965784379131725,2152.286060337,566.4420006793479,4355.164347230273,185931.421875,3.55,3.775,0.4500000000000002,0.11920529801324509,184451.09375,1480.328125,3.55,0.0,3.775,0.0,0.4500000000000002,0.0,0.11920529801324509,0.0
1339,1240,311,280-427,266.0933283090431,113.45873380090465,0.9938924799035308,377.36378282744323,149.03833140497622,689.2302999644106,22333.734375,3.55,3.825,1.35,0.35294117647058826,21028.869140625,1304.865234375,3.55,0.0,3.825,0.0,1.35,0.0,0.35294117647058826,0.0
1340,2255,1724,1679-2092,839.4835605522806,254.2747524017334,0.9986830007252425,1210.635463678166,325.05941109035325,2339.928178263804,161791.046875,3.55,3.775,0.4500000000000002,0.11920529801324509,161550.8125,240.234375,3.55,0.0,3.775,0.0,0.4500000000000002,0.0,0.11920529801324509,0.0
1341,1630,1007,849-1267,500.9621901784688,209.3639736490001,0.9987008877132744,568.4467003952763,241.81623641304347,1427.7982729479118,89812.0,3.55,3.775,0.4500000000000002,0.11920529801324509,87283.90625,2528.09375,3.55,0.0,3.775,0.0,0.4500000000000002,0.0,0.11920529801324509,0.0
1342,7280,830,428-848,455.0730278418579,193.9316192698603,0.9980638590413562,627.3369819377386,286.5514977496603,1265.5140241489755,67668.5078125,3.55,3.775,0.4500000000000002,0.11920529801324509,68402.3515625,733.84375,3.55,0.0,3.575,0.19999999999999973,0.8500000000000001,0.3999999999999999,0.2377622377622378,0.1185569397489927
1343,9234,1492,1268-1678,445.5526712514158,177.59180705513333,0.9995253667180438,496.1519463615454,199.1951851222826,1241.5458735984428,136761.828125,3.55,3.775,0.4500000000000002,0.11920529801324509,138347.765625,1585.9375,3.55,0.0,3.775,0.0,0.4500000000000002,0.0,0.11920529801324509,0.0
1344,6809,2190,2093-2500,939.2681165718183,255.5501970035719,0.998889856857247,1004.0596322634652,317.3159604279891,2611.948926587841,202119.21875,3.55,3.775,0.4500000000000002,0.11920529801324509,200641.34375,1477.875,3.55,0.0,3.775,0.0,0.4500000000000002,0.0,0.11920529801324509,0.0
1345,9373,754,428-848,411.58291504550436,172.23090125042458,0.9982304785068249,410.9937994022413,180.05744735054347,1127.6898680911056,62181.14453125,3.55,3.575,0.8500000000000001,0.2377622377622378,60614.32421875,1566.8203125,3.55,0.0,3.575,0.0,0.8500000000000001,0.0,0.2377622377622378,0.0
1346,6349,1999,1679-2092,802.6369404484018,229.83450979640796,0.9990656810529713,863.0595092351236,272.3249193274456,2274.72266441588,185714.421875,3.55,3.775,0.4500000000000002,0.11920529801324509,186169.265625,454.84375,3.55,0.0,3.775,0.0,0.4500000000000002,0.0,0.11920529801324509,0.0
1347,4075,581,428-848,412.21873202271587,173.03393979173742,0.9963639891540336,468.07210137427023,217.48553466796875,1087.3222868421378,43296.55859375,3.55,3.575,0.8500000000000001,0.2377622377622378,44860.125,1563.56640625,3.55,0.0,3.575,0.0,0.8500000000000001,0.0,0.2377622377622378,0.0
1348,4172,2006,1679-2092,1556.302263685026,402.80363192563266,0.9964709109525525,1301.8958149324835,421.3994246773098,4141.451638416503,184619.625,3.55,3.775,0.4500000000000002,0.11920529801324509,186752.0625,2132.4375,3.55,0.0,3.775,0.0,0.4500000000000002,0.0,0.11920529801324509,0.0
1349,9794,2198,2093-2500,4921.371863475229,1036.1962588452548,0.9742592121681106,6401.274180916563,1434.746390964674,15280.577195722331,201542.65625,3.55,3.775,0.4500000000000002,0.11920529801324509,200959.265625,583.390625,3.55,0.0,3.775,0.0,0.4500000000000002,0.0,0.11920529801324509,0.0
1350,9737,2110,2093-2500,634.4459641300241,202.9801291989534,0.9994640399486435,526.3488218199943,205.56892195991847,1646.8830813075963,193777.078125,3.55,3.775,0.4500000000000002,0.11920529801324509,194752.59375,975.515625,3.55,0.0,3.775,0.0,0.4500000000000002,0.0,0.11920529801324509,0.0
1351,5630,131,101-159,122.2055734100076,61.694187125516976,0.9912089021760628,59.089520009612265,37.37072820248811,240.45662720801408,8177.7470703125,3.55,3.825,1.35,0.35294117647058826,8121.6875,56.0595703125,3.55,0.0,3.825,0.0,1.35,0.0,0.35294117647058826,0.0
1352,1595,913,849-1267,453.51996138171927,201.75592112453296,0.9985360310307697,586.7403723205792,228.33757218070653,1169.7303799927934,74868.671875,3.55,3.575,0.8500000000000001,0.2377622377622378,77475.328125,2606.65625,3.55,0.0,3.775,0.19999999999999973,0.4500000000000002,0.3999999999999999,0.11920529801324509,0.1185569397489927
1353,9946,1400,1268-1678,370.79834227911505,174.4881724964971,0.999636800947447,410.4519308309185,183.8951256793478,979.4221858177701,130242.921875,3.55,3.775,0.4500000000000002,0.11920529801324509,128761.5390625,1481.3828125,3.55,0.0,3.775,0.0,0.4500000000000002,0.0,0.11920529801324509,0.0
1354,7537,2077,1679-2092,854.6796036020309,243.971985352624,0.9990211760386014,512.7328330257939,187.70224397078803,2193.210883346548,192040.859375,3.55,3.775,0.4500000000000002,0.11920529801324509,192050.421875,9.5625,3.55,0.0,3.775,0.0,0.4500000000000002,0.0,0.11920529801324509,0.0
1355,9220,1380,1268-1678,352.0093941604685,160.19500588405444,0.9996567228270448,244.45937708289813,119.02884043817934,948.6749386145085,126142.296875,3.55,3.775,0.4500000000000002,0.11920529801324509,127073.6328125,931.3359375,3.55,0.0,3.775,0.0,0.4500000000000002,0.0,0.11920529801324509,0.0
1356,6704,1310,1268-1678,498.9016723432747,193.7043970087466,0.9992518085487299,779.1398361198369,251.16274626358697,1452.9961884144711,123916.203125,3.55,3.775,0.4500000000000002,0.11920529801324509,120287.953125,3628.25,3.55,0.0,3.775,0.0,0.4500000000000002,0.0,0.11920529801324509,0.0
1357,5601,87,0-100,119.4803735731163,53.496636033671834,0.9795629719085405,148.95237527216332,51.815898729407266,280.08345572739944,5084.96142578125,4.0,3.825,1.35,0.35294117647058826,5555.76708984375,470.8056640625,3.55,0.4500000000000002,3.825,0.0,1.35,0.0,0.35294117647058826,0.0
1358,323,1192,849-1267,441.1685804090435,172.27275472199813,0.9992475138210245,621.6490320685431,202.3858589504076,1285.3426013817161,104397.828125,3.55,3.775,0.4500000000000002,0.11920529801324509,107322.109375,2924.28125,3.55,0.0,3.775,0.0,0.4500000000000002,0.0,0.11920529801324509,0.0
1359,8285,1323,1268-1678,325.7478596362853,157.86810601063604,0.999682782704916,285.47567738301706,148.3809867527174,791.9620372098454,119602.0078125,3.55,3.775,0.4500000000000002,0.11920529801324509,120204.6875,602.6796875,3.55,0.0,3.775,0.0,0.4500000000000002,0.0,0.11920529801324509,0.0
1360,9600,1653,1268-1678,334.9794303315091,154.36108682436736,0.9997798103683436,311.3659709987118,141.4298042629076,833.848573354299,154356.015625,3.55,3.775,0.4500000000000002,0.11920529801324509,154731.0625,375.046875,3.55,0.0,3.775,0.0,0.4500000000000002,0.0,0.11920529801324509,0.0
1361,5118,517,428-848,321.62913986949474,128.63967935260274,0.9972154087583162,296.12951468752635,141.6641845703125,805.040733056832,39776.44140625,3.55,3.575,0.8500000000000001,0.2377622377622378,38814.32421875,962.1171875,3.55,0.0,3.575,0.0,0.8500000000000001,0.0,0.2377622377622378,0.0
1362,8060,2111,2093-2500,488.55042589553153,164.24931824407162,0.9996830517716015,269.29768831570476,124.02858568274456,1343.4657014295792,193936.875,3.55,3.775,0.4500000000000002,0.11920529801324509,194964.546875,1027.671875,3.55,0.0,3.775,0.0,0.4500000000000002,0.0,0.11920529801324509,0.0
1363,840,1005,849-1267,449.30033022976755,174.4481158781632,0.9988706365798357,709.5050027429082,223.59018873131794,1313.1243301668728,86693.8984375,3.55,3.775,0.4500000000000002,0.11920529801324509,87743.7421875,1049.84375,3.55,0.0,3.775,0.0,0.4500000000000002,0.0,0.11920529801324509,0.0
1364,6907,1475,1268-1678,478.5950243984081,195.60525538170856,0.9994357932345221,711.9422259908729,271.4698963994565,1342.4180971731391,134233.828125,3.55,3.775,0.4500000000000002,0.11920529801324509,137386.515625,3152.6875,3.55,0.0,3.775,0.0,0.4500000000000002,0.0,0.11920529801324509,0.0
1365,5509,613,428-848,427.73467547715086,157.96039891868259,0.9964223482961811,585.6138554076254,209.45862081776494,1247.085140857995,44860.1640625,3.55,3.575,0.8500000000000001,0.2377622377622378,47458.21484375,2598.05078125,3.55,0.0,3.575,0.0,0.8500000000000001,0.0,0.2377622377622378,0.0
1366,7565,220,160-279,130.874319836581,65.14536634254456,0.9969596545785527,77.63577594075085,43.22514542289402,282.5633670993703,14661.8896484375,3.55,3.825,1.35,0.35294117647058826,14541.349609375,120.5400390625,4.0,0.4500000000000002,3.825,0.0,1.35,0.0,0.35294117647058826,0.0
1367,4660,806,428-848,405.1262691788192,177.90414616115405,0.9984065285991817,294.7927662141523,140.2063678243886,1019.418997324068,65540.1796875,3.55,3.575,0.8500000000000001,0.2377622377622378,65703.265625,163.0859375,3.55,0.0,3.575,0.0,0.8500000000000001,0.0,0.2377622377622378,0.0
1368,7554,1317,1268-1678,395.5111253873751,173.8800001915973,0.9995337618323193,507.8575702633844,188.99620520550272,1073.5522184122879,123348.3828125,3.55,3.775,0.4500000000000002,0.11920529801324509,121177.3203125,2171.0625,3.55,0.0,3.775,0.0,0.4500000000000002,0.0,0.11920529801324509,0.0
1369,2715,975,849-1267,546.9262588620417,211.5382718894627,0.9983085703396302,804.2935647866881,346.59870180876356,1594.0394453176518,88168.921875,3.55,3.775,0.4500000000000002,0.11920529801324509,85172.140625,2996.78125,3.55,0.0,3.775,0.0,0.4500000000000002,0.0,0.11920529801324509,0.0
1370,3525,1937,1679-2092,489.66825783106356,174.9270228398862,0.999646536118667,656.7406141104303,220.2952933933424,1309.2386731466108,181197.125,3.55,3.775,0.4500000000000002,0.11920529801324509,180666.5625,530.5625,3.55,0.0,3.775,0.0,0.4500000000000002,0.0,0.11920529801324509,0.0
1371,4088,1896,1679-2092,841.2301119499664,294.691567640487,0.9989292595598194,766.3676678335961,382.25067934782606,2403.0792596775927,176446.984375,3.55,3.775,0.4500000000000002,0.11920529801324509,179349.5,2902.515625,3.55,0.0,3.775,0.0,0.4500000000000002,0.0,0.11920529801324509,0.0
1372,440,2256,2093-2500,631.2687725583462,187.55623225973378,0.999511431960209,1149.5904699547211,344.84993843410325,1786.006136659489,203866.78125,3.55,3.775,0.4500000000000002,0.11920529801324509,205606.6875,1739.90625,3.55,0.0,3.775,0.0,0.4500000000000002,0.0,0.11920529801324509,0.0
1373,8061,623,428-848,355.8296772374417,150.09757912126625,0.9976585297656171,444.60758565791537,187.08396579908288,915.0764892536636,46507.1640625,4.0,3.575,0.8500000000000001,0.2377622377622378,48151.734375,1644.5703125,3.55,0.4500000000000002,3.575,0.0,0.8500000000000001,0.0,0.2377622377622378,0.0
1374,1393,887,849-1267,382.46832160661313,173.60691461048955,0.9989128925846974,315.01209552977946,157.8408840013587,973.9779878953574,74476.453125,3.55,3.575,0.8500000000000001,0.2377622377622378,75676.2421875,1199.7890625,3.55,0.0,3.775,0.19999999999999973,0.4500000000000002,0.3999999999999999,0.11920529801324509,0.1185569397489927
1375,8834,1175,849-1267,641.8123875518714,245.14579609096361,0.9984054579127355,699.6930061478143,318.5955332880435,1854.48314786441,106708.7734375,3.55,3.775,0.4500000000000002,0.11920529801324509,104529.1171875,2179.65625,3.55,0.0,3.775,0.0,0.4500000000000002,0.0,0.11920529801324509,0.0
1376,1900,2311,2093-2500,865.7527749489122,247.3798201564623,0.9991351647756382,1053.0532389047958,348.50392747961956,2575.776371761374,207027.515625,3.55,3.775,0.4500000000000002,0.11920529801324509,208929.5,1901.984375,3.55,0.0,3.775,0.0,0.4500000000000002,0.0,0.11920529801324509,0.0
1377,81,1575,1268-1678,494.30212373729375,191.99564627632472,0.9994646628528433,745.1204649346612,286.1146717900815,1459.3035214017148,146044.546875,3.55,3.775,0.4500000000000002,0.11920529801324509,146919.765625,875.21875,3.55,0.0,3.775,0.0,0.4500000000000002,0.0,0.11920529801324509,0.0
1378,432,853,849-1267,510.70188180261067,190.23414270311437,0.9978477450147376,700.746681314782,242.6430504840353,1436.5872536167126,69356.5234375,4.0,3.575,0.8500000000000001,0.2377622377622378,71057.4453125,1700.921875,3.55,0.4500000000000002,3.775,0.19999999999999973,0.4500000000000002,0.3999999999999999,0.11920529801324509,0.1185569397489927
1379,9586,801,428-848,392.6906453549244,168.7540859481148,0.9984942833539596,591.7888427676419,257.31412406589675,1076.436278378285,65081.92578125,4.0,3.775,0.4500000000000002,0.11920529801324509,65973.796875,891.87109375,3.55,0.4500000000000002,3.575,0.19999999999999973,0.8500000000000001,0.3999999999999999,0.2377622377622378,0.1185569397489927
1380,2359,75,0-100,106.39024009243273,51.787449937919945,0.9801167631937828,64.64897278532024,34.14416669762653,238.11635923364622,4542.07177734375,3.55,3.825,1.35,0.35294117647058826,4772.369140625,230.29736328125,3.55,0.0,3.825,0.0,1.35,0.0,0.35294117647058826,0.0
1381,7017,2358,2093-2500,4665.455179489383,932.6817456256368,0.9732924495663992,5942.501052243946,1349.9157502547555,11763.66478100417,210186.65625,3.55,3.775,0.4500000000000002,0.11920529801324509,211563.546875,1376.890625,3.55,0.0,3.775,0.0,0.4500000000000002,0.0,0.11920529801324509,0.0
1382,450,2434,2093-2500,158.69805642585558,72.54281717900815,0.999972297728166,122.73819802590927,60.34286897078805,398.30387984178464,215282.921875,3.55,3.775,0.4500000000000002,0.11920529801324509,215802.21875,519.296875,3.55,0.0,3.775,0.0,0.4500000000000002,0.0,0.11920529801324509,0.0
1383,3124,572,428-848,358.1458681982169,157.87949567778213,0.997417793760228,323.66455162222064,171.4945121433424,968.7975538171338,44623.51171875,4.0,3.775,0.4500000000000002,0.11920529801324509,43786.87890625,836.6328125,4.0,0.0,3.575,0.19999999999999973,0.8500000000000001,0.3999999999999999,0.2377622377622378,0.1185569397489927
1384,5706,2180,2093-2500,681.6770165412378,187.33120696848994,0.9994107020824345,1129.0340320065166,292.0164954144022,1995.9866641413887,200741.0,3.55,3.775,0.4500000000000002,0.11920529801324509,200444.546875,296.453125,3.55,0.0,3.775,0.0,0.4500000000000002,0.0,0.11920529801324509,0.0
1385,3414,1696,1679-2092,542.3240969670845,195.50758222298,0.9994519596591617,938.1219023321839,329.3098250679348,1582.2691273502512,161606.578125,3.55,3.775,0.4500000000000002,0.11920529801324509,158504.25,3102.328125,3.55,0.0,3.775,0.0,0.4500000000000002,0.0,0.11920529801324509,0.0
1386,1564,1998,1679-2092,1027.6891319346814,319.86885358462126,0.9985143263836262,790.2181178503116,336.36123259171194,2944.6840294268936,188010.8125,3.55,3.775,0.4500000000000002,0.11920529801324509,184890.078125,3120.734375,3.55,0.0,3.775,0.0,0.4500000000000002,0.0,0.11920529801324509,0.0
1387,8913,558,428-848,427.3178676493877,173.13958498190175,0.9957552016599505,620.9880175537091,233.45123821756115,1242.335911863851,41877.70703125,4.0,3.575,0.8500000000000001,0.2377622377622378,41632.86328125,244.84375,3.55,0.4500000000000002,3.575,0.0,0.8500000000000001,0.0,0.2377622377622378,0.0
1388,9338,630,428-848,307.2107323239547,139.62880584743334,0.9984530507838218,293.3854922866628,139.2884574558424,809.4931675251362,49770.16015625,3.55,3.575,0.8500000000000001,0.2377622377622378,48704.28515625,1065.875,3.55,0.0,3.575,0.0,0.8500000000000001,0.0,0.2377622377622378,0.0
1389,7032,635,428-848,415.57065706246544,180.26114839835788,0.9972946863238263,413.7590251785296,207.0334180748981,1146.2477656883684,50822.19140625,3.55,3.575,0.8500000000000001,0.2377622377622378,49429.0234375,1393.16796875,3.55,0.0,3.575,0.0,0.8500000000000001,0.0,0.2377622377622378,0.0
1390,9612,1936,1679-2092,819.9132385710338,243.92210241486922,0.9989717204592008,350.71291065580874,174.63423488451087,2436.952951234476,178640.8125,3.55,3.775,0.4500000000000002,0.11920529801324509,179500.875,860.0625,3.55,0.0,3.775,0.0,0.4500000000000002,0.0,0.11920529801324509,0.0
1391,5646,575,428-848,283.9985765065244,127.81946647418478,0.9982638425836591,306.8876476082572,128.30951989215353,665.8443165379246,43725.05078125,3.55,3.575,0.8500000000000001,0.2377622377622378,43847.765625,122.71484375,3.55,0.0,3.575,0.0,0.8500000000000001,0.0,0.2377622377622378,0.0
1392,4629,956,849-1267,359.3090174059822,154.2571344089674,0.9991707316052444,171.61800797456124,93.24402916949728,885.219681877514,82685.828125,3.55,3.775,0.4500000000000002,0.11920529801324509,82906.1328125,220.3046875,3.55,0.0,3.775,0.0,0.4500000000000002,0.0,0.11920529801324509,0.0
1393,2778,2154,2093-2500,611.4431983984059,187.86805088275412,0.9995249125265058,718.897733646393,243.01619819972825,1656.715899294393,196712.65625,3.55,3.775,0.4500000000000002,0.11920529801324509,197659.125,946.46875,3.55,0.0,3.775,0.0,0.4500000000000002,0.0,0.11920529801324509,0.0
1394,8297,1102,849-1267,406.58631939928375,172.1173126257855,0.9992703560469617,415.515691694016,171.4127250339674,1088.9721091466174,98597.4921875,3.55,3.775,0.4500000000000002,0.11920529801324509,97548.5390625,1048.953125,3.55,0.0,3.775,0.0,0.4500000000000002,0.0,0.11920529801324509,0.0
1395,8125,1368,1268-1678,310.654267603204,147.22319383133598,0.9997318593816695,360.0592033527916,173.00709069293478,777.6118666135748,126564.1328125,3.55,3.775,0.4500000000000002,0.11920529801324509,126101.0078125,463.125,3.55,0.0,3.775,0.0,0.4500000000000002,0.0,0.11920529801324509,0.0
1396,9170,2155,2093-2500,891.9213407928045,238.89818586452319,0.9990056911314423,1033.92889624075,305.5549740998641,2628.581889647242,197449.09375,3.55,3.775,0.4500000000000002,0.11920529801324509,198196.5625,747.46875,3.55,0.0,3.775,0.0,0.4500000000000002,0.0,0.11920529801324509,0.0
1397,6183,803,428-848,498.9206826033066,190.69258901274307,0.9976026481435082,484.4689845508268,141.0298382302989,1311.256657458192,67761.484375,3.55,3.775,0.4500000000000002,0.11920529801324509,67830.171875,68.6875,3.55,0.0,3.775,0.0,0.4500000000000002,0.0,0.11920529801324509,0.0
1398,7356,1997,1679-2092,522.7731106677883,203.34141036881155,0.9996027535107869,550.8439796832517,233.8792034646739,1453.1647513481369,183275.9375,3.55,3.775,0.4500000000000002,0.11920529801324509,185306.375,2030.4375,3.55,0.0,3.775,0.0,0.4500000000000002,0.0,0.11920529801324509,0.0
1399,3475,888,849-1267,335.5417021346046,154.00162418597677,0.9991590974162881,330.24290368699417,176.15885593580163,798.8131328454151,75241.6640625,3.55,3.775,0.4500000000000002,0.11920529801324509,75782.203125,540.5390625,3.55,0.0,3.775,0.0,0.4500000000000002,0.0,0.11920529801324509,0.0
1400,7255,1601,1268-1678,493.0938132923513,202.6894983374554,0.999482848875688,648.4649115578911,249.19367781929347,1350.895570956119,146931.53125,3.55,3.775,0.4500000000000002,0.11920529801324509,149743.046875,2811.515625,3.55,0.0,3.775,0.0,0.4500000000000002,0.0,0.11920529801324509,0.0
1401,8924,575,428-848,331.3252733478807,139.85166241620934,0.9977228500840651,402.39857982007027,168.97917374320653,902.4436548827624,44011.90625,4.0,3.575,0.8500000000000001,0.2377622377622378,43862.90625,149.0,3.55,0.4500000000000002,3.575,0.0,0.8500000000000001,0.0,0.2377622377622378,0.0
1402,5,645,428-848,424.38385707798085,166.68196287204907,0.9971654512986589,337.465567079475,136.91524074388587,1063.2362049364567,51632.01171875,3.55,3.575,0.8500000000000001,0.2377622377622378,50844.4296875,787.58203125,3.55,0.0,3.575,0.0,0.8500000000000001,0.0,0.2377622377622378,0.0
1403,1621,1602,1268-1678,468.61707239078805,193.6246368185292,0.9995478572715473,452.3551174037576,186.62067977241847,1242.5857081237727,147555.234375,3.55,3.775,0.4500000000000002,0.11920529801324509,149296.46875,1741.234375,3.55,0.0,3.775,0.0,0.4500000000000002,0.0,0.11920529801324509,0.0
1404,442,1024,849-1267,448.86599628824433,184.45883491210938,0.9989515286082365,587.420414760929,234.16319739300272,1233.4678879059204,88332.4375,3.55,3.775,0.4500000000000002,0.11920529801324509,89827.1171875,1494.6796875,3.55,0.0,3.775,0.0,0.4500000000000002,0.0,0.11920529801324509,0.0
1405,9053,1582,1268-1678,565.3969964071515,201.23435457232932,0.9992954515976873,772.3819511079088,273.9015688688859,1636.3693216764846,144718.59375,3.55,3.775,0.4500000000000002,0.11920529801324509,147578.28125,2859.6875,3.55,0.0,3.775,0.0,0.4500000000000002,0.0,0.11920529801324509,0.0
1406,8113,362,280-427,248.3249924861933,106.02273581682289,0.9964662675994281,220.25254873740877,87.89989438264266,632.2735906723049,25861.7578125,3.55,3.825,1.35,0.35294117647058826,24892.884765625,968.873046875,3.55,0.0,3.825,0.0,1.35,0.0,0.35294117647058826,0.0
1407,5505,1378,1268-1678,462.0027779219019,201.8165383481233,0.9994284645325475,725.392727951937,301.0236179517663,1267.5082810483714,127468.0703125,3.55,3.775,0.4500000000000002,0.11920529801324509,125749.03125,1719.0390625,3.55,0.0,3.775,0.0,0.4500000000000002,0.0,0.11920529801324509,0.0
1408,5452,666,428-848,290.9129098802207,140.366938082355,0.9987973149313573,293.0546591903543,151.396728515625,706.2353236334386,53297.37109375,4.0,3.775,0.4500000000000002,0.11920529801324509,52748.53125,548.83984375,3.55,0.4500000000000002,3.575,0.19999999999999973,0.8500000000000001,0.3999999999999999,0.2377622377622378,0.1185569397489927
1409,7958,1525,1268-1678,401.7249296222095,184.1582569741954,0.9996365123640755,473.6850883761453,200.53392493206522,1041.3417529800824,144024.296875,3.55,3.775,0.4500000000000002,0.11920529801324509,142026.359375,1997.9375,3.55,0.0,3.775,0.0,0.4500000000000002,0.0,0.11920529801324509,0.0
1410,1383,851,849-1267,314.1209640875449,146.04959842635444,0.9992107275644431,219.3590290843787,110.27548615828805,779.1950437924364,71530.140625,3.55,3.575,0.8500000000000001,0.2377622377622378,72269.203125,739.0625,3.55,0.0,3.775,0.19999999999999973,0.4500000000000002,0.3999999999999999,0.11920529801324509,0.1185569397489927
1411,7022,2128,2093-2500,544.5410647415284,180.45020965178117,0.9996126491534746,536.4955363054842,188.12761124320653,1400.7983283037115,196783.375,3.55,3.775,0.4500000000000002,0.11920529801324509,196448.0625,335.3125,3.55,0.0,3.775,0.0,0.4500000000000002,0.0,0.11920529801324509,0.0
1412,9386,1349,1268-1678,627.8296879067425,233.08037166748048,0.998803334713076,866.2748370423111,243.64589525305706,1793.752432732333,119376.7734375,3.55,3.775,0.4500000000000002,0.11920529801324509,123501.0234375,4124.25,3.55,0.0,3.775,0.0,0.4500000000000002,0.0,0.11920529801324509,0.0
1413,7291,611,428-848,446.9652420545011,178.35712732371454,0.9963730844975578,474.51945203777115,210.27256973930028,1298.1134426377166,47659.5703125,4.0,3.575,0.8500000000000001,0.2377622377622378,46671.03515625,988.53515625,3.55,0.4500000000000002,3.575,0.0,0.8500000000000001,0.0,0.2377622377622378,0.0
1414,8493,442,428-848,276.4650094111967,114.93667815100629,0.9969209854933447,219.1024149503705,93.09933338994566,673.6707137121762,31060.205078125,3.55,3.575,0.8500000000000001,0.2377622377622378,31173.337890625,113.1328125,3.55,0.0,3.825,0.25,1.35,0.5,0.35294117647058826,0.11517893870835047
1415,3687,1857,1679-2092,1729.1490412907594,381.9829065453571,0.9950300991230443,2363.233352843815,613.6071246603261,4287.712416665791,172735.984375,3.55,3.775,0.4500000000000002,0.11920529801324509,173589.4375,853.453125,3.55,0.0,3.775,0.0,0.4500000000000002,0.0,0.11920529801324509,0.0
1416,9818,557,428-848,347.1474026853355,147.9497329883078,0.9974107604078477,346.639240084368,139.70516569718072,945.0354840091342,43469.265625,3.55,3.575,0.8500000000000001,0.2377622377622378,41983.87890625,1485.38671875,3.55,0.0,3.575,0.0,0.8500000000000001,0.0,0.2377622377622378,0.0
1417,1735,2028,1679-2092,435.55396273557113,160.37950259213656,0.9997389336728385,310.786637106108,152.09261421535325,1085.661182336524,189162.515625,3.55,3.775,0.4500000000000002,0.11920529801324509,188379.421875,783.09375,3.55,0.0,3.775,0.0,0.4500000000000002,0.0,0.11920529801324509,0.0
1418,2035,172,160-279,180.17824558667857,86.31907359707044,0.990132145216112,259.34843874317096,106.91610054347827,468.070818538994,11518.353515625,4.0,3.825,1.35,0.35294117647058826,10634.6240234375,883.7294921875,3.55,0.4500000000000002,3.825,0.0,1.35,0.0,0.35294117647058826,0.0
1419,4159,2022,1679-2092,1479.687951065809,392.20036970015815,0.9969354631280225,1959.2558691964985,520.59765625,4323.852907653354,189541.265625,3.55,3.775,0.4500000000000002,0.11920529801324509,189651.046875,109.78125,3.55,0.0,3.775,0.0,0.4500000000000002,0.0,0.11920529801324509,0.0
1420,1532,549,428-848,291.84411136436296,138.37896863187706,0.9978561283373605,371.55240057629294,159.6465480638587,752.3448813976074,39669.375,4.0,3.575,0.8500000000000001,0.2377622377622378,40454.921875,785.546875,3.55,0.4500000000000002,3.575,0.0,0.8500000000000001,0.0,0.2377622377622378,0.0
1421,718,1329,1268-1678,1307.4062685664087,423.6777179151452,0.9949791594339268,2070.6462943860533,669.4410984205163,4016.7196786008562,115199.9765625,3.55,3.775,0.4500000000000002,0.11920529801324509,122025.0625,6825.0859375,3.55,0.0,3.775,0.0,0.4500000000000002,0.0,0.11920529801324509,0.0
1422,9815,913,849-1267,531.2368270509152,210.66494353558085,0.9979197000684219,761.4868475785008,276.0351509425951,1526.355455136913,76668.40625,3.55,3.575,0.8500000000000001,0.2377622377622378,77681.578125,1013.171875,3.55,0.0,3.775,0.19999999999999973,0.4500000000000002,0.3999999999999999,0.11920529801324509,0.1185569397489927
1423,998,386,280-427,264.0728579907172,115.47465415543266,0.9962081261070863,338.70309285959894,151.98194155485734,696.1510518716394,28570.318359375,3.55,3.825,1.35,0.35294117647058826,27364.193359375,1206.125,3.55,0.0,3.825,0.0,1.35,0.0,0.35294117647058826,0.0
1424,6088,426,280-427,320.3235835525638,137.88867596123737,0.9953968756233235,402.68694944211734,155.46357262652853,855.9948975837862,29910.431640625,4.0,3.825,1.35,0.35294117647058826,30075.8203125,165.388671875,3.55,0.4500000000000002,3.825,0.0,1.35,0.0,0.35294117647058826,0.0
1425,6798,1435,1268-1678,495.89849366079653,201.4848207656197,0.9993756303292388,500.7703938417659,221.5233313519022,1443.4332196361488,134427.21875,3.55,3.775,0.4500000000000002,0.11920529801324509,132379.5625,2047.65625,3.55,0.0,3.775,0.0,0.4500000000000002,0.0,0.11920529801324509,0.0
1426,1499,1954,1679-2092,592.0747430187737,191.15936092894182,0.9994896803184661,515.5477093917722,168.42777683423913,1755.1186543698807,183248.625,3.55,3.775,0.4500000000000002,0.11920529801324509,182891.859375,356.765625,3.55,0.0,3.775,0.0,0.4500000000000002,0.0,0.11920529801324509,0.0
1427,1508,1178,849-1267,468.30196402424514,192.16323952052903,0.9991368325918539,567.3561664698028,187.06357209578803,1326.7097719163035,103232.1796875,3.55,3.775,0.4500000000000002,0.11920529801324509,105827.2109375,2595.03125,3.55,0.0,3.775,0.0,0.4500000000000002,0.0,0.11920529801324509,0.0
1428,279,1357,1268-1678,355.32243791834253,161.95461891930623,0.999632741160016,237.16565238472955,146.86060631793478,936.1384527426937,124893.078125,3.55,3.775,0.4500000000000002,0.11920529801324509,124220.1015625,672.9765625,3.55,0.0,3.775,0.0,0.4500000000000002,0.0,0.11920529801324509,0.0
1429,8469,127,101-159,118.50851386640173,55.651090092451675,0.9910214277163303,151.32517393643164,59.127782407014266,285.6296711915494,7498.20556640625,4.0,3.825,1.35,0.35294117647058826,8000.58203125,502.37646484375,3.55,0.4500000000000002,3.825,0.0,1.35,0.0,0.35294117647058826,0.0
1430,7063,10,0-100,95.98998063611094,49.73831297337957,0.4179947152999818,55.17728867747667,26.077167262201723,235.13186794177165,557.3467407226562,4.0,3.825,1.35,0.35294117647058826,571.8331909179688,14.4864501953125,4.0,0.0,3.825,0.0,1.35,0.0,0.35294117647058826,0.0
1431,8151,1115,849-1267,364.5614181338641,154.72714833095384,0.9994283252674212,347.78335215666607,136.22073496942934,900.4900400328577,98570.4609375,3.55,3.775,0.4500000000000002,0.11920529801324509,99083.15625,512.6953125,3.55,0.0,3.775,0.0,0.4500000000000002,0.0,0.11920529801324509,0.0
1432,8257,1914,1679-2092,1075.2222236592452,321.2880338124151,0.9982097022355765,1545.4343806909508,433.3466159986413,3035.070839206616,181554.265625,3.55,3.775,0.4500000000000002,0.11920529801324509,179364.65625,2189.609375,3.55,0.0,3.775,0.0,0.4500000000000002,0.0,0.11920529801324509,0.0
1433,8241,1412,1268-1678,804.7805501359497,275.35169735266646,0.9983072613476727,1103.8336038733069,372.4816257642663,2446.3239647794026,126678.7265625,3.55,3.775,0.4500000000000002,0.11920529801324509,130899.8125,4221.0859375,3.55,0.0,3.775,0.0,0.4500000000000002,0.0,0.11920529801324509,0.0
1434,7751,531,428-848,355.41577865880157,140.57225044290294,0.9970756556253824,435.39876471857343,158.81135890794837,1001.394144335292,41294.6796875,3.55,3.575,0.8500000000000001,0.2377622377622378,39962.4453125,1332.234375,4.0,0.4500000000000002,3.575,0.0,0.8500000000000001,0.0,0.2377622377622378,0.0
1435,4506,2091,1679-2092,1237.4579052841298,291.1888929829473,0.9978936790305146,2187.3532501796053,574.0235967221467,3767.5672648126333,192282.3125,3.55,3.775,0.4500000000000002,0.11920529801324509,193110.125,827.8125,3.55,0.0,3.775,0.0,0.4500000000000002,0.0,0.11920529801324509,0.0
1436,4785,58,0-100,109.36252673639854,53.70026059947221,0.9612192008263266,98.45854561853034,40.131245488705844,232.80753935821605,3412.086181640625,3.55,3.825,1.35,0.35294117647058826,3848.939697265625,436.853515625,3.55,0.0,3.825,0.0,1.35,0.0,0.35294117647058826,0.0
1437,1661,1488,1268-1678,364.89429826199984,172.45475616959283,0.9996774955351471,368.6631401728943,171.5355065387228,955.7664930177559,136910.703125,3.55,3.775,0.4500000000000002,0.11920529801324509,138037.453125,1126.75,3.55,0.0,3.775,0.0,0.4500000000000002,0.0,0.11920529801324509,0.0
1438,7904,2192,2093-2500,566.4375948694071,177.30230615446672,0.9995983495036438,394.83034719374416,156.1370265794837,1521.1323513328744,199644.40625,3.55,3.775,0.4500000000000002,0.11920529801324509,200346.140625,701.734375,3.55,0.0,3.775,0.0,0.4500000000000002,0.0,0.11920529801324509,0.0
1439,4630,1593,1268-1678,409.8027392715356,169.94824966934868,0.9996590700446603,411.37952631341733,163.2203422214674,1099.678489617109,150706.71875,3.55,3.775,0.4500000000000002,0.11920529801324509,149300.25,1406.46875,3.55,0.0,3.775,0.0,0.4500000000000002,0.0,0.11920529801324509,0.0
1440,2165,907,849-1267,302.2169497748625,137.60479948757006,0.9993850263566152,455.234081893715,192.0032428243886,792.1130952891291,78403.390625,3.55,3.775,0.4500000000000002,0.11920529801324509,78377.921875,25.46875,3.55,0.0,3.775,0.0,0.4500000000000002,0.0,0.11920529801324509,0.0
1441,7754,1772,1679-2092,666.2970579116413,235.193299455991,0.9992188177153827,913.9952918658616,350.2180281929348,2008.1927945645734,162460.3125,3.55,3.775,0.4500000000000002,0.11920529801324509,165710.03125,3249.71875,3.55,0.0,3.775,0.0,0.4500000000000002,0.0,0.11920529801324509,0.0
1442,2420,102,101-159,106.17820898516432,56.29181073385736,0.9875225583105962,88.95093478669226,42.79536238960598,205.43387788218897,6325.859375,3.55,3.825,1.35,0.35294117647058826,6327.8154296875,1.9560546875,3.55,0.0,3.825,0.0,1.35,0.0,0.35294117647058826,0.0
1443,7178,954,849-1267,463.4158762375947,186.25615383061947,0.9987449020210947,601.418181880154,211.07809315557066,1329.7393248905466,84486.34375,3.55,3.775,0.4500000000000002,0.11920529801324509,81723.4609375,2762.8828125,3.55,0.0,3.775,0.0,0.4500000000000002,0.0,0.11920529801324509,0.0
1444,669,1111,849-1267,618.7188334334259,215.15918304655656,0.9984310078610752,730.4478795873538,216.86312202785325,1841.002505719686,102573.25,3.55,3.775,0.4500000000000002,0.11920529801324509,99126.6796875,3446.5703125,3.55,0.0,3.775,0.0,0.4500000000000002,0.0,0.11920529801324509,0.0
1445,6207,802,428-848,421.4032446241873,183.82973404733409,0.9983515562501697,463.48579221853083,209.75473420516303,1153.3992647274192,65795.7421875,3.55,3.575,0.8500000000000001,0.2377622377622378,67106.6171875,1310.875,3.55,0.0,3.575,0.0,0.8500000000000001,0.0,0.2377622377622378,0.0
1446,4831,1099,849-1267,767.8758731216768,264.74031438837466,0.9971950513831406,962.1591067953482,333.902295983356,2238.2944068506868,95089.7890625,3.55,3.775,0.4500000000000002,0.11920529801324509,96912.7265625,1822.9375,3.55,0.0,3.775,0.0,0.4500000000000002,0.0,0.11920529801324509,0.0
1447,9716,735,428-848,432.8052777983355,184.48214130700154,0.9978213075975206,554.7239709030066,253.1664402173913,1161.9459220493652,61457.43359375,3.55,3.775,0.4500000000000002,0.11920529801324509,59448.65625,2008.77734375,3.55,0.0,3.575,0.19999999999999973,0.8500000000000001,0.3999999999999999,0.2377622377622378,0.1185569397489927
1448,7169,1280,1268-1678,473.2360309561253,214.216667082148,0.9992836219111049,538.5127827796587,268.0853855298913,1257.699054415029,119050.8984375,3.55,3.775,0.4500000000000002,0.11920529801324509,117108.9296875,1941.96875,3.55,0.0,3.775,0.0,0.4500000000000002,0.0,0.11920529801324509,0.0
1449,9850,2311,2093-2500,380.1041569106218,129.89761129628056,0.9998331528146092,440.2992693305679,149.179443359375,880.3011293022247,209141.796875,3.55,3.775,0.4500000000000002,0.11920529801324509,208588.875,552.921875,3.55,0.0,3.775,0.0,0.4500000000000002,0.0,0.11920529801324509,0.0
1450,4263,1286,1268-1678,569.0610662674794,217.0106866624915,0.9990020204141945,365.0415551485181,144.50119947350544,1584.726451457551,118142.3984375,3.55,3.775,0.4500000000000002,0.11920529801324509,116537.4765625,1604.921875,3.55,0.0,3.775,0.0,0.4500000000000002,0.0,0.11920529801324509,0.0
1451,3148,1387,1268-1678,397.0398604730686,173.79091872558593,0.9995671399011062,179.43048465429806,96.05917756453805,842.1248352061074,127714.546875,3.55,3.775,0.4500000000000002,0.11920529801324509,127955.4375,240.890625,3.55,0.0,3.775,0.0,0.4500000000000002,0.0,0.11920529801324509,0.0
1452,2361,1653,1268-1678,446.4067813828029,177.24443323868462,0.9996146717793896,518.1403075494873,187.3633873980978,1260.4165215776745,157127.59375,3.55,3.775,0.4500000000000002,0.11920529801324509,154784.0625,2343.53125,3.55,0.0,3.775,0.0,0.4500000000000002,0.0,0.11920529801324509,0.0
1453,2344,1159,849-1267,479.16971662889114,199.86926778670602,0.9991071632340842,283.74655814067637,134.5753173828125,1163.4443158812414,105574.6171875,3.55,3.775,0.4500000000000002,0.11920529801324509,104345.5625,1229.0546875,3.55,0.0,3.775,0.0,0.4500000000000002,0.0,0.11920529801324509,0.0
1454,1526,217,160-279,202.27977687012532,88.58025745823072,0.9928387494463748,226.81279628895862,99.56394361413044,534.8781236821665,14619.14453125,4.0,3.825,1.35,0.35294117647058826,13879.8671875,739.27734375,3.55,0.4500000000000002,3.825,0.0,1.35,0.0,0.35294117647058826,0.0
1455,3909,561,428-848,519.7983531074656,191.65974516090725,0.9936135477210554,687.3164732848937,231.39204473080844,1457.1779599025826,41254.23828125,3.55,3.575,0.8500000000000001,0.2377622377622378,40473.8515625,780.38671875,3.55,0.0,3.575,0.0,0.8500000000000001,0.0,0.2377622377622378,0.0
1456,2665,2147,2093-2500,1230.8223482685953,312.9584471318784,0.9980618820247458,1432.0979968207955,396.6608249830163,3268.6058674786173,195843.734375,3.55,3.775,0.4500000000000002,0.11920529801324509,197008.1875,1164.453125,3.55,0.0,3.775,0.0,0.4500000000000002,0.0,0.11920529801324509,0.0
1457,2827,2129,2093-2500,748.0616791993616,244.35645671957263,0.9992737706657787,456.9520975967525,220.5072711447011,1845.0249160369433,197780.5,3.55,3.775,0.4500000000000002,0.11920529801324509,196168.015625,1612.484375,3.55,0.0,3.775,0.0,0.4500000000000002,0.0,0.11920529801324509,0.0
1458,2260,534,428-848,311.04869944917846,133.85116545363715,0.9978486128951549,299.2442155449972,132.3975989300272,882.9002371530381,41332.28515625,3.55,3.575,0.8500000000000001,0.2377622377622378,40264.2578125,1068.02734375,4.0,0.4500000000000002,3.575,0.0,0.8500000000000001,0.0,0.2377622377622378,0.0
1459,3027,2114,2093-2500,510.7623172603887,175.76146869188392,0.9996565670191645,513.2404166784402,181.90903108016303,1508.925513801831,194872.421875,3.55,3.775,0.4500000000000002,0.11920529801324509,195062.921875,190.5,3.55,0.0,3.775,0.0,0.4500000000000002,0.0,0.11920529801324509,0.0
1460,8747,1021,849-1267,589.7568196994713,219.62921450142238,0.9981989234739836,768.9415774132023,285.1385020380435,1747.398929084614,87916.3125,3.55,3.775,0.4500000000000002,0.11920529801324509,88880.9765625,964.6640625,3.55,0.0,3.775,0.0,0.4500000000000002,0.0,0.11920529801324509,0.0
1461,1058,2118,2093-2500,416.65669893035033,151.61708970575748,0.9997762176054953,358.5281019585879,136.73661472486413,1191.576069720221,195642.375,3.55,3.775,0.4500000000000002,0.11920529801324509,195395.953125,246.421875,3.55,0.0,3.775,0.0,0.4500000000000002,0.0,0.11920529801324509,0.0
1462,1081,492,428-848,305.8511196260634,126.73437681327488,0.9973813666548187,369.69643152662076,122.7522317637568,855.902578618033,37186.8359375,4.0,3.575,0.8500000000000001,0.2377622377622378,35620.171875,1566.6640625,3.55,0.4500000000000002,3.575,0.0,0.8500000000000001,0.0,0.2377622377622378,0.0
1463,1815,1813,1679-2092,842.9810992773646,271.9208822265625,0.9988169191085626,1230.9467376414416,422.5219408118206,2588.4847909595183,166506.0,3.55,3.775,0.4500000000000002,0.11920529801324509,169873.015625,3367.015625,3.55,0.0,3.775,0.0,0.4500000000000002,0.0,0.11920529801324509,0.0
1464,6052,756,428-848,503.0893196343602,186.58796545887822,0.997342054332537,569.2136078717195,232.0603558084239,1325.4878309739536,61497.1015625,4.0,3.575,0.8500000000000001,0.2377622377622378,61041.38671875,455.71484375,3.55,0.4500000000000002,3.575,0.0,0.8500000000000001,0.0,0.2377622377622378,0.0
1465,1296,2229,2093-2500,364.739144055152,132.93456027407439,0.9998368286463403,182.49632005162903,108.11936353600544,924.0633367758469,202697.625,3.55,3.775,0.4500000000000002,0.11920529801324509,203116.4375,418.8125,3.55,0.0,3.775,0.0,0.4500000000000002,0.0,0.11920529801324509,0.0
1466,9231,361,280-427,246.90432145968762,106.9240344655576,0.9957768014998744,217.12020814083806,100.2052532693614,561.2644639002478,24618.669921875,3.55,3.825,1.35,0.35294117647058826,24334.669921875,284.0,3.55,0.0,3.825,0.0,1.35,0.0,0.35294117647058826,0.0
1467,6576,1061,849-1267,382.0737351807135,166.8729886352539,0.9993002366470056,347.5978454079794,149.78129776664403,1036.7412310306167,94975.203125,3.55,3.775,0.4500000000000002,0.11920529801324509,93756.421875,1218.78125,3.55,0.0,3.775,0.0,0.4500000000000002,0.0,0.11920529801324509,0.0
1468,5623,1751,1679-2092,563.3894996506191,207.23870142264988,0.9994340116394175,537.1031647511788,213.43374235733697,1563.48187043989,162359.453125,3.55,3.775,0.4500000000000002,0.11920529801324509,163904.796875,1545.34375,3.55,0.0,3.775,0.0,0.4500000000000002,0.0,0.11920529801324509,0.0
1469,4924,2329,2093-2500,382.05805024637806,131.7023155634341,0.999829603045013,475.18494946821505,155.5935589334239,1043.7832686650318,209125.921875,3.55,3.775,0.4500000000000002,0.11920529801324509,209716.65625,590.734375,3.55,0.0,3.775,0.0,0.4500000000000002,0.0,0.11920529801324509,0.0
1470,2499,324,280-427,208.12745741734176,91.90899216172592,0.9965943817630921,183.22861097127898,89.8703082540761,468.51188762021536,22348.58203125,4.0,3.825,1.35,0.35294117647058826,21791.45703125,557.125,3.55,0.4500000000000002,3.825,0.0,1.35,0.0,0.35294117647058826,0.0
1471,528,1930,1679-2092,837.9108525368054,255.17126283648946,0.9989745809445654,1250.9788817399126,386.6067531419837,2495.1226802236197,181492.421875,3.55,3.775,0.4500000000000002,0.11920529801324509,180136.6875,1355.734375,3.55,0.0,3.775,0.0,0.4500000000000002,0.0,0.11920529801324509,0.0
1472,8944,1378,1268-1678,938.6520760830248,330.16258107830544,0.9976338458180602,1478.3776700963335,489.7912013841712,2832.5031845752865,134242.6875,3.55,3.775,0.4500000000000002,0.11920529801324509,127671.59375,6571.09375,3.55,0.0,3.775,0.0,0.4500000000000002,0.0,0.11920529801324509,0.0
1473,5091,2024,1679-2092,2555.2534323122104,533.040457896357,0.9907095532427387,3266.0781476112597,838.2305218240489,7550.23030258834,189492.921875,3.55,3.775,0.4500000000000002,0.11920529801324509,189582.90625,89.984375,3.55,0.0,3.775,0.0,0.4500000000000002,0.0,0.11920529801324509,0.0
1474,1219,889,849-1267,486.71131351823396,199.37206569134256,0.998334384617946,702.6722230652001,276.0004723590353,1349.2114571809434,78516.8671875,3.55,3.775,0.4500000000000002,0.11920529801324509,75687.59375,2829.2734375,3.55,0.0,3.775,0.0,0.4500000000000002,0.0,0.11920529801324509,0.0
1475,4382,1672,1268-1678,326.7487449049462,147.35873777863875,0.9997928784883185,178.91589746020148,104.59912109375,838.9787418807313,156293.125,3.55,3.775,0.4500000000000002,0.11920529801324509,156089.703125,203.421875,3.55,0.0,3.775,0.0,0.4500000000000002,0.0,0.11920529801324509,0.0
1476,4410,1027,849-1267,503.9594368256457,204.57692224041483,0.9986335754381466,553.2998069865159,233.10837190047553,1372.136279459004,88313.7734375,3.55,3.775,0.4500000000000002,0.11920529801324509,89865.90625,1552.1328125,3.55,0.0,3.775,0.0,0.4500000000000002,0.0,0.11920529801324509,0.0
1477,6090,758,428-848,573.8707294281035,209.20557026473335,0.9961062926436413,827.6139106746889,268.5918074898098,1647.2469543667576,57704.62109375,4.0,3.575,0.8500000000000001,0.2377622377622378,60753.19921875,3048.578125,3.55,0.4500000000000002,3.575,0.0,0.8500000000000001,0.0,0.2377622377622378,0.0
1478,333,978,849-1267,467.86690187048936,185.98774912557187,0.9987185818254254,238.90138478103077,113.0258258322011,1171.5644437233293,85570.9921875,3.55,3.775,0.4500000000000002,0.11920529801324509,84559.03125,1011.9609375,3.55,0.0,3.775,0.0,0.4500000000000002,0.0,0.11920529801324509,0.0
1479,8374,2121,2093-2500,393.20640069417317,149.70665830821162,0.9997991682476394,373.3450166872287,168.77670686141303,1086.7201824976323,196359.84375,3.55,3.775,0.4500000000000002,0.11920529801324509,194813.1875,1546.65625,3.55,0.0,3.775,0.0,0.4500000000000002,0.0,0.11920529801324509,0.0
1480,6193,1050,849-1267,495.2183234470905,200.0057296357528,0.9987580105722211,539.7792578955956,197.1616370159647,1348.2821337628618,93760.640625,3.55,3.775,0.4500000000000002,0.11920529801324509,93135.75,624.890625,3.55,0.0,3.775,0.0,0.4500000000000002,0.0,0.11920529801324509,0.0
1481,3590,1226,849-1267,436.16380517208813,166.0910636087169,0.999327738287276,563.2870152639241,208.6102454144022,1256.9353551000922,111927.3984375,3.55,3.775,0.4500000000000002,0.11920529801324509,111691.359375,236.0390625,3.55,0.0,3.775,0.0,0.4500000000000002,0.0,0.11920529801324509,0.0
1482,4783,1274,1268-1678,477.57406486740274,193.18998755731997,0.9992350144693847,519.3257614828142,213.76602305536684,1309.6693681823176,114890.0,3.55,3.775,0.4500000000000002,0.11920529801324509,115640.53125,750.53125,3.55,0.0,3.775,0.0,0.4500000000000002,0.0,0.11920529801324509,0.0
1483,7819,400,280-427,252.20822851876972,108.89895156356148,0.9969877035406592,177.46544174617736,93.99558689283288,548.5419015284361,28583.873046875,3.55,3.825,1.35,0.35294117647058826,28196.794921875,387.078125,3.55,0.0,3.825,0.0,1.35,0.0,0.35294117647058826,0.0
1484,4137,1540,1268-1678,364.3582513871238,166.3604308530061,0.9997130745903794,287.1157234399053,169.7080078125,935.9124558846904,144502.625,3.55,3.775,0.4500000000000002,0.11920529801324509,143763.46875,739.15625,3.55,0.0,3.775,0.0,0.4500000000000002,0.0,0.11920529801324509,0.0
1485,3606,900,849-1267,433.90944681457626,173.19931908728557,0.9985934809788234,525.3242776850295,232.52432914402175,1241.3872570751992,74686.1171875,3.55,3.775,0.4500000000000002,0.11920529801324509,76554.71875,1868.6015625,3.55,0.0,3.775,0.0,0.4500000000000002,0.0,0.11920529801324509,0.0
1486,4371,1914,1679-2092,1252.9431568180814,367.1494007159689,0.9976270983732385,1949.646571144558,605.0830290421196,3800.393623478083,175231.875,3.55,3.775,0.4500000000000002,0.11920529801324509,178123.3125,2891.4375,3.55,0.0,3.775,0.0,0.4500000000000002,0.0,0.11920529801324509,0.0
1487,675,1573,1268-1678,476.71183745487315,184.9147671062967,0.9995219211700609,717.6178772112456,261.5487219769022,1337.9880660175795,146466.4375,3.55,3.775,0.4500000000000002,0.11920529801324509,147226.3125,759.875,3.55,0.0,3.775,0.0,0.4500000000000002,0.0,0.11920529801324509,0.0
1488,5952,29,0-100,84.41708059667599,44.279748313688195,0.9157474193307897,17.91473615635815,13.037966852602752,177.40328449019202,1719.1661376953125,3.55,3.825,1.35,0.35294117647058826,1759.8731689453125,40.70703125,3.55,0.0,3.825,0.0,1.35,0.0,0.35294117647058826,0.0
1489,3375,1868,1679-2092,382.8217186358519,159.20863855086617,0.9997659815823363,237.42691386016156,129.7357761548913,849.371389029269,173622.65625,3.55,3.775,0.4500000000000002,0.11920529801324509,173665.125,42.46875,3.55,0.0,3.775,0.0,0.4500000000000002,0.0,0.11920529801324509,0.0
1490,1137,546,428-848,452.95318117256124,162.55176907521124,0.9956544957180403,623.5684842528653,197.96903659986413,1306.7181838569109,44375.5703125,3.55,3.575,0.8500000000000001,0.2377622377622378,41693.81640625,2681.75390625,4.0,0.4500000000000002,3.575,0.0,0.8500000000000001,0.0,0.2377622377622378,0.0
1491,8941,123,101-159,157.36429612683844,71.77552010147261,0.9869796864652374,168.3362985346544,70.08123646611753,412.5748294599694,7938.6943359375,4.0,3.825,1.35,0.35294117647058826,7364.78125,573.9130859375,3.55,0.4500000000000002,3.825,0.0,1.35,0.0,0.35294117647058826,0.0
1492,5004,1683,1679-2092,612.2864339609706,230.22676445410355,0.9992676216743955,728.1383092244401,281.2976180366848,1793.8043317174934,153075.515625,3.55,3.775,0.4500000000000002,0.11920529801324509,156381.125,3305.609375,3.55,0.0,3.775,0.0,0.4500000000000002,0.0,0.11920529801324509,0.0
1493,437,579,428-848,568.134020993557,217.19736287921407,0.9937016068673173,690.6137553822351,278.334740680197,1623.6350410381824,45838.765625,3.55,3.775,0.4500000000000002,0.11920529801324509,43707.140625,2131.625,4.0,0.4500000000000002,3.575,0.19999999999999973,0.8500000000000001,0.3999999999999999,0.2377622377622378,0.1185569397489927
1494,491,1947,1679-2092,2576.819944959034,549.4866191358483,0.9909292746552317,3693.2895106246415,840.31640625,7926.312483889722,181556.515625,3.55,3.775,0.4500000000000002,0.11920529801324509,181499.15625,57.359375,3.55,0.0,3.775,0.0,0.4500000000000002,0.0,0.11920529801324509,0.0
1495,2189,62,0-100,101.12628052445358,52.44087845804795,0.9728809207361697,67.9994312912506,30.890581877335258,213.2859363440732,3827.296875,4.0,3.825,1.35,0.35294117647058826,3920.845947265625,93.549072265625,3.55,0.4500000000000002,3.825,0.0,1.35,0.0,0.35294117647058826,0.0
1496,4802,1843,1679-2092,471.66990346518094,179.93055404477326,0.9996438945505887,231.13467377267125,132.03817085597825,1379.5805085556244,173135.28125,3.55,3.775,0.4500000000000002,0.11920529801324509,172703.84375,431.4375,3.55,0.0,3.775,0.0,0.4500000000000002,0.0,0.11920529801324509,0.0
1497,5668,2018,1679-2092,411.6592909566869,146.84800530342434,0.9997623467212042,250.6012957512582,96.75234587296195,1037.2415759825744,187203.59375,3.55,3.775,0.4500000000000002,0.11920529801324509,187062.421875,141.171875,3.55,0.0,3.775,0.0,0.4500000000000002,0.0,0.11920529801324509,0.0
1498,5729,2254,2093-2500,490.5325996274548,157.7102602446183,0.9997077765605686,254.32015716654823,105.86678413722827,1199.3382258898296,203704.875,3.55,3.775,0.4500000000000002,0.11920529801324509,204849.765625,1144.890625,3.55,0.0,3.775,0.0,0.4500000000000002,0.0,0.11920529801324509,0.0
1499,9864,798,428-848,407.5544754875115,169.82620398612644,0.9984405040646914,504.9998926809225,207.89052946671197,1074.913367788158,66326.0390625,3.55,3.775,0.4500000000000002,0.11920529801324509,64791.59375,1534.4453125,3.55,0.0,3.575,0.19999999999999973,0.8500000000000001,0.3999999999999999,0.2377622377622378,0.1185569397489927
